venue,year,paper_type,title,speakers,authors,affiliations,abstract,arxiv_ids,presentation_url,video_url,youtube_id,session_name,award,notes,scheduled_date,scheduled_time,duration_minutes
TQC,2024,poster,Learning finitely correlated states: stability of the spectral reconstruction,,Marco Fanizza;Niklas Galke;Josep Lumbreras;Cambyse Rouze;Andreas Winter,,,,,,,Poster session Thursday,,Source: data/conferences/tqc_2024/raw/tqc-publications-23-24.bib,,,
TQC,2024,poster,Separation between Entanglement Criteria and Entanglement Detection Protocols,,Zhenhuan Liu;Fuchuan Wei,,,,,,,Poster session Thursday,,Source: data/conferences/tqc_2024/raw/tqc-publications-23-24.bib,,,
TQC,2024,poster,Erasure Qubits with shorter syndrome cycles and biased noise on dual-rail transmons,,Yotam Vaknin;Alex Retzker,,,,,,,Poster session Thursday,,Source: data/conferences/tqc_2024/raw/tqc-publications-23-24.bib,,,
TQC,2024,poster,On the simulation of quantum multimeters,,Andreas Bluhm;Leevi Leppäjärvi;Ion Nechita,,,,,,,Poster session Thursday,,Source: data/conferences/tqc_2024/raw/tqc-publications-23-24.bib,,,
TQC,2024,poster,Circuit compression through qubit logic on qudits (QLOQ) with scalable advantage,,Liam Lysaght;Patrick Sinnott;Timothée Goubault;Pierre-Emmanuel Emeriau,,,,,,,Poster session Thursday,,Source: data/conferences/tqc_2024/raw/tqc-publications-23-24.bib,,,
TQC,2024,poster,Heisenberg-Limited Sequential Quantum Metrology without Ancilla,,Qiushi Liu;Yuxiang Yang,,,,,,,Poster session Thursday,,Source: data/conferences/tqc_2024/raw/tqc-publications-23-24.bib,,,
TQC,2024,poster,Qualitative equivalence between incompatibility and Bell nonlocality,,Shiv Akshar Yadavalli;Nikola Andrejić;Ravi Kunjwal,,,,,,,Poster session Thursday,,Source: data/conferences/tqc_2024/raw/tqc-publications-23-24.bib,,,
TQC,2024,poster,A Max-Flow approach to Random Tensor Networks,,Faedi Loulidi;Khurshed Fitter;Ion Nechita,,,,,,,Poster session Thursday,,Source: data/conferences/tqc_2024/raw/tqc-publications-23-24.bib,,,
TQC,2024,poster,Stability of classical shadows under gate-dependent noise,,Raphael Brieger;Markus Heinrich;Ingo Roth;Martin Kliesch,,,,,,,"Outstanding Poster, Poster session Thursday",,Source: data/conferences/tqc_2024/raw/tqc-publications-23-24.bib,,,
TQC,2024,poster,On the locality of fermion to qubit mappings,,Tommaso Guaita,,,,,,,Poster session Thursday,,Source: data/conferences/tqc_2024/raw/tqc-publications-23-24.bib,,,
TQC,2024,poster,Entanglement-symmetries of covariant channels,,Dominic Verdon,,,,,,,Poster session Thursday,,Source: data/conferences/tqc_2024/raw/tqc-publications-23-24.bib,,,
TQC,2024,poster,Accelerated Convergence in Training Quantum Neural Network with Modest Depths,,Kaining Zhang;Junyu Liu;Liu Liu;Liang Jiang;Min-Hsiu Hsieh;Dacheng Tao,,,,,,,Poster session Thursday,,Source: data/conferences/tqc_2024/raw/tqc-publications-23-24.bib,,,
TQC,2024,poster,PAC-Learning of Free-Fermionic States is NP-Hard,,Lennart Bittel;Antonio Anna Mele;Jens Eisert;Lorenzo Leone,,,,,,,Poster session Thursday,,Source: data/conferences/tqc_2024/raw/tqc-publications-23-24.bib,,,
TQC,2024,poster,Trainability barriers and opportunities in quantum generative modeling,,Sacha Lerch;Manuel Rudolph;Supanut Thanasilp;Zoe Holmes;Oriel Kiss;Michele Grossi;Sofia Vallecorsa,,,,,,,Poster session Thursday,,Source: data/conferences/tqc_2024/raw/tqc-publications-23-24.bib,,,
TQC,2024,poster,Predicting Ground State Properties: Constant Sample Complexity and Deep Learning Algorithms,,Marc Wanner;Laura Lewis;Chiranjib Bhattacharyya;Devdatt Dubhashi;Alexandru Gheorghiu,,,,,,,"Outstanding Poster, Poster session Thursday",,Source: data/conferences/tqc_2024/raw/tqc-publications-23-24.bib,,,
TQC,2024,poster,"Efficient, informative and versatile confidence region for quantum state tomography",,Carlos Gois;Matthias Kleinmann,,,,,,,Poster session Thursday,,Source: data/conferences/tqc_2024/raw/tqc-publications-23-24.bib,,,
TQC,2024,poster,Entanglement cost of discriminating quantum states under locality constraints,,Chenghong Zhu;Chengkai Zhu;Zhiping Liu;Xin Wang,,,,,,,Poster session Thursday,,Source: data/conferences/tqc_2024/raw/tqc-publications-23-24.bib,,,
TQC,2024,poster,A quasi-polynomial time classical algorithm for almost any noisy quantum circuit,,Thomas Schuster;Norman Y. Yao,,,,,,,Poster session Thursday,,Source: data/conferences/tqc_2024/raw/tqc-publications-23-24.bib,,,
TQC,2024,poster,Testing and tomography of free-fermionic quantum states,,Lennart Bittel;Antonio Anna Mele;Jens Eisert;Lorenzo Leone,,,,,,,Poster session Thursday,,Source: data/conferences/tqc_2024/raw/tqc-publications-23-24.bib,,,
TQC,2024,poster,Exponential concentration in quantum kernel methods,,Supanut Thanasilp;Samson Wang;Marco Cerezo;Zoe Holmes,,,,,,,Poster session Thursday,,Source: data/conferences/tqc_2024/raw/tqc-publications-23-24.bib,,,
TQC,2024,poster,Noise-mitigated randomized measurements,,Emilio Onorati;Jonas Kitzinger;Jonas Helsen;Marios Ioannou;Albert H. Werner;Ingo Roth;Jens Eisert,,,,,,,Poster session Thursday,,Source: data/conferences/tqc_2024/raw/tqc-publications-23-24.bib,,,
TQC,2024,poster,Optimal Measurement Structures for Contextuality Applications,,Yuan Liu;Ravishankar Ramanathan;Karol Horodecki;Monika Rosicka;Paweł Horodecki,,,,,,,Poster session Thursday,,Source: data/conferences/tqc_2024/raw/tqc-publications-23-24.bib,,,
TQC,2024,poster,Quantum computing algorithm for an inverse problem on graphs,,Joonas Ilmavirta;Matti Lassas;Jinpeng Lu;Lauri Oksanen;Lauri Ylinen,,,,,,,Poster session Thursday,,Source: data/conferences/tqc_2024/raw/tqc-publications-23-24.bib,,,
TQC,2024,poster,Measurement-based Quantum Computation from Clifford Quantum Cellular Automata,,Hendrik Poulsen Nautrup;Hans J. Briegel,,,,,,,Poster session Thursday,,Source: data/conferences/tqc_2024/raw/tqc-publications-23-24.bib,,,
TQC,2024,poster,Bridging non-Gaussian and magic resources via Gottesman-Kitaev-Preskill encoding,,Oliver Hahn;Giulia Ferrini;Ryuji Takagi,,,,,,,Poster session Thursday,,Source: data/conferences/tqc_2024/raw/tqc-publications-23-24.bib,,,
TQC,2024,poster,Efficient distributed inner product estimation via Pauli sampling,,Marcel Hinsche;Marios Ioannou;Sofiene Jerbi;Lorenzo Leone;Jens Eisert;Jose Carrasco,,,,,,,Poster session Thursday,,Source: data/conferences/tqc_2024/raw/tqc-publications-23-24.bib,,,
TQC,2024,poster,The power and limitations of learning quantum dynamics incoherently,,Sofiene Jerbi;Joe Gibbs;Manuel Rudolph;Matthias Caro;Patrick Coles;Hsin-Yuan Huang;Zoe Holmes,,,,,,,Poster session Thursday,,Source: data/conferences/tqc_2024/raw/tqc-publications-23-24.bib,,,
TQC,2024,poster,Geodesic Algorithm for Unitary Gate Design with Time-Independent Hamiltonians,,Dylan Lewis;Roeland Wiersema;Juan Carrasquilla;Sougato Bose,,,,,,,Poster session Thursday,,Source: data/conferences/tqc_2024/raw/tqc-publications-23-24.bib,,,
TQC,2024,poster,Overcoming scalability bottlenecks for detecting quantum entanglement,,Daniel Miller;Lukas Postler;Antonio Anna Mele;Kyano Levi;Christian Marciniak;Ivan Pogorelov;Milena Guevara-Bertsch;Alex Steiner;Robert Freund;Rainer Blatt;Philipp Schindler;Jose Carrasco;Martin Ringbauer;Thomas Monz;Jens Eisert,,,,,,,Poster session Monday,,Source: data/conferences/tqc_2024/raw/tqc-publications-23-24.bib,,,
TQC,2024,poster,On fault-tolerant constant depth computations: generalisations and applications,,Grégoire Gliniasty;Rawad Mezher;Damian Markham,,,,,,,Poster session Thursday,,Source: data/conferences/tqc_2024/raw/tqc-publications-23-24.bib,,,
TQC,2024,poster,Preparing thermal states on noiseless and noisy programmable quantum processors,,Ramis Movassagh;Oles Shtanko,,,,,,,Poster session Monday,,Source: data/conferences/tqc_2024/raw/tqc-publications-23-24.bib,,,
TQC,2024,poster,Towards practical quantum position verification,,George Cowperthwaite;Adrian Kent;Damián Pitalúa-García,,,,,,,Poster session Thursday,,Source: data/conferences/tqc_2024/raw/tqc-publications-23-24.bib,,,
TQC,2024,poster,A Quantum Approximation Scheme for k-Means,,Ragesh Jaiswal,,,,,,,Poster session Monday,,Source: data/conferences/tqc_2024/raw/tqc-publications-23-24.bib,,,
TQC,2024,poster,Entanglement detection with trace polynomials,,Albert Rico;Felix Huber,,,,,,,Poster session Thursday,,Source: data/conferences/tqc_2024/raw/tqc-publications-23-24.bib,,,
TQC,2024,poster,Cutting circuits with multiple two-qubit unitaries,,Lukas Schmitt;Christophe Piveteau;David Sutter,,,,,,,Poster session Monday,,Source: data/conferences/tqc_2024/raw/tqc-publications-23-24.bib,,,
TQC,2024,poster,Noise-robust proofs of quantum network nonlocality,,Sadra Boreiri;Bora Ulu;Pavel Sekatski;Nicolas Brunner,,,,,,,Poster session Thursday,,Source: data/conferences/tqc_2024/raw/tqc-publications-23-24.bib,,,
TQC,2024,poster,Quantum Algorithms for the Pathwise Lasso,,João F. Doriguello;Debbie Huey Chih Lim;Chi Seng Pun;Patrick Rebentrost;Tushar Vaidya,,,,,,,Poster session Monday,,Source: data/conferences/tqc_2024/raw/tqc-publications-23-24.bib,,,
TQC,2024,poster,Certifying the metrological usefulness of quantum statistics: a semidefinite programming approach,,Grzegorz Rajchel-Mieldzioć,,,,,,,Poster session Thursday,,Source: data/conferences/tqc_2024/raw/tqc-publications-23-24.bib,,,
TQC,2024,poster,Accelerating quantum optimal control of multi-qubit systems with symmetry-based Hamiltonian transformations,,Xian Wang;Mahmut Sait Okyay;Bryan M. Wong,,,,,,,Poster session Monday,,Source: data/conferences/tqc_2024/raw/tqc-publications-23-24.bib,,,
TQC,2024,poster,Unifying (Quantum) Statistical and Parametrized (Quantum) Algorithms,,Alexander Nietner,,,,,,,Poster session Thursday,,Source: data/conferences/tqc_2024/raw/tqc-publications-23-24.bib,,,
TQC,2024,poster,Parameter Shift Rule with the Optimal Phase Selection,,Liubov Markovich;Savvas Malikis;Stefano Polla;Jordi Tura Brugues,,,,,,,Poster session Monday,,Source: data/conferences/tqc_2024/raw/tqc-publications-23-24.bib,,,
TQC,2024,poster,An implementable iterative quantum algorithm for approximating geometric entanglement,,Andrii Semenov;Niall Murphy;Simone Patscheider;Elena Blokhina,,,,,,,Poster session Thursday,,Source: data/conferences/tqc_2024/raw/tqc-publications-23-24.bib,,,
TQC,2024,poster,Space-bounded quantum state testing via space-efficient quantum singular value transformation,,François Le Gall;Yupan Liu;Qisheng Wang,,,,,,,Poster session Monday,,Source: data/conferences/tqc_2024/raw/tqc-publications-23-24.bib,,,
TQC,2024,poster,Encoding Majorana codes,,Maryam Mudassar;Riley Chien;Daniel Gottesman,,,,,,,Poster session Thursday,,Source: data/conferences/tqc_2024/raw/tqc-publications-23-24.bib,,,
TQC,2024,poster,Self-testing with dishonest parties and device-independent entanglement certification in quantum communication networks,,Glaucia Murta;Flavio Baccari,,,,,,,Poster session Monday,,Source: data/conferences/tqc_2024/raw/tqc-publications-23-24.bib,,,
TQC,2024,poster,Æ codes,,Shubham P. Jain;Eric R. Hudson;Wesley C. Campbell;Victor V. Albert,,,,,,,Poster session Thursday,,Source: data/conferences/tqc_2024/raw/tqc-publications-23-24.bib,,,
TQC,2024,poster,The Unruh-DeWitt model and its joint interacting Hilbert space,,Erickson Tjoa;Finnian Gray,,,,,,,Poster session Monday,,Source: data/conferences/tqc_2024/raw/tqc-publications-23-24.bib,,,
TQC,2024,poster,Topologically Robust Quantum Network Nonlocality,,Tamás Kriváchy;Sadra Boreiri;Antoine Girardin;Pavel Sekatski;Nicolas Brunner,,,,,,,Poster session Thursday,,Source: data/conferences/tqc_2024/raw/tqc-publications-23-24.bib,,,
TQC,2024,poster,Sub-universal variational circuits for combinatorial optimization problems,,Gal Weitz;Lirandë Pira;Chris Ferrie;Joshua Combes,,,,,,,Poster session Monday,,Source: data/conferences/tqc_2024/raw/tqc-publications-23-24.bib,,,
TQC,2024,poster,Noise-resilient quantum circuits for qubits admitting a noise bias,,Marco Fellous Asiani;Moein Naseri;Chandan Datta;Alexander Streltsov;Michał Oszmaniec,,,,,,,Poster session Thursday,,Source: data/conferences/tqc_2024/raw/tqc-publications-23-24.bib,,,
TQC,2024,poster,Understanding quantum machine learning also requires rethinking generalization,,Elies Gil-Fuster;Jens Eisert;Carlos Bravo-Prieto,,,,,,,Poster session Monday,,Source: data/conferences/tqc_2024/raw/tqc-publications-23-24.bib,,,
TQC,2024,poster,On the computational complexity of equilibrating quantum systems,,Lennart Bittel;Sevag Gharibian;Martin Kliesch,,,,,,,"Outstanding Poster, Poster session Thursday",,Source: data/conferences/tqc_2024/raw/tqc-publications-23-24.bib,,,
TQC,2024,poster,Learning Quantum Processes with Quantum Statistical Queries,,Chirag Wadhwa;Mina Doosti,,,,,,,Poster session Monday,,Source: data/conferences/tqc_2024/raw/tqc-publications-23-24.bib,,,
TQC,2024,poster,Quantum Pseudorandomness Cannot Be Shrunk In a Black-Box Way,,Samuel Bouaziz-Ermann;Garazi Muguruza,,,,,,,Poster session Thursday,,Source: data/conferences/tqc_2024/raw/tqc-publications-23-24.bib,,,
TQC,2024,poster,Comparing resource requirements of noisy quantum simulation algorithms for the Tavis-Cummings model,,Alisa Haukisalmi;Matti Raasakka;Ilkka Tittonen,,,,,,,Poster session Monday,,Source: data/conferences/tqc_2024/raw/tqc-publications-23-24.bib,,,
TQC,2024,poster,Tropological Bell Nonlocality: Topologically-induced Bell's nonlocality with tropical algebra,,Patrick Emonts;Mengyao Hu;Albert Aloy;Jordi Tura Brugués,,,,,,,Poster session Thursday,,Source: data/conferences/tqc_2024/raw/tqc-publications-23-24.bib,,,
TQC,2024,poster,On Quantum Simulation-Soundness,,Behzad Abdolmaleki;Céline Chevalier;Ehsan Ebrahimi;Giulio Malavolta;Quoc-Huy Vu,,,,,,,Poster session Monday,,Source: data/conferences/tqc_2024/raw/tqc-publications-23-24.bib,,,
TQC,2024,poster,Eternal Wormhole-Assisted Transfer in Critical Spin Chains,,Emil Khabiboulline;Neeraj Tata;Daniel Jafferis;Mikhail Lukin,,,,,,,Poster session Thursday,,Source: data/conferences/tqc_2024/raw/tqc-publications-23-24.bib,,,
TQC,2024,poster,Efficient Learning of Long-Range and Equivariant Quantum Systems,,Štěpán Šmíd;Roberto Bondesan,,,,,,,Poster session Monday,,Source: data/conferences/tqc_2024/raw/tqc-publications-23-24.bib,,,
TQC,2024,poster,Error Correction in Dynamical Codes,,Xiaozhen Fu;Daniel Gottesman,,,,,,,Poster session Thursday,,Source: data/conferences/tqc_2024/raw/tqc-publications-23-24.bib,,,
TQC,2024,poster,Applications of topological fault-tolerant quantum error correction in near-term devices,,Sascha Heußen,,,,,,,Poster session Monday,,Source: data/conferences/tqc_2024/raw/tqc-publications-23-24.bib,,,
TQC,2024,poster,"Jordan-Wigner, Ternary Trees and Sierpinski Trees: A Unified Picture of One-to-One Fermion-to-Qubit Encodings",,Brent Harrison;Jason Necaise;Andrew Projansky;James Whitfield,,,,,,,Poster session Thursday,,Source: data/conferences/tqc_2024/raw/tqc-publications-23-24.bib,,,
TQC,2024,poster,Tight and Efficient Gradient Bounds for Parameterized Quantum Circuits,,Alistair Letcher;Stefan Woerner;Christa Zoufal,,,,,,,Poster session Monday,,Source: data/conferences/tqc_2024/raw/tqc-publications-23-24.bib,,,
TQC,2024,poster,Quantum entanglement survival time and positive partial transpose time in the presence of Markovian noise: a statistical analysis,,Nunzia Cerrato;Giacomo De Palma;Vittorio Giovannetti,,,,,,,Poster session Thursday,,Source: data/conferences/tqc_2024/raw/tqc-publications-23-24.bib,,,
TQC,2024,poster,Quantum error mitigation for Fourier moments computation,,Oriel Kiss;Michele Grossi;Alessandro Roggero,,,,,,,Poster session Monday,,Source: data/conferences/tqc_2024/raw/tqc-publications-23-24.bib,,,
TQC,2024,poster,Efficient classical surrogate simulation of quantum circuits,,Manuel S. Rudolph;Enrico Fontana;Ross Duncan;Ivan Rungger;Zoe Holmes;Lukasz Cincio;Cristina Cirstoiu,,,,,,,Poster session Thursday,,Source: data/conferences/tqc_2024/raw/tqc-publications-23-24.bib,,,
TQC,2024,poster,"BQP, meet NP: Search-to-decision reductions and approximate counting",,Jonas Kamminga;Sevag Gharibian,,,,,,,Poster session Monday,,Source: data/conferences/tqc_2024/raw/tqc-publications-23-24.bib,,,
TQC,2024,poster,Classical simulation of non-Gaussian bosonic circuits,,Beatriz Dias;Robert Koenig,,,,,,,Poster session Thursday,,Source: data/conferences/tqc_2024/raw/tqc-publications-23-24.bib,,,
TQC,2024,poster,Can we stochastically distil quantum steering and measurement incompatibility?,,Chung-Yun Hsieh;Huan-Yu Ku;Shin-Liang Chen;Yueh-Nan Chen;Costantino Budroni,,,,,,,Poster session Monday,,Source: data/conferences/tqc_2024/raw/tqc-publications-23-24.bib,,,
TQC,2024,poster,"On the set of reduced states of translation invariant, infinite quantum systems",,Vjosa Blakaj;Michael Wolf,,,,,,,Poster session Thursday,,Source: data/conferences/tqc_2024/raw/tqc-publications-23-24.bib,,,
TQC,2024,poster,Stabilizer Codes with Exotic Local-dimensions,,Lane Gunderman,,,,,,,Poster session Monday,,Source: data/conferences/tqc_2024/raw/tqc-publications-23-24.bib,,,
TQC,2024,poster,Certifying nonstabilizerness in quantum processors,,Rafael Wagner;Filipa Peres;Emmanuel Cruzeiro;Ernesto Galvão,,,,,,,Poster session Thursday,,Source: data/conferences/tqc_2024/raw/tqc-publications-23-24.bib,,,
TQC,2024,poster,Universal Quantum Computing with Field-Mediated Unruh–DeWitt Qubits,,Eric Aspling;Michael Lawler,,,,,,,Poster session Monday,,Source: data/conferences/tqc_2024/raw/tqc-publications-23-24.bib,,,
TQC,2024,poster,Uncertainty relations from state polynomial optimization,,Moisés Bermejo;Felix Huber,,,,,,,Poster session Thursday,,Source: data/conferences/tqc_2024/raw/tqc-publications-23-24.bib,,,
TQC,2024,poster,Quantum Unpredictability,,Tomoyuki Morimae;Shogo Yamada;Takashi Yamakawa,,,,,,,"Outstanding Poster, Poster session Monday",,Source: data/conferences/tqc_2024/raw/tqc-publications-23-24.bib,,,
TQC,2024,poster,Loop Null Homology is Complete for slightly more than NQL,,Quinten Tupker,,,,,,,Poster session Thursday,,Source: data/conferences/tqc_2024/raw/tqc-publications-23-24.bib,,,
TQC,2024,poster,Quantum phase estimation by comprerssed sensing,,Changhao Yi;Cunlu Zhou;Jun Takahashi,,,,,,,Poster session Monday,,Source: data/conferences/tqc_2024/raw/tqc-publications-23-24.bib,,,
TQC,2024,poster,Arbitrary Polynomial Separations in Trainable Quantum Machine Learning,,Eric Anschuetz;Xun Gao,,,,,,,"Outstanding Poster, Poster session Thursday",,Source: data/conferences/tqc_2024/raw/tqc-publications-23-24.bib,,,
TQC,2024,poster,Quantum Hypercontractive Inequalities and Their Applications in Common Randomness Generation,,Zongbo Bao;Yangjing Dong;Fengning Ou;Penghui Yao,,,,,,,Poster session Monday,,Source: data/conferences/tqc_2024/raw/tqc-publications-23-24.bib,,,
TQC,2024,poster,A Complete Graphical Language for Linear Optical Circuits with Finite-Photon-Number Sources and Detectors,,Nicolas Heurtel,,,,,,,Poster session Thursday,,Source: data/conferences/tqc_2024/raw/tqc-publications-23-24.bib,,,
TQC,2024,poster,Symmetry-invariant quantum machine learning force fields,,Isabel Nha Minh Le;Oriel Kiss;Julian Schuhmacher;Ivano Tavernelli;Francesco Tacchino,,,,,,,Poster session Monday,,Source: data/conferences/tqc_2024/raw/tqc-publications-23-24.bib,,,
TQC,2024,poster,Classifying fermionic states via many-body correlation measures,,Mykola Semenyakin;Yevheniia Cheipesh;Yaroslav Herasymenko,,,,,,,Poster session Thursday,,Source: data/conferences/tqc_2024/raw/tqc-publications-23-24.bib,,,
TQC,2024,poster,A Note on Output Length of One-Way State Generators and EFIs,,Minki Hhan;Tomoyuki Morimae;Takashi Yamakawa,,,,,,,Poster session Monday,,Source: data/conferences/tqc_2024/raw/tqc-publications-23-24.bib,,,
TQC,2024,poster,Stochastic Quantum Sampling for Non-Logconcave Distributions and Estimating Partition Functions,,Guneykan Ozgul;Xiantao Li;Mehrdad Mahdavi;Chunhao Wang,,,,,,,Poster session Thursday,,Source: data/conferences/tqc_2024/raw/tqc-publications-23-24.bib,,,
TQC,2024,poster,Optical fibres with memory effects and their quantum communication capacities,,Francesco Anna Mele;Giacomo De Palma;Marco Fanizza;Vittorio Giovannetti;Ludovico Lami,,,,,,,Poster session Monday,,Source: data/conferences/tqc_2024/raw/tqc-publications-23-24.bib,,,
TQC,2024,poster,Fermionic Hamiltonians without trivial low-energy states,,Yaroslav Herasymenko;Anurag Anshu;Barbara Terhal;Jonas Helsen,,,,,,,Poster session Thursday,,Source: data/conferences/tqc_2024/raw/tqc-publications-23-24.bib,,,
TQC,2024,poster,Cryptomite: A versatile and user-friendly library of randomness extractors,,Cameron Foreman;Richie Yeung;Alec Edgington;Florian Curchod,,,,,,,Poster session Monday,,Source: data/conferences/tqc_2024/raw/tqc-publications-23-24.bib,,,
TQC,2024,poster,Quantum algorithms for many-body spectroscopy using dynamics and classical shadows,,Nishad Maskara;Stefan Ostermann;James Shee;Marcin Kalinowski;Abigail McClain Gomez;Rodrigo Araiza Bravo;Varun Menon;Christian Kokail;Hsin-Yuan Huang;Derek Wang;Anna Krylov;Norman Yao;Martin Head-Gordon;Mikhail Lukin;Susanne Yelin,,,,,,,"Outstanding Poster, Poster session Thursday",,Source: data/conferences/tqc_2024/raw/tqc-publications-23-24.bib,,,
TQC,2024,poster,Group Twirling and Noise Tailoring for Multi-Qubit-Controlled Phase Gates,,Guoding Liu;Ziyi Xie;Zitai Xu;Xiongfeng Ma,,,,,,,Poster session Monday,,Source: data/conferences/tqc_2024/raw/tqc-publications-23-24.bib,,,
TQC,2024,poster,Quantum secure non-malleable randomness encoder and its applications,,Rishabh Batra;Naresh Goud Boddu;Rahul Jain,,,,,,,Poster session Thursday,,Source: data/conferences/tqc_2024/raw/tqc-publications-23-24.bib,,,
TQC,2024,poster,Lower Bounds for Unitary Property Testing with Proofs and Advice,,Jordi Weggemans,,,,,,,Poster session Monday,,Source: data/conferences/tqc_2024/raw/tqc-publications-23-24.bib,,,
TQC,2024,poster,Approximate t-design depths in generic circuit architectures,,Daniel Belkin;James Allen;Soumik Ghosh;Christopher Kang;Sophia Lin;James Sud;Fred Chong;Bill Fefferman;Bryan Clark,,,,,,,Poster session Thursday,,Source: data/conferences/tqc_2024/raw/tqc-publications-23-24.bib,,,
TQC,2024,poster,Algorithmic Cluster Expansions for Quantum Problems,,Ryan Mann;Romy Minko,,,,,,,Poster session Monday,,Source: data/conferences/tqc_2024/raw/tqc-publications-23-24.bib,,,
TQC,2024,poster,Random Covariant Quantum Channels,,Ion Nechita;Sang-Jun Park,,,,,,,Poster session Thursday,,Source: data/conferences/tqc_2024/raw/tqc-publications-23-24.bib,,,
TQC,2024,poster,Circuit complexity of quantum access models for encoding classical data,,Xiao-Ming Zhang;Xiao Yuan,,,,,,,Poster session Monday,,Source: data/conferences/tqc_2024/raw/tqc-publications-23-24.bib,,,
TQC,2024,poster,Towards Unclonable Cryptography in the Plain Model,,Céline Chevalier;Paul Hermouet;Quoc-Huy Vu,,,,,,,Poster session Thursday,,Source: data/conferences/tqc_2024/raw/tqc-publications-23-24.bib,,,
TQC,2024,poster,Unconditional quantum MAGIC advantage in shallow circuit computation,,Xingjian Zhang;Zhaokai Pan;Guoding Liu,,,,,,,Poster session Monday,,Source: data/conferences/tqc_2024/raw/tqc-publications-23-24.bib,,,
TQC,2024,poster,Classicality with no-information without disturbance,,Marco Erba;Paolo Perinotti;Davide Rolino;Alessandro Tosini,,,,,,,Poster session Thursday,,Source: data/conferences/tqc_2024/raw/tqc-publications-23-24.bib,,,
TQC,2024,poster,Hidden Quantum Memory: Is Memory There When Somebody Looks?,,Philip Taranto;Thomas Elliot;Simon Milz,,,,,,,Poster session Monday,,Source: data/conferences/tqc_2024/raw/tqc-publications-23-24.bib,,,
TQC,2024,poster,Succinct Fermion Data Structures,,Joseph Carolan;Luke Schaeffer,,,,,,,Poster session Thursday,,Source: data/conferences/tqc_2024/raw/tqc-publications-23-24.bib,,,
TQC,2024,poster,Postselected quantum Shannon theory,,Kaiyuan Ji;Bartosz Regula;Ludovico Lami;Mark Wilde,,,,,,,Poster session Monday,,Source: data/conferences/tqc_2024/raw/tqc-publications-23-24.bib,,,
TQC,2024,poster,Identification of quantum entanglement with supervised and unsupervised machine-learning models,,Jaroslaw Pawlowski,,,,,,,Poster session Thursday,,Source: data/conferences/tqc_2024/raw/tqc-publications-23-24.bib,,,
TQC,2024,poster,PDQMA = DQMA = NEXP: QMA With Hidden Variables and Non-collapsing Measurements,,Scott Aaronson;Sabee Grewal;Vishnu Iyer;Simon Marshall;Ronak Ramachandran,,,,,,,Poster session Monday,,Source: data/conferences/tqc_2024/raw/tqc-publications-23-24.bib,,,
TQC,2024,poster,Hamiltonians whose low-energy states require Ω(n) T gates,,Nolan Coble;Matthew Coudron;Jon Nelson;Seyed Sajjad Nezhadi,,,,,,,Poster session Thursday,,Source: data/conferences/tqc_2024/raw/tqc-publications-23-24.bib,,,
TQC,2024,poster,Tight conic approximation of testing regions for quantum statistical models and measurements,,Michele Dall'Arno;Francesco Buscemi,,,,,,,Poster session Monday,,Source: data/conferences/tqc_2024/raw/tqc-publications-23-24.bib,,,
TQC,2024,poster,A Cryptographic Perspective on the Verifiability of Quantum Advantage,,Nai-Hui Chia;Honghao Fu;Fang Song;Penghui Yao,,,,,,,Poster session Thursday,,Source: data/conferences/tqc_2024/raw/tqc-publications-23-24.bib,,,
TQC,2024,poster,Does qubit connectivity impact quantum circuit complexity?,,Pei Yuan;Jonathan Allcock;Shengyu Zhang,,,,,,,Poster session Monday,,Source: data/conferences/tqc_2024/raw/tqc-publications-23-24.bib,,,
TQC,2024,poster,Imposing Constraints on Driver Hamiltonians and Mixing Operators: From Theory to Practical Implementation,,Hannes Leipold;Federico Spedalieri;Stuart Hadfield;Eleanor Rieffel,,,,,,,Poster session Thursday,,Source: data/conferences/tqc_2024/raw/tqc-publications-23-24.bib,,,
TQC,2024,poster,Order p quantum Wasserstein distances from couplings,,Emily Beatty;Daniel Stilck França,,,,,,,Poster session Monday,,Source: data/conferences/tqc_2024/raw/tqc-publications-23-24.bib,,,
TQC,2024,poster,Expanding the reach of quantum optimization with fermionic embeddings,,Andrew Zhao;Nicholas Rubin,,,,,,,Poster session Thursday,,Source: data/conferences/tqc_2024/raw/tqc-publications-23-24.bib,,,
TQC,2024,poster,Entanglement Trajectory and its Boundary,,Ruge Lin,,,,,,,Poster session Monday,,Source: data/conferences/tqc_2024/raw/tqc-publications-23-24.bib,,,
TQC,2024,poster,Group-theoretic error mitigation enabled by classical shadows and symmetries,,Andrew Zhao;Akimasa Miyake,,,,,,,Poster session Thursday,,Source: data/conferences/tqc_2024/raw/tqc-publications-23-24.bib,,,
TQC,2024,poster,Engineered dissipation to mitigate barren plateaus,,Antonio Sannia;Francesco Tacchino;Ivano Tavernelli;Gian Luca Giorgi;Roberta Zambrini,,,,,,,Poster session Monday,,Source: data/conferences/tqc_2024/raw/tqc-publications-23-24.bib,,,
TQC,2024,poster,Predicting Arbitrary State Properties from Single Hamiltonian Quench Dynamics,,Zhenhuan Liu;Hong-Ye Hu,,,,,,,Poster session Thursday,,Source: data/conferences/tqc_2024/raw/tqc-publications-23-24.bib,,,
TQC,2024,poster,Entanglement detection length of multipartite quantum states,,Fei Shi;Lin Chen;Giulio Chiribella;Qi Zhao,,,,,,,Poster session Monday,,Source: data/conferences/tqc_2024/raw/tqc-publications-23-24.bib,,,
TQC,2024,poster,Error-Robust Quantum Signal Processing using Rydberg Atoms,,Sina Zeytinoglu;Sho Sugiura,,,,,,,Poster session Thursday,,Source: data/conferences/tqc_2024/raw/tqc-publications-23-24.bib,,,
TQC,2024,poster,Quantum and Classical Communication Complexity of Permutation-Invariant Functions,,Ziyi Guan;Yunqi Huang;Penghui Yao;Zekun Ye,,,,,,,Poster session Monday,,Source: data/conferences/tqc_2024/raw/tqc-publications-23-24.bib,,,
TQC,2024,poster,Local measurement strategies for multipartite entanglement quantification,,Luke Coffman;Akshay Seshadri;Graeme Smith;Jacob Beckey,,,,,,,Poster session Thursday,,Source: data/conferences/tqc_2024/raw/tqc-publications-23-24.bib,,,
TQC,2024,poster,Randomized semi-quantum matrix processing,,Allan Tosta;Thais Lima Silva;Giancarlo Camilo;Leandro Aolita,,,,,,,Poster session Monday,,Source: data/conferences/tqc_2024/raw/tqc-publications-23-24.bib,,,
TQC,2024,poster,Characterizing optimal measurements for quantum property testing,,Angus Lowe;Benjamin Lovitz,,,,,,,Poster session Thursday,,Source: data/conferences/tqc_2024/raw/tqc-publications-23-24.bib,,,
TQC,2024,poster,Understanding generalization with quantum geometry,,Tobias Haug;Myungshik Kim,,,,,,,Poster session Monday,,Source: data/conferences/tqc_2024/raw/tqc-publications-23-24.bib,,,
TQC,2024,poster,Transition of Anticoncentration in Gaussian Boson Sampling,,Adam Ehrenberg;Joseph Iosue;Abhinav Deshpande;Dominik Hangleiter;Alexey Gorshkov,,,,,,,"Outstanding Poster, Poster session Thursday",,Source: data/conferences/tqc_2024/raw/tqc-publications-23-24.bib,,,
TQC,2024,poster,Molecular docking via quantum approximate optimization algorithm,,Qi-Ming Ding;Yi-Ming Huang;Xiao Yuan,,,,,,,Poster session Monday,,Source: data/conferences/tqc_2024/raw/tqc-publications-23-24.bib,,,
TQC,2024,poster,Learning unitaries with quantum statistical queries,,Armando Angrisani,,,,,,,Poster session Thursday,,Source: data/conferences/tqc_2024/raw/tqc-publications-23-24.bib,,,
TQC,2024,poster,Universal readout error mitigation scheme characterized on superconducting qubits,,Adrian Skasberg Aasen;Andras Di Giovanni;Hannes Rotzinger;Alexey Ustinov;Martin Gärttner,,,,,,,Poster session Monday,,Source: data/conferences/tqc_2024/raw/tqc-publications-23-24.bib,,,
TQC,2024,poster,A quantum algorithm for the pathfinding problem via the quantum electrical flow,,Jianqiang Li;Sean Hallgren,,,,,,,Poster session Thursday,,Source: data/conferences/tqc_2024/raw/tqc-publications-23-24.bib,,,
TQC,2024,poster,Shaded lightcones for classically accelerated quantum error mitigation,,Andrew Eddins;Minh Tran;Patrick Rall,,,,,,,"Outstanding Poster, Poster session Monday",,Source: data/conferences/tqc_2024/raw/tqc-publications-23-24.bib,,,
TQC,2024,poster,Efficiently verifiable quantum advantage on near-term analog quantum simulators,,Zhenning Liu;Dhruv Devulapalli;Dominik Hangleiter;Yi-Kai Liu;Alicia Kollár;Alexey Gorshkov;Andrew Childs,,,,,,,Poster session Thursday,,Source: data/conferences/tqc_2024/raw/tqc-publications-23-24.bib,,,
TQC,2024,poster,Dual frame optimization for informationally complete quantum measurements,,Laurin E. Fischer;Timothée Dao;Ivano Tavernelli;Francesco Tacchino,,,,,,,Poster session Monday,,Source: data/conferences/tqc_2024/raw/tqc-publications-23-24.bib,,,
TQC,2024,poster,Matchgate hierarchy: A Clifford-like hierarchy for matchgate circuits,,Angelos Bampounis;Rui Soares Barbosa;Nadish Silva,,,,,,,Poster session Thursday,,Source: data/conferences/tqc_2024/raw/tqc-publications-23-24.bib,,,
TQC,2024,poster,Achieving the Heisenberg limit with Dicke States in noisy quantum meterology,,Zain Saleem;Michael A Perlin;Anil Shaji;Stephen Gray,,,,,,,Poster session Monday,,Source: data/conferences/tqc_2024/raw/tqc-publications-23-24.bib,,,
TQC,2024,poster,"Quantum soft-covering lemma with applications to rate-distortion coding, resolvability and identification via quantum channels",,Touheed Anwar Atif;S. Sandeep Pradhan;Andreas Winter,,,,,,,Poster session Thursday,,Source: data/conferences/tqc_2024/raw/tqc-publications-23-24.bib,,,
TQC,2024,poster,Relaxations and Exact Solutions to Quantum Max Cut via the Algebraic Structure of Swap Operators,,Adam Bene Watts;Anirban Chowdhury;Igor Klep;J. William Helton;Aidan Epperly,,,,,,,Poster session Monday,,Source: data/conferences/tqc_2024/raw/tqc-publications-23-24.bib,,,
TQC,2024,poster,A framework of partial error correction for intermediate-scale quantum computers,,Nikolaos Koukoulekidis;Samson Wang;Tom O'Leary;Daniel Bultrini;Lukasz Cincio;Piotr Czarnik,,,,,,,Poster session Thursday,,Source: data/conferences/tqc_2024/raw/tqc-publications-23-24.bib,,,
TQC,2024,poster,Nonlocality under computational assumptions,,Khashayar Barooti;Alexandru Gheorghiu;Grzegorz Głuch;Marc-Olivier Renou,,,,,,,"Outstanding Poster, Poster session Monday",,Source: data/conferences/tqc_2024/raw/tqc-publications-23-24.bib,,,
TQC,2024,poster,Limitations of Classically-Simulable Measurements for Quantum State Discrimination,,Chengkai Zhu;Zhiping Liu;Chenghong Zhu;Xin Wang,,,,,,,Poster session Thursday,,Source: data/conferences/tqc_2024/raw/tqc-publications-23-24.bib,,,
TQC,2024,poster,"Does provable absence of barren plateaus imply classical simulability? Or, why we need to rethink variational quantum computing",,Marco Cerezo;Martin Larocca;Diego García-Martín;Nahuel Diaz;Paolo Braccia;Enrico Fontana;Manuel Rudolph;Pablo Bermejo;Aroosa Ijaz;Supanut Thanasilp;Eric Anschuetz;Zoe Holmes,,,,,,,Poster session Monday,,Source: data/conferences/tqc_2024/raw/tqc-publications-23-24.bib,,,
TQC,2024,poster,Contextuality as a Necessary Resource for Quantum Random Access Code,,Andrew Tanggara;Mile Gu;Farid Shahandeh,,,,,,,Poster session Thursday,,Source: data/conferences/tqc_2024/raw/tqc-publications-23-24.bib,,,
TQC,2024,poster,Causal influence versus signalling for interacting quantum channels,,Kathleen Barsse;Paolo Perinotti;Alessandro Tosini;Leonardo Vaglini,,,,,,,Poster session Monday,,Source: data/conferences/tqc_2024/raw/tqc-publications-23-24.bib,,,
TQC,2024,poster,Ideal random quantum circuits pass the LXEB test,,Nicholas Hunter-Jones;Scott Aaronson;Jonas Haferkamp,,,,,,,Poster session Thursday,,Source: data/conferences/tqc_2024/raw/tqc-publications-23-24.bib,,,
TQC,2024,poster,The genuinely multipartite nonlocality of graph states is model-dependent,,Xavier Coiteux-Roy;Owidiusz Makuta;Fionnuala Curran;Remigiusz Augusiak;Marc-Olivier Renou,,,,,,,Poster session Monday,,Source: data/conferences/tqc_2024/raw/tqc-publications-23-24.bib,,,
TQC,2024,poster,Query Complexity in Limited Quantum Oracle Models,,Mehil Agarwal;Shravas Rao;Fang Song,,,,,,,Poster session Thursday,,Source: data/conferences/tqc_2024/raw/tqc-publications-23-24.bib,,,
TQC,2024,poster,Bayesian inference of quantum devices,,Michele Dall'Arno,,,,,,,Poster session Monday,,Source: data/conferences/tqc_2024/raw/tqc-publications-23-24.bib,,,
TQC,2024,poster,Correlated decoding of logical algorithms with transversal gates,,Madelyn Cain;Chen Zhao;Hengyun Zhou;Nadine Meister;J. Pablo Bonilla Ataides;Arthur Jaffe;Dolev Bluvstein;Mikhail Lukin,,,,,,,Poster session Thursday,,Source: data/conferences/tqc_2024/raw/tqc-publications-23-24.bib,,,
TQC,2024,poster,Lower bounds for quantum-inspired classical algorithms via communication complexity,,Nikhil Mande;Changpeng Shao,,,,,,,Poster session Monday,,Source: data/conferences/tqc_2024/raw/tqc-publications-23-24.bib,,,
TQC,2024,poster,Lower T-count with faster algorithms,,Vivien Vandaele,,,,,,,Poster session Thursday,,Source: data/conferences/tqc_2024/raw/tqc-publications-23-24.bib,,,
TQC,2024,poster,Doubling efficiency of Hamiltonian simulation via Generalized Quantum Signal Processing,,Dominic Berry;Danial Motlagh;Giacomo Pantaleoni;Nathan Wiebe,,,,,,,Poster session Monday,,Source: data/conferences/tqc_2024/raw/tqc-publications-23-24.bib,,,
TQC,2024,poster,Quantum Signal Processing with Errors,,Dong An;Murphy Yuezhen Niu,,,,,,,Poster session Thursday,,Source: data/conferences/tqc_2024/raw/tqc-publications-23-24.bib,,,
TQC,2024,poster,The status of the quantum PCP conjecture (games version),,Anand Natarajan;Chinmay Nirkhe,,,,,,,Poster session Monday,,Source: data/conferences/tqc_2024/raw/tqc-publications-23-24.bib,,,
TQC,2024,poster,Tapered Quantum Phase Estimation,,Dhrumil Patel;Shi Jie Samuel Tan;Yigit Subasi;Andrew Sornborger,,,,,,,Poster session Thursday,,Source: data/conferences/tqc_2024/raw/tqc-publications-23-24.bib,,,
TQC,2024,poster,Quantum Eigensolver for General Matrices,,Xiao-Ming Zhang;Yukun Zhang;Wenhao He;Xiao Yuan,,,,,,,Poster session Monday,,Source: data/conferences/tqc_2024/raw/tqc-publications-23-24.bib,,,
TQC,2024,poster,Benchmarking bosonic and fermionic dynamics,,Jadwiga Wilkens;Marios Ioannou;Ellen Derbyshire;Jens Eisert;Dominik Hangleiter;Ingo Roth;Jonas Haferkamp,,,,,,,Poster session Thursday,,Source: data/conferences/tqc_2024/raw/tqc-publications-23-24.bib,,,
TQC,2024,poster,Certifying entanglement dimensionality by the moment method,,Changhao Yi;Xiaodi Li;Huangjun Zhu,,,,,,,Poster session Monday,,Source: data/conferences/tqc_2024/raw/tqc-publications-23-24.bib,,,
TQC,2024,poster,Efficient classical simulation of quantum computation beyond Wigner positivity,,Michael Zurel;Arne Heimendahl,,,,,,,Poster session Thursday,,Source: data/conferences/tqc_2024/raw/tqc-publications-23-24.bib,,,
TQC,2024,poster,Quantum Algorithm for Searching the Longest Segment and the Largest Empty Rectangle,,Kamil Khadiev;Vladislav Remidovskiy;Timur Bikmullin;Aliya Khadieva,,,,,,,Poster session Monday,,Source: data/conferences/tqc_2024/raw/tqc-publications-23-24.bib,,,
TQC,2024,poster,The Complexity of Determining Whether Finite Sized Systems Thermalize,,Dhruv Devulapalli;Timothy Connor Mooney;James Watson,,,,,,,Poster session Thursday,,Source: data/conferences/tqc_2024/raw/tqc-publications-23-24.bib,,,
TQC,2024,poster,Certifying long-range quantum correlations in routed Bell tests,,Edwin Peter Lobo;Jef Pauwels;Stefano Pironio,,,,,,,Poster session Monday,,Source: data/conferences/tqc_2024/raw/tqc-publications-23-24.bib,,,
TQC,2024,poster,Power of sequential protocols in hidden quantum channel discrimination,,Arkopal Dutt;Sho Sugiura;William Munro;Sina Zeytinoglu;Isaac Chuang,,,,,,,Poster session Thursday,,Source: data/conferences/tqc_2024/raw/tqc-publications-23-24.bib,,,
TQC,2024,poster,Quantum memoization for a new recursive diagonalization quantum algorithm,,Marek Gluza;Jeongrak Son;Ryuji Takagi;Nelly Ng,,,,,,,Poster session Monday,,Source: data/conferences/tqc_2024/raw/tqc-publications-23-24.bib,,,
TQC,2024,poster,Decision diagrams yield genuinely novel capabilities for classically handling quantum information,,Tim Coopmans;Arend-Jan Quist;Lieuwe Vinkhuijzen;Alfons Laarman,,,,,,,Poster session Thursday,,Source: data/conferences/tqc_2024/raw/tqc-publications-23-24.bib,,,
TQC,2024,poster,Deterministic generation of hybrid entangled states using quantum walks,,Vikash Mittal;Jaskaran Singh;Soumyakanti Bose,,,,,,,Poster session Monday,,Source: data/conferences/tqc_2024/raw/tqc-publications-23-24.bib,,,
TQC,2024,poster,Verification of Quantum Networks,,Manasi Shingane;Yusuf Alnawakhtha;Andrew Childs;Carl Miller,,,,,,,Poster session Thursday,,Source: data/conferences/tqc_2024/raw/tqc-publications-23-24.bib,,,
TQC,2024,poster,Parity Quantum Computing as YZ-Plane Measurement-Based Quantum Computing,,Isaac Smith;Hendrik Poulsen Nautrup;Hans J. Briegel,,,,,,,Poster session Monday,,Source: data/conferences/tqc_2024/raw/tqc-publications-23-24.bib,,,
TQC,2024,poster,One-Shot Non-Catalytic Distributed Purity Distillation,,Sayantan Chakraborty;Rahul Jain;Pranab Sen,,,,,,,Poster session Thursday,,Source: data/conferences/tqc_2024/raw/tqc-publications-23-24.bib,,,
TQC,2024,poster,Uncloneable Quantum Advice,,Anne Broadbent;Martti Karvonen;Sébastien Lord,,,,,,,Poster session Monday,,Source: data/conferences/tqc_2024/raw/tqc-publications-23-24.bib,,,
TQC,2024,poster,Advantage of multi-partite entanglement for quantum cryptography over long and short ranged networks,,Janka Memmen;Jens Eisert;Nathan Walk,,,,,,,Poster session Thursday,,Source: data/conferences/tqc_2024/raw/tqc-publications-23-24.bib,,,
TQC,2024,poster,Investigations into the attainability of the ultimate limits in quantum state discrimination,,Lorcan Conlon;Falk Eilenberger;Jin Ming Koh;Biveen Shajilal;Jasminder Sidhu;Ping Koy Lam;Syed Assad,,,,,,,Poster session Monday,,Source: data/conferences/tqc_2024/raw/tqc-publications-23-24.bib,,,
TQC,2024,poster,Hamiltonian engineering of multi-body interactions in periodically driven Rydberg atom arrays,,Nazli Ugur Koyluoglu;Johannes Feldmeier;Nishad Maskara;Mikhail Lukin,,,,,,,Poster session Thursday,,Source: data/conferences/tqc_2024/raw/tqc-publications-23-24.bib,,,
TQC,2024,poster,Optimizing quantum resources for enhanced measurement precision in noisy environments,,Le Bin Ho,,,,,,,Poster session Monday,,Source: data/conferences/tqc_2024/raw/tqc-publications-23-24.bib,,,
TQC,2024,poster,Interactive Oracle Arguments in the QROM and Applications to Succinct Verification of Quantum Computation,,Islam Faisal,,,,,,,Poster session Thursday,,Source: data/conferences/tqc_2024/raw/tqc-publications-23-24.bib,,,
TQC,2024,poster,"On quantum backpropagation, information reuse, and cheating measurement collapse",,Amira Abbas;Robbie King;Hsin-Yuan Huang;William Huggins;Ramis Movassagh;Dar Gilboa;Jarrod McClean,,,,,,,Poster session Monday,,Source: data/conferences/tqc_2024/raw/tqc-publications-23-24.bib,,,
TQC,2024,poster,Error Mitigation via N-Representability conditions,,Junxiang Huang;Qiming Ding;Xiao Yuan,,,,,,,Poster session Thursday,,Source: data/conferences/tqc_2024/raw/tqc-publications-23-24.bib,,,
TQC,2024,poster,Influence of noise in entanglement-based quantum networks,,Maria Flors Mor Ruiz;Wolfgang Dür,,,,,,,Poster session Monday,,Source: data/conferences/tqc_2024/raw/tqc-publications-23-24.bib,,,
TQC,2024,poster,Error interference in quantum simulation,,Boyang Chen;Jue Xu;Xiao Yuan;Qi Zhao,,,,,,,Poster session Thursday,,Source: data/conferences/tqc_2024/raw/tqc-publications-23-24.bib,,,
TQC,2024,poster,Superposed Quantum Error Mitigation,,Jorge Miguel-Ramiro;Zheng Shi;Luca Dellantonio;Albie Chan;Christine A. Muschik;Wolfgang Dür,,,,,,,Poster session Monday,,Source: data/conferences/tqc_2024/raw/tqc-publications-23-24.bib,,,
TQC,2024,poster,Heisenberg-limited quantum algorithm for multiple observables estimation,,Kaito Wada;Naoki Yamamoto;Nobuyuki Yoshioka,,,,,,,Poster session Thursday,,Source: data/conferences/tqc_2024/raw/tqc-publications-23-24.bib,,,
TQC,2024,poster,Overlap Gap Property limits limit swapping in QAOA,,Mark Goh,,,,,,,Poster session Monday,,Source: data/conferences/tqc_2024/raw/tqc-publications-23-24.bib,,,
TQC,2024,poster,Unitary-invariant witnesses of quantum imaginarity,,Carlos Fernandes;Rafael Wagner;Leonardo Novo;Ernesto F. Galvão,,,,,,,Poster session Thursday,,Source: data/conferences/tqc_2024/raw/tqc-publications-23-24.bib,,,
TQC,2024,poster,Information causality as a tool for bounding the set of quantum correlations,,Mariami Gachechiladze;Prabhav Jain;Nikolai Miklin,,,,,,,"Outstanding Poster, Poster session Monday",,Source: data/conferences/tqc_2024/raw/tqc-publications-23-24.bib,,,
TQC,2024,poster,Quantum Sieving for Code-Based Cryptanalysis,,Lynn Engelberts;Johanna Loyer;Simona Etinski,,,,,,,Poster session Thursday,,Source: data/conferences/tqc_2024/raw/tqc-publications-23-24.bib,,,
TQC,2024,poster,Optimal protocols for universal adjointation of isometry operations,,Satoshi Yoshida;Akihito Soeda;Mio Murao,,,,,,,Poster session Monday,,Source: data/conferences/tqc_2024/raw/tqc-publications-23-24.bib,,,
TQC,2024,poster,Entropy Density Benchmarking of Near-Term Quantum Circuits,,Marine Demarty;James Mills;Raul Garcia-Patron,,,,,,,Poster session Thursday,,Source: data/conferences/tqc_2024/raw/tqc-publications-23-24.bib,,,
TQC,2024,poster,Stabilization of symmetry-protected long-range entanglement in stochastic quantum circuits,,Iosifina Angelidi;Marcin Szyniszewski;Arijeet Pal,,,,,,,Poster session Monday,,Source: data/conferences/tqc_2024/raw/tqc-publications-23-24.bib,,,
TQC,2024,poster,Towards Non-Abelian QSP: Control of Hybrid Continuous- and Discrete-Variable Architectures,,Shraddha Singh;Baptiste Royer;Steven M Girvin,,,,,,,Poster session Thursday,,Source: data/conferences/tqc_2024/raw/tqc-publications-23-24.bib,,,
TQC,2024,poster,Time discretization of near-adiabatic quantum dynamics with a large time step size,,Dong An;Pedro C. S. Costa;Dominic W. Berry,,,,,,,"Outstanding Poster, Poster session Monday",,Source: data/conferences/tqc_2024/raw/tqc-publications-23-24.bib,,,
TQC,2024,poster,Symmetry-restricted quantum circuits are still well-behaved,,Maximilian Balthasar Mansky;Miguel Armayor Martinez;Alejandro Bravo Serna;Santiago Londoño Castillo;Gautham Sathish;Zhihao Wang;Claudia Linnhof-Popien,,,,,,,Poster session Thursday,,Source: data/conferences/tqc_2024/raw/tqc-publications-23-24.bib,,,
TQC,2024,poster,Verification of Quantum Computations without Trusted Preparations or Measurements,,Elham Kashefi;Dominik Leichtle;Luka Music;Harold Ollivier,,,,,,,Poster session Monday,,Source: data/conferences/tqc_2024/raw/tqc-publications-23-24.bib,,,
TQC,2024,poster,Power of quantum measurement in simulating unphysical operations,,Xuanqiang Zhao;Lei Zhang;Benchi Zhao;Xin Wang,,,,,,,Poster session Thursday,,Source: data/conferences/tqc_2024/raw/tqc-publications-23-24.bib,,,
TQC,2024,poster,Non-Clifford and parallelizable fault-tolerant logical gates on constant and almost-constant rate homological quantum LDPC codes via higher symmetries,,Guanyu Zhu;Shehryar Sikander;Elia Portnoy;Andrew Cross;Benjamin Brown,,,,,,,Poster session Monday,,Source: data/conferences/tqc_2024/raw/tqc-publications-23-24.bib,,,
TQC,2024,poster,On the power of geometrically-local classical and quantum circuits,,Kishor Bharti;Rahul Jain,,,,,,,Poster session Thursday,,Source: data/conferences/tqc_2024/raw/tqc-publications-23-24.bib,,,
TQC,2024,poster,Thermal Area Law in Long-Range Interacting Systems,,Donghoon Kim;Tomotaka Kuwahara;Keiji Saito,,,,,,,Poster session Monday,,Source: data/conferences/tqc_2024/raw/tqc-publications-23-24.bib,,,
TQC,2024,poster,Bounding the quantum violation of causal inequalities,,Zixuan Liu;Giulio Chiribella,,,,,,,Poster session Thursday,,Source: data/conferences/tqc_2024/raw/tqc-publications-23-24.bib,,,
TQC,2024,poster,Tangling schedules eases hardware connectivity requirements for quantum error correction,,Gyorgy Geher;Ophelia Crawford;Earl Campbell,,,,,,,"Outstanding Poster, Poster session Monday",,Source: data/conferences/tqc_2024/raw/tqc-publications-23-24.bib,,,
TQC,2024,poster,Problem-informed Graphical Quantum Generative Learning,,Bence Bakó;Dániel Nagy;Zoltán Zimborás,,,,,,,Poster session Thursday,,Source: data/conferences/tqc_2024/raw/tqc-publications-23-24.bib,,,
TQC,2024,poster,"High-fidelity, multi-qubit generalized measurements with dynamic circuits",,Petr Ivashkov;Gideon Uchehara;Liang Jiang;Derek Wang;Alireza Seif,,,,,,,Poster session Monday,,Source: data/conferences/tqc_2024/raw/tqc-publications-23-24.bib,,,
TQC,2024,poster,Single Boson Boson Sampling Characterises Quantum Logspace,,Quinten Tupker,,,,,,,Poster session Thursday,,Source: data/conferences/tqc_2024/raw/tqc-publications-23-24.bib,,,
TQC,2024,poster,Noise is resource-contextual in quantum communication.,,Aditya Nema;Ananda Gopal Maity;David Elkouss;Sergii Strelchuk,,,,,,,Poster session Monday,,Source: data/conferences/tqc_2024/raw/tqc-publications-23-24.bib,,,
TQC,2024,poster,Universal Quantum Speedups for Mixed Integer Programming,,Shouvanik Chakrabarti;Pierre Minssen;Romina Yalovetzky;Marco Pistoia,,,,,,,Poster session Thursday,,Source: data/conferences/tqc_2024/raw/tqc-publications-23-24.bib,,,
TQC,2024,poster,Quantum Coordination Rates in Multi-Partite Networks,,Hosen Nator;Uzi Pereg,,,,,,,Poster session Monday,,Source: data/conferences/tqc_2024/raw/tqc-publications-23-24.bib,,,
TQC,2024,poster,Improving the Fidelity of CNOT Circuits on NISQ Hardware,,Dohun Kim;Minyoung Kim;Sarah Meng Li;Michele Mosca,,,,,,,Poster session Thursday,,Source: data/conferences/tqc_2024/raw/tqc-publications-23-24.bib,,,
TQC,2024,poster,A graphical language for Gaussian quantum processes,,Robert Booth;Titouan Carette;Cole Comfort,,,,,,,Poster session Monday,,Source: data/conferences/tqc_2024/raw/tqc-publications-23-24.bib,,,
TQC,2024,poster,Constrained and Vanishing Expressivity of Quantum Fourier Models,,Hela Mhiri;Leo Monbroussou;Mario Herrero-Gonzales;Slimane Thabet;Jonas Landman;Elham Kashefi,,,,,,,Poster session Thursday,,Source: data/conferences/tqc_2024/raw/tqc-publications-23-24.bib,,,
TQC,2024,poster,Multidimensional Electrical Networks and their Application to Exponential Speedups for Graph Problems,,Sebastian Zur;Jianqiang Li,,,,,,,Poster session Monday,,Source: data/conferences/tqc_2024/raw/tqc-publications-23-24.bib,,,
TQC,2024,poster,Simulating Noisy Variational Quantum Algorithms: A Polynomial Approach,,Yuguo Shao;Fuchuan Wei;Song Cheng;Zhengwei Liu,,,,,,,Poster session Thursday,,Source: data/conferences/tqc_2024/raw/tqc-publications-23-24.bib,,,
TQC,2024,poster,Virtual Quantum Markov Chains,,Yu-Ao Chen;Chengkai Zhu;Keming He;Mingrui Jing;Xin Wang,,,,,,,Poster session Monday,,Source: data/conferences/tqc_2024/raw/tqc-publications-23-24.bib,,,
TQC,2024,poster,Robust and composable device-independent quantum protocols for oblivious transfer and bit commitment,,Rishabh Batra;Sayantan Chakraborty;Rahul Jain;Upendra Kapshikar,,,,,,,Poster session Thursday,,Source: data/conferences/tqc_2024/raw/tqc-publications-23-24.bib,,,
TQC,2024,poster,Long-distance entanglement sharing using hybrid states of discrete and continuous variables,,Soumyakanti Bose;Jaskaran Singh;Adan Cabello;Hyunseok Jeong,,,,,,,Poster session Monday,,Source: data/conferences/tqc_2024/raw/tqc-publications-23-24.bib,,,
TQC,2024,poster,Optimal and robust experiment design for quantum state tomography of star-topology register,,Zhaokai Li,,,,,,,Poster session Thursday,,Source: data/conferences/tqc_2024/raw/tqc-publications-23-24.bib,,,
TQC,2024,poster,"Error and Disturbance as Irreversibility with Applications: Unified Definition, Wigner—Araki—Yanase Theorem and Out-of-Time-Order Correlator",,Haruki Emori;Hiroyasu Tajima,,,,,,,Poster session Monday,,Source: data/conferences/tqc_2024/raw/tqc-publications-23-24.bib,,,
TQC,2024,poster,Universal entanglement distillation,,Salvatore Tirone;Francesco Mele;Vittorio Giovannetti;Ludovico Lami,,,,,,,Poster session Thursday,,Source: data/conferences/tqc_2024/raw/tqc-publications-23-24.bib,,,
TQC,2024,poster,Clustering theorem in 1D long-range interacting systems at arbitrary temperatures,,Yusuke Kimura;Tomotaka Kuwahara,,,,,,,"Outstanding Poster, Poster session Monday",,Source: data/conferences/tqc_2024/raw/tqc-publications-23-24.bib,,,
TQC,2024,poster,Geometrical Aspects Of Resources Distribution In Quantum Random Circuits,,Andres Camilo Granda Arango;Federico Holik;Giussepe Sergioli;Roberto Giuntini,,,,,,,Poster session Thursday,,Source: data/conferences/tqc_2024/raw/tqc-publications-23-24.bib,,,
TQC,2024,poster,Error-mitigated fermionic classical shadows on noisy quantum devices,,Bujiao Wu;Dax Enshan Koh,,,,,,,Poster session Monday,,Source: data/conferences/tqc_2024/raw/tqc-publications-23-24.bib,,,
TQC,2024,poster,Description of random unitary t-designs using Gaussian ensambles,,Adam Sawicki;Piotr Dulian,,,,,,,Poster session Thursday,,Source: data/conferences/tqc_2024/raw/tqc-publications-23-24.bib,,,
TQC,2024,poster,Advantage of Quantum Neural Networks as Quantum Information Decoders,,Oles Shtanko;Weishun Zhong;Ramis Movassagh,,,,,,,Poster session Monday,,Source: data/conferences/tqc_2024/raw/tqc-publications-23-24.bib,,,
TQC,2024,poster,Activation of post-quantumness in generalized EPR scenarios,,Beata Zjawin;Matty Hoban;Ana Belén Sainz;Paul Skrzypczyk,,,,,,,Poster session Thursday,,Source: data/conferences/tqc_2024/raw/tqc-publications-23-24.bib,,,
TQC,2024,poster,"Quantum Polynomial Hierarchies: Collapses, Karp-Lipton, and More",,Avantika Agarwal;Sevag Gharibian;Sabee Grewal;Venkata Koppula;Dorian Rudolph;Justin Yirka,,,,,,,"Outstanding Poster, Poster session Monday",,Source: data/conferences/tqc_2024/raw/tqc-publications-23-24.bib,,,
TQC,2024,poster,Circuits as a self-contained graphical language,,William Schober,,,,,,,Poster session Thursday,,Source: data/conferences/tqc_2024/raw/tqc-publications-23-24.bib,,,
TQC,2024,poster,Lower bounds on entanglement and quantum gates in non-local quantum computation,,Alex May;Vahid Asadi;Eric Culf;Richard Cleve,,,,,,,Poster session Monday,,Source: data/conferences/tqc_2024/raw/tqc-publications-23-24.bib,,,
TQC,2024,poster,Concatenated Steane code with single-flag syndrome checks,,Balint Pato;Theerapat Tansuwannont;Kenneth R. Brown,,,,,,,Poster session Thursday,,Source: data/conferences/tqc_2024/raw/tqc-publications-23-24.bib,,,
TQC,2024,poster,Towards large-scale quantum optimization solvers with few qubits,,Marco Sciorilli;Lucas Borges;Taylor L. Patti;Giancarlo Camilo;Diego Garcia-Martin;Leandro Aolita;Anima Anandkumar,,,,,,,Poster session Monday,,Source: data/conferences/tqc_2024/raw/tqc-publications-23-24.bib,,,
TQC,2024,poster,Generating Function for Projected Entangled-Pair States,,Wei-Lin Tu;Laurens Vanderstraeten;Norbert Schuch;Hyun-Yong Lee;Naoki Kawashima;Ji-Yao Chen,,,,,,,Poster session Thursday,,Source: data/conferences/tqc_2024/raw/tqc-publications-23-24.bib,,,
TQC,2024,poster,Dynamic quantum circuit compilation,,Kun Fang;Munan Zhang;Ruqi Shi;Yinan Li,,,,,,,Poster session Monday,,Source: data/conferences/tqc_2024/raw/tqc-publications-23-24.bib,,,
TQC,2024,poster,Efficient Implementation of Multi-Controlled Quantum Gates,,Ben Zindorf;Sougato Bose,,,,,,,Poster session Thursday,,Source: data/conferences/tqc_2024/raw/tqc-publications-23-24.bib,,,
TQC,2024,poster,Classical algorithm for simulating experimental Gaussian boson sampling,,Changhun Oh;Minzhao Liu;Yuri Alexeev;Bill Fefferman;Liang Jiang,,,,,,,Poster session Monday,,Source: data/conferences/tqc_2024/raw/tqc-publications-23-24.bib,,,
TQC,2024,poster,A Unified Theory of Barren Plateaus for Deep Parametrized Quantum Circuits,,Martin Larocca;Marco Cerezo;Frederic Sauvage;Michael Ragone;Bojko Bakalov;Alexander Kemper;Carlos Ortiz Marrero,,,,,,,Poster session Thursday,,Source: data/conferences/tqc_2024/raw/tqc-publications-23-24.bib,,,
TQC,2024,poster,Finite Device-Independent Extraction of a Block Min-Entropy Source against Quantum Adversaries,,Ravishankar Ramanathan,,,,,,,Poster session Monday,,Source: data/conferences/tqc_2024/raw/tqc-publications-23-24.bib,,,
TQC,2024,poster,Comprehensive Analysis on Image Generation using Quantum Generative Adversarial Network,,Ashish Solanki;Dr. Sandeep Singh Kang,,,,,,,Poster session Thursday,,Source: data/conferences/tqc_2024/raw/tqc-publications-23-24.bib,,,
TQC,2024,poster,The discrete adiabatic quantum linear system solver has lower constant factors than the randomized adiabatic solver,,Pedro Costa;Dong An;Ryan Babbush;Dominic Berry,,,,,,,Poster session Monday,,Source: data/conferences/tqc_2024/raw/tqc-publications-23-24.bib,,,
TQC,2024,poster,Quantifying Subspace Entanglement with Geometric Measures,,Xuanran Zhu;Chao Zhang;Bei Zeng,,,,,,,Poster session Thursday,,Source: data/conferences/tqc_2024/raw/tqc-publications-23-24.bib,,,
TQC,2024,poster,Retrieving non-linear features from noisy quantum states,,Benchi Zhao;Mingrui Jing;Lei Zhang;Xuanqiang Zhao;Kun Wang;Yu-Ao Chen;Xin Wang,,,,,,,Poster session Monday,,Source: data/conferences/tqc_2024/raw/tqc-publications-23-24.bib,,,
TQC,2024,poster,Information-theoretic Reconstruction of Quantum Particle Statistics,,Nicolás Medina Sánchez,,,,,,,Poster session Thursday,,Source: data/conferences/tqc_2024/raw/tqc-publications-23-24.bib,,,
TQC,2024,poster,Majorization in large samples,,Erkka Haapasalo;Muhammad Usman Farooq;Tobias Fritz;Marco Tomamichel;Frits Verhagen,,,,,,,Poster session Monday,,Source: data/conferences/tqc_2024/raw/tqc-publications-23-24.bib,,,
TQC,2024,poster,"Authenticable (t,m) threshold quantum secret sharing scheme based on generalized unitary operators",,Deepa Rathi;Sanjeev Kumar,,,,,,,Poster session Thursday,,Source: data/conferences/tqc_2024/raw/tqc-publications-23-24.bib,,,
TQC,2024,poster,Universal algorithm for transforming Hamiltonian eigenvalues,,Tatsuki Odake;Hlér Kristjánsson;Philip Taranto;Mio Murao,,,,,,,Poster session Monday,,Source: data/conferences/tqc_2024/raw/tqc-publications-23-24.bib,,,
TQC,2024,poster,Pseudorandom and Pseudoentangled States from Subset States,,Fernando Jeronimo;Nir Magrafta;Pei Wu,,,,,,,Poster session Thursday,,Source: data/conferences/tqc_2024/raw/tqc-publications-23-24.bib,,,
TQC,2024,poster,Unclonable Cryptography with Unbounded Collusions & Impossibility of Hyperefficient Shadow Tomography,,Alper Çakan;Vipul Goyal,,,,,,,Poster session Monday,,Source: data/conferences/tqc_2024/raw/tqc-publications-23-24.bib,,,
TQC,2024,poster,Limitations of Noisy Quantum Devices in Computing and Entangling Power,,Yuxuan Yan;Zhenyu Du;Junjie Chen;Xiongfeng Ma,,,,,,,Poster session Thursday,,Source: data/conferences/tqc_2024/raw/tqc-publications-23-24.bib,,,
TQC,2024,poster,Quantum Ripple-Carry Adders and Comparators,,Maxime Remaud,,,,,,,Poster session Monday,,Source: data/conferences/tqc_2024/raw/tqc-publications-23-24.bib,,,
TQC,2024,poster,Optimized QUBO formulation methods for quantum computing,,Dario De Santis;Salvatore Tirone;Stefano Marmi;Vittorio Giovannetti,,,,,,,Poster session Thursday,,Source: data/conferences/tqc_2024/raw/tqc-publications-23-24.bib,,,
TQC,2024,poster,Clifford Group and Unitary Designs under Symmetry,,Yosuke Mitsuhashi;Nobuyuki Yoshioka,,,,,,,Poster session Monday,,Source: data/conferences/tqc_2024/raw/tqc-publications-23-24.bib,,,
TQC,2024,poster,Qutrit-QAOA Approach for Graph 9-Coloring Optimization,,Daniele Trisciani;Marco Cattaneo;Zoltan Zimboras,,,,,,,Poster session Thursday,,Source: data/conferences/tqc_2024/raw/tqc-publications-23-24.bib,,,
TQC,2024,poster,Quantum Contextuality and Quantum Nonlocality together,,Tassius Temistocles;Gabriel Ruffolo;Rafael Rabelo;Marcelo Terra Cunha,,,,,,,Poster session Monday,,Source: data/conferences/tqc_2024/raw/tqc-publications-23-24.bib,,,
TQC,2024,poster,Quantum-classical tradeoffs and multi-controlled quantum gate decompositions in variational algorithms,,Teague Tomesh;Nicholas Allen;Daniel Dilley;Zain Saleem,,,,,,,Poster session Thursday,,Source: data/conferences/tqc_2024/raw/tqc-publications-23-24.bib,,,
TQC,2024,poster,Faster Quantum Algorithms with “Fractional”-Truncated Series,,Yue Wang;Qi Zhao,,,,,,,Poster session Monday,,Source: data/conferences/tqc_2024/raw/tqc-publications-23-24.bib,,,
TQC,2024,poster,Verification-inspired quantum benchmarking,,Johannes Frank;Elham Kashefi;Dominik Leichtle;Michael Oliveira,,,,,,,Poster session Thursday,,Source: data/conferences/tqc_2024/raw/tqc-publications-23-24.bib,,,
TQC,2024,poster,Universal fidelity-dissipation relations in quantum gates,,Tan Van Vu;Tomotaka Kuwahara;Keiji Saito,,,,,,,Poster session Monday,,Source: data/conferences/tqc_2024/raw/tqc-publications-23-24.bib,,,
TQC,2024,poster,The power of shallow-depth Toffoli and qudit quantum circuits,,Alex Bredariol Grilo;Elham Kashefi;Damian Markham;Michael Oliveira,,,,,,,Poster session Thursday,,Source: data/conferences/tqc_2024/raw/tqc-publications-23-24.bib,,,
TQC,2024,poster,Unclonable Non-Interactive Zero-Knowledge,,Ruta Jawale;Dakshita Khurana,,,,,,,Poster session Monday,,Source: data/conferences/tqc_2024/raw/tqc-publications-23-24.bib,,,
TQC,2024,poster,Improved finite-size key rates for discrete-modulated continuous variable quantum key distribution in the presence of coherent attacks,,Carlos Pascual;Stefan Baeuml;Mateus Araújo;Rotem Liss;Antonio Acin,,,,,,,Poster session Thursday,,Source: data/conferences/tqc_2024/raw/tqc-publications-23-24.bib,,,
TQC,2024,poster,Memory Minimal Predictive Models for Quantum Processes,,Graeme Berk;Jayne Thompson;Mile Gu,,,,,,,Poster session Monday,,Source: data/conferences/tqc_2024/raw/tqc-publications-23-24.bib,,,
TQC,2024,poster,Early Fault-Tolerant Quantum Algorithms in Practice: Application to Ground-State Energy Estimation,,Oriel Kiss;Utkarsh Azad;Alessandro Roggero;Juan Miguel Arrazola;Borja Requena;David Wakeham,,,,,,,Poster session Thursday,,Source: data/conferences/tqc_2024/raw/tqc-publications-23-24.bib,,,
TQC,2024,poster,Information-theoretic derivation of energy and speed bounds,,Lorenzo Giannelli;Giulio Chiribella,,,,,,,Poster session Monday,,Source: data/conferences/tqc_2024/raw/tqc-publications-23-24.bib,,,
TQC,2024,poster,Training Quantum Boltzmann Machines to learn physical Gibbs states,,Enrico Rinaldi;Yuta Kikuchi;Matthias Rosenkranz;Ryuji Sakata,,,,,,,Poster session Thursday,,Source: data/conferences/tqc_2024/raw/tqc-publications-23-24.bib,,,
TQC,2024,poster,Fundamental Limitations on Communication over a Quantum Network,,Junjing Xing;Tianfeng Feng;Zhaobing Fan;Haitao Ma;Kishor Bharti;Dax Koh;Yunlong Xiao,,,,,,,Poster session Monday,,Source: data/conferences/tqc_2024/raw/tqc-publications-23-24.bib,,,
TQC,2024,poster,Unified Quantum State Tomography and Hamiltonian Learning Using Transformer Models: A Language-Translation-Like Approach for Quantum Systems,,Zheng An;Jiahui Wu;Muchun Yang;D. L. Zhou;Bei Zeng,,,,,,,Poster session Thursday,,Source: data/conferences/tqc_2024/raw/tqc-publications-23-24.bib,,,
TQC,2024,poster,Security of hybrid BB84 with heterodyne detection,,Jasminder Sidhu;Rocco Maggi;Saverio Pascazio;Cosmo Lupo,,,,,,,Poster session Monday,,Source: data/conferences/tqc_2024/raw/tqc-publications-23-24.bib,,,
TQC,2024,poster,Quantum singular value transformation for an arbitrary bounded operator embedded in a unitary operator,,Chusei Kiumi;Akito Suzuki;Yohei Tanaka,,,,,,,Poster session Thursday,,Source: data/conferences/tqc_2024/raw/tqc-publications-23-24.bib,,,
TQC,2024,poster,H ̈uckel Molecular Orbital Theory on a Quantum Computer: A Scalable System-Agnostic Variational Implementation with Compact Encoding,,Harshdeep Singh;Sonjoy Majumder;Sabyashachi Mishra,,,,,,,Poster session Monday,,Source: data/conferences/tqc_2024/raw/tqc-publications-23-24.bib,,,
TQC,2024,poster,Efficient erasure of quantum information beyond Landauer's limit,,Carlos Octavio Ribeiro Neto;Bertúlio Bernardo,,,,,,,Poster session Thursday,,Source: data/conferences/tqc_2024/raw/tqc-publications-23-24.bib,,,
TQC,2024,poster,Causal Classification of Spatiotemporal Quantum Correlations,,Minjeong Song;Varun Narasimhachar;Bartosz Regula;Thomas Elliott;Mile Gu,,,,,,,Poster session Monday,,Source: data/conferences/tqc_2024/raw/tqc-publications-23-24.bib,,,
TQC,2024,poster,All you need is Trotter,,Gumaro Rendon,,,,,,,Poster session Thursday,,Source: data/conferences/tqc_2024/raw/tqc-publications-23-24.bib,,,
TQC,2024,poster,Alchemy of quantum coherence: Arbitrary amplification in catalytic and asymptotic coherence manipulation,,Naoto Shiraishi;Ryuji Takagi,,,,,,,Poster session Monday,,Source: data/conferences/tqc_2024/raw/tqc-publications-23-24.bib,,,
TQC,2024,poster,SPOQC: a Spin-Optical Quantum Computing Architecture,,Grégoire Gliniasty;Paul Hilaire;Pierre-Emmanuel Emeriau;Stephen Wein;Alexia Salavrakos;Shane Mansfield,,,,,,,Poster session Monday,,Source: data/conferences/tqc_2024/raw/tqc-publications-23-24.bib,,,
TQC,2024,poster,Near-term n to k distillation protocols using graph codes,,Kenneth Goodenough;Sebastian Bone;Vaishnavi Addala;Stefan Krastanov;Sarah Jansen;Dion Gijswijt;David Elkouss,,,,,,,Poster session Thursday,,Source: data/conferences/tqc_2024/raw/tqc-publications-23-24.bib,,,
TQC,2024,poster,Fundamental limits of metrology at thermal equilibrium,,Paolo Abiuso;Pavel Sekatski;John Calsamiglia;Martí Perarnau-Llobet,,,,,,,Poster session Monday,,Source: data/conferences/tqc_2024/raw/tqc-publications-23-24.bib,,,
TQC,2024,poster,Advances in quantum algorithms for the shortest s-t path problem.,,Adam Wesolowski;Stephen Piddock,,,,,,,Poster session Thursday,,Source: data/conferences/tqc_2024/raw/tqc-publications-23-24.bib,,,
TQC,2024,poster,Quantum key distribution with unbounded pulse correlations,,Margarida Pereira;Guillermo Currás-Lorenzo;Akihiro Mizutani;Davide Rusca;Marcos Curty;Kiyoshi Tamaki,,,,,,,Poster session Monday,,Source: data/conferences/tqc_2024/raw/tqc-publications-23-24.bib,,,
TQC,2024,poster,Efficient state preparation for multivariate Monte Carlo simulation,,Hitomi Mori;Kosuke Mitarai;Keisuke Fujii,,,,,,,Poster session Thursday,,Source: data/conferences/tqc_2024/raw/tqc-publications-23-24.bib,,,
TQC,2024,poster,Interplay between the Hilbert-space dimension of the control system and the memory induced by quantum,,Saheli Mukherjee;Bivas Mallick;Sravani Yanamandra;Samyadeb Bhattacharya;Ananda Gopal Maity,,,,,,,Poster session Monday,,Source: data/conferences/tqc_2024/raw/tqc-publications-23-24.bib,,,
TQC,2024,poster,Fault Tolerant Quantum Error Mitigation,,Alvin Gonzales;Anjala M Babu;Ji Liu;Zain Saleem;Mark Byrd,,,,,,,Poster session Thursday,,Source: data/conferences/tqc_2024/raw/tqc-publications-23-24.bib,,,
TQC,2024,poster,All graph state verification protocols are composably secure,,Léo Colisson;Damian Markham;Raja Yehia,,,,,,,Poster session Monday,,Source: data/conferences/tqc_2024/raw/tqc-publications-23-24.bib,,,
TQC,2024,poster,A general purification protocol with imperfect state preparation,,Golshan Lirabi;Faedi Loulidi;David Elkouss,,,,,,,Poster session Thursday,,Source: data/conferences/tqc_2024/raw/tqc-publications-23-24.bib,,,
TQC,2024,poster,Algebra of Nonlocal Boxes and the Collapse of Communication Complexity,,Pierre Botteron;Anne Broadbent;Reda Chhaibi;Ion Nechita;Clément Pellegrini,,,,,,,Poster session Monday,,Source: data/conferences/tqc_2024/raw/tqc-publications-23-24.bib,,,
TQC,2024,poster,Quantum state tomography of pure states with (almost) no regrets,,Josep Lumbreras;Mikhail Terekhov;Marco Tomamichel,,,,,,,Poster session Thursday,,Source: data/conferences/tqc_2024/raw/tqc-publications-23-24.bib,,,
TQC,2024,poster,Mitigating photon loss in linear optical quantum circuits' Merged with 'An error-mitigated photonic quantum circuit Born machine',,James Mills;Alexia Salavrakos;Rawad Mezher,,,,,,,Poster session Monday,,Source: data/conferences/tqc_2024/raw/tqc-publications-23-24.bib,,,
TQC,2024,poster,Quantum Algorithms For String Problems,,Joshua Cudby;Sergii Strelchuk,,,,,,,Poster session Thursday,,Source: data/conferences/tqc_2024/raw/tqc-publications-23-24.bib,,,
TQC,2024,poster,Quantum energetic advantages for agents executing complex strategies online,,Jayne Thompson;Paul Riechers;Andrew Garner;Thomas Elliott;Mile Gu,,,,,,,Poster session Monday,,Source: data/conferences/tqc_2024/raw/tqc-publications-23-24.bib,,,
TQC,2024,poster,An entanglement distillation-based state estimator,,Joshua Carlo Casapao;Ananda Gopal Maity;Naphan Benchasattabuse;Michal Hajdusek;Rodney Van Meter;David Elkouss,,,,,,,Poster session Thursday,,Source: data/conferences/tqc_2024/raw/tqc-publications-23-24.bib,,,
TQC,2024,poster,Encoding quantum circuits onto graphs: computation of probability amplitudes via permanents,,Hugo Thomas;Pierre-Emmanuel Emeriau;Rawad Mezher,,,,,,,Poster session Monday,,Source: data/conferences/tqc_2024/raw/tqc-publications-23-24.bib,,,
TQC,2024,poster,Post-Quantum Security and Privacy via Cloud: A Practical Quantum Digital Token Protocol,,Yichi Zhang;Siyuan Jin;Yuhan Huang;Bei Zeng;Qiming Shao,,,,,,,Poster session Thursday,,Source: data/conferences/tqc_2024/raw/tqc-publications-23-24.bib,,,
TQC,2024,poster,"Lossy-and-Constrained Extended Non-Local Games with Applications to Cryptography: BC, QKD and QPV",,Llorenç Escolà-Farràs;Florian Speelman,,,,,,,Poster session Monday,,Source: data/conferences/tqc_2024/raw/tqc-publications-23-24.bib,,,
TQC,2024,poster,Random Compilers for Hamiltonian Simulation via Markov Chain,,Benoît Dubus;Jérémie Roland,,,,,,,Poster session Thursday,,Source: data/conferences/tqc_2024/raw/tqc-publications-23-24.bib,,,
TQC,2024,poster,Quantum Rainbow Codes,,Tom Scruby;Arthur Pesah;Mark Webster,,,,,,,Poster session Monday,,Source: data/conferences/tqc_2024/raw/tqc-publications-23-24.bib,,,
TQC,2024,poster,A pure (2+1)-dimensional SU(2) model for analog simulation in small-scale superconducting quantum devices,,Lucia Valor;Klaus Liegener;Stefan Filipp;Peter Rabl,,,,,,,Poster session Thursday,,Source: data/conferences/tqc_2024/raw/tqc-publications-23-24.bib,,,
TQC,2024,poster,Continuous-variable Quantum Position Verification secure against entangled attackers,,Rene Allerstorfer;Llorenç Escolà-Farràs;Arpan Akash Ray;Boris Škorić;Florian Speelman,,,,,,,Poster session Monday,,Source: data/conferences/tqc_2024/raw/tqc-publications-23-24.bib,,,
TQC,2024,poster,Certifying high-dimensional entanglement using measurements in arbitrary bases,,Nicky Kai Hong Li;Marcus Huber;Nicolai Friis,,,,,,,Poster session Thursday,,Source: data/conferences/tqc_2024/raw/tqc-publications-23-24.bib,,,
TQC,2024,poster,Assessing non-Markovian dynamics through moments of the Choi state,,Bivas Mallick;Saheli Mukherjee;Ananda Gopal Maity;Archan S. Majumdar,,,,,,,Poster session Monday,,Source: data/conferences/tqc_2024/raw/tqc-publications-23-24.bib,,,
TQC,2024,poster,Frequency estimation with time uncertainty in non-Markovian processes,,Zishen Li;Yuxiang Yang;Xinyue Long;Xiaodong Yang;Dawei Lu,,,,,,,Poster session Thursday,,Source: data/conferences/tqc_2024/raw/tqc-publications-23-24.bib,,,
TQC,2024,poster,Neural Network-Based Randomness Assessment for Quantum Random Number Generators,,Hamid Tebyanian,,,,,,,Poster session Monday,,Source: data/conferences/tqc_2024/raw/tqc-publications-23-24.bib,,,
TQC,2024,poster,Quantum Machine Learning for Drowsiness Detection with Electroencephalogram Signals,,Askery Canabarro;André Juan Ferreira Martins;Isis Didier;Rafael Chaves;Lavínia Araújo;Caio Maior;Plinio Ramos;Marcio Moura,,,,,,,Poster session Thursday,,Source: data/conferences/tqc_2024/raw/tqc-publications-23-24.bib,,,
TQC,2024,poster,Fast algorithms for classical specifications of stabiliser states and Clifford gates,,Nadish Silva;Wilfred Salmon;Ming Yin,,,,,,,Poster session Monday,,Source: data/conferences/tqc_2024/raw/tqc-publications-23-24.bib,,,
TQC,2024,poster,Improved classical shadows from local symmetries in the Schur basis,,Daniel Grier;Sihan Liu;Gaurav Mahajan,,,,,,,Poster session Thursday,,Source: data/conferences/tqc_2024/raw/tqc-publications-23-24.bib,,,
TQC,2024,poster,Protecting Quantum Information via Destructive Interference of Correlated Noise,,Alon Salhov;Qingyun Cao;Jianming Cai;Alex Retzker;Fedor Jelezko;Genko Genov,,,,,,,Poster session Monday,,Source: data/conferences/tqc_2024/raw/tqc-publications-23-24.bib,,,
TQC,2024,poster,Detecting quantum phase transitions in a frustrated spin chain via transfer learning of a quantum classifier algorith,,Askery Canabarro;André Juan Ferreira Martins;Rafael Chaves;Rodrigo Pereira;Diogo Soares Pinto;Leandro Silva;Alberto Palhares,,,,,,,Poster session Thursday,,Source: data/conferences/tqc_2024/raw/tqc-publications-23-24.bib,,,
TQC,2024,poster,Energy preserving evolutions over Bosonic systems,,Paul Gondolf;Tim Möbus;Cambyse Rouzé,,,,,,,Poster session Monday,,Source: data/conferences/tqc_2024/raw/tqc-publications-23-24.bib,,,
TQC,2024,poster,Learning Classical Neural Networks for Quantum Support Vector Machine,,Yu-Chao Hsu;Ran-Yu Chang;Tsung-Wei Huang,,,,,,,Poster session Thursday,,Source: data/conferences/tqc_2024/raw/tqc-publications-23-24.bib,,,
TQC,2024,poster,A Domain of Symmetric Unital Channels,,Daniel Bonior,,,,,,,Poster session Monday,,Source: data/conferences/tqc_2024/raw/tqc-publications-23-24.bib,,,
TQC,2024,poster,A Bravyi-König theorem for Floquet codes,,Jelena Mackeprang;Jonas Helsen,,,,,,,Poster session Thursday,,Source: data/conferences/tqc_2024/raw/tqc-publications-23-24.bib,,,
TQC,2024,poster,Device-independent certification of quantum gates under the dimension assumption,,Nikolai Miklin;Jan Nöller;Martin Kliesch;Mariami Gachechiladze,,,,,,,Poster session Monday,,Source: data/conferences/tqc_2024/raw/tqc-publications-23-24.bib,,,
TQC,2024,poster,Improved Financial Forecasting via Quantum Machine Learning,,André Juan Ferreira-Martins;Natansh Mathur;Skander Kazdaghli;Sohum Thakkar;Iordanis Kerenidis;Samuraí Brito,,,,,,,Poster session Thursday,,Source: data/conferences/tqc_2024/raw/tqc-publications-23-24.bib,,,
TQC,2024,poster,On the Impossibility of General Parallel Fast-forwarding of Hamiltonian Simulation,,Nai-Hui Chia;Kai-Min Chung;Yao-Ching Hsieh;Han-Hsuan Lin;Yao-Ting Lin;Yu-Ching Shen,,,,,,,Poster session Monday,,Source: data/conferences/tqc_2024/raw/tqc-publications-23-24.bib,,,
TQC,2024,poster,A Practical Protocol for Quantum Oblivious Transfer from One-Way Functions,,Eleni Diamanti;Alex Bredariol Grilo;Adriano Innocenzi;Pascal Lefebvre;Verena Yacoub;Alvaro Yángüez,,,,,,,Poster session Thursday,,Source: data/conferences/tqc_2024/raw/tqc-publications-23-24.bib,,,
TQC,2024,poster,Optimizing resource efficiencies for scalable full-stack quantum computers,,Marco Fellous Asiani;Jing Hao Chai;Yvain Thonnart;Hui Khoon Ng;Robert Whitney;Alexia Auffeves,,,,,,,Poster session Monday,,Source: data/conferences/tqc_2024/raw/tqc-publications-23-24.bib,,,
TQC,2024,poster,Phase estimation in driven discrete-time quantum walks,,Shivani Singh;Craig Hamilton;Igor Jex,,,,,,,Poster session Thursday,,Source: data/conferences/tqc_2024/raw/tqc-publications-23-24.bib,,,
TQC,2024,poster,Quantum One-Wayness of the Single-Round Sponge with Invertible Permutations,,Joseph Carolan;Alexander Poremba,,,,,,,"Outstanding Poster, Poster session Monday",,Source: data/conferences/tqc_2024/raw/tqc-publications-23-24.bib,,,
TQC,2024,poster,Facets of correlated non-Markovian quantum channels,,Vivek Balsaheb Sabale;Nihar Ranjan Dash;Atul Kumar;Subhashish Banerjee,,,,,,,Poster session Thursday,,Source: data/conferences/tqc_2024/raw/tqc-publications-23-24.bib,,,
TQC,2024,poster,Public-key Quantum Money from Quantum Physical Unclonable Functions,,Soham Ghosh;Vladlen Galetsky;Pol Julia Farre;Christian Deppe;Roberto Ferrara;Holger Boche,,,,,,,Poster session Monday,,Source: data/conferences/tqc_2024/raw/tqc-publications-23-24.bib,,,
TQC,2024,poster,Quantum Codes from Small High Dimensional Expanders,,Adam Marks,,,,,,,Poster session Thursday,,Source: data/conferences/tqc_2024/raw/tqc-publications-23-24.bib,,,
TQC,2024,poster,How to Sign Quantum Messages,,Mohammed Barhoush;Louis Salvail,,,,,,,Poster session Monday,,Source: data/conferences/tqc_2024/raw/tqc-publications-23-24.bib,,,
TQC,2024,poster,Numerical studies on quantum state verification with single-qubit measurements,,Seiseki Akibue;Yuki Takeuchi;Akihito Mizutani,,,,,,,Poster session Thursday,,Source: data/conferences/tqc_2024/raw/tqc-publications-23-24.bib,,,
TQC,2024,poster,Stabilizer Tensor Networks: universal quantum simulator on a basis of stabilizer states,,Sergi Masot Llima;Artur Garcia Saez,,,,,,,Poster session Monday,,Source: data/conferences/tqc_2024/raw/tqc-publications-23-24.bib,,,
TQC,2024,poster,Biased Clifford Classical Shadows Tomography,,Angus Mingare;Timothy Weaving;Peter Coveney,,,,,,,Poster session Thursday,,Source: data/conferences/tqc_2024/raw/tqc-publications-23-24.bib,,,
TQC,2024,poster,Modeling error correction with Lindblad dynamics and approximate channels,,Zohar Schwartzman-Nowik;Liran Shirizly;Haggai Landa,,,,,,,Poster session Monday,,Source: data/conferences/tqc_2024/raw/tqc-publications-23-24.bib,,,
TQC,2024,poster,Demonstration of quantum projective simulation on a single-photon-based quantum computer,,Giacomo Franceschetto;Arno Ricou,,,,,,,Poster session Thursday,,Source: data/conferences/tqc_2024/raw/tqc-publications-23-24.bib,,,
TQC,2024,poster,Complexity of Gaussian Quantum Optics with a Limited Number of Non-Linearities,,Michael Gide Jabbour;Leonardo Novo,,,,,,,Poster session Monday,,Source: data/conferences/tqc_2024/raw/tqc-publications-23-24.bib,,,
TQC,2024,poster,Fully quantum arbitrarily varying channel coding for entanglement-assisted communication,,Paula Belzig,,,,,,,Poster session Thursday,,Source: data/conferences/tqc_2024/raw/tqc-publications-23-24.bib,,,
TQC,2024,poster,Powerful Primitives in the Bounded Quantum Storage Model,,Mohammed Barhoush;Louis Salvail,,,,,,,Poster session Monday,,Source: data/conferences/tqc_2024/raw/tqc-publications-23-24.bib,,,
TQC,2024,poster,N-qubit GHZ state distillation via alternating local operations,,Aron Rozgonyi;Gábor Széchenyi;Tamás Kiss;Orsolya Kalman,,,,,,,Poster session Thursday,,Source: data/conferences/tqc_2024/raw/tqc-publications-23-24.bib,,,
TQC,2024,poster,Choi-Defined Resource Theories,,Elia Zanoni;Carlo Maria Scandolo,,,,,,,Poster session Monday,,Source: data/conferences/tqc_2024/raw/tqc-publications-23-24.bib,,,
TQC,2024,poster,Randomized Benchmarking of Local Zeroth-Order Optimizers for Variational Quantum Systems,,Lucas Tecot;Cho-Jui Hsieh,,,,,,,Poster session Thursday,,Source: data/conferences/tqc_2024/raw/tqc-publications-23-24.bib,,,
TQC,2024,poster,Signatures From Pseudorandom States via bot-PRFs,,Mohammed Barhoush;Amit Behera;Lior Ozer;Louis Salvail;Or Sattath,,,,,,,Poster session Monday,,Source: data/conferences/tqc_2024/raw/tqc-publications-23-24.bib,,,
TQC,2024,poster,Transformation contextuality witness in heat flow inversion,,Naim Elias Comar;Luis Felipe Santos;Danilo Cius;Rafael Wagner;Barbara Amaral,,,,,,,Poster session Thursday,,Source: data/conferences/tqc_2024/raw/tqc-publications-23-24.bib,,,
TQC,2024,poster,The multimode conditional quantum Entropy Power Inequality and the squashed entanglement of the extreme multimode bosonic Gaussian channels,,Alessandro Falco;Giacomo De Palma,,,,,,,"Outstanding Poster, Poster session Monday",,Source: data/conferences/tqc_2024/raw/tqc-publications-23-24.bib,,,
TQC,2024,poster,Minimal-noise estimation of noncommuting rotations of a spin,,Jakub Czartowski;Karol Życzkowski;Daniel Braun,,,,,,,Poster session Thursday,,Source: data/conferences/tqc_2024/raw/tqc-publications-23-24.bib,,,
TQC,2024,poster,Finite key performance of satellite quantum key distribution under practical constraints,,Jasminder Sidhu;Thomas Brougham;Duncan McArthur;Roberto Pousa;Daniel Oi,,,,,,,Poster session Monday,,Source: data/conferences/tqc_2024/raw/tqc-publications-23-24.bib,,,
TQC,2024,poster,Weight Reduced Stabilizer Codes with Lower Overhead,,Eric Sabo;Lane Gunderman;Benjamin Ide;Michael Vasmer;Guillaume Dauphinais,,,,,,,Poster session Thursday,,Source: data/conferences/tqc_2024/raw/tqc-publications-23-24.bib,,,
TQC,2024,poster,Non-Interactive Classical Verification of Quantum Depth: A Fine-Grained Characterization,,Nai-Hui Chia;Shih-Han Hung,,,,,,,Poster session Monday,,Source: data/conferences/tqc_2024/raw/tqc-publications-23-24.bib,,,
TQC,2024,poster,Hidden Non $n$-locality In Linear Networks,,Kaushiki Mukherjee;Soma Mandal;Tapaswini Patro;Nirman Ganguly,,,,,,,Poster session Thursday,,Source: data/conferences/tqc_2024/raw/tqc-publications-23-24.bib,,,
TQC,2024,poster,Generalized Hybrid Search with Applications to Blockchain and Hash Function Security,,Alexandru Cojocaru;Juan Garay;Fang Song,,,,,,,Poster session Monday,,Source: data/conferences/tqc_2024/raw/tqc-publications-23-24.bib,,,
TQC,2024,poster,Symmetric and asymmetric strategies for Bell-inequality violation,,Hsin-Yu Hsu;Gelo Noel Tabia;Bo-An Tasi;Kai-Siang Chen;Yeong-Cherng Liang,,,,,,,Poster session Thursday,,Source: data/conferences/tqc_2024/raw/tqc-publications-23-24.bib,,,
TQC,2024,poster,Efficient stabilizer entropies for quantum computers,,Tobias Haug;Soovin Lee;Myungshik Kim,,,,,,,Poster session Monday,,Source: data/conferences/tqc_2024/raw/tqc-publications-23-24.bib,,,
TQC,2024,poster,Efficiency Analysis of Continuous Variable Quantum Communication Lines in the Presence of Fluctuating Parameters,,Giuseppe Catalano;Marco Fanizza;Francesco Anna Mele;Giacomo De Palma;Vittorio Giovannetti,,,,,,,Poster session Thursday,,Source: data/conferences/tqc_2024/raw/tqc-publications-23-24.bib,,,
TQC,2024,poster,Problem Specific Classical Optimization of Hamiltonian Simulation,,Refik Mansuroglu;Felix Fischer;Michael Hartmann,,,,,,,Poster session Monday,,Source: data/conferences/tqc_2024/raw/tqc-publications-23-24.bib,,,
TQC,2024,poster,Resonant Tunneling Effects in Quantum Communication,,Giuseppe Catalano;Farzad Kianvash;Vittorio Giovannetti,,,,,,,Poster session Thursday,,Source: data/conferences/tqc_2024/raw/tqc-publications-23-24.bib,,,
TQC,2024,poster,Approximation Algorithms for Quantum Max-d-Cut,,Zackary Jorquera;Steven Kordonowy;Stuart Wayland;Alexandra Kolla;Charlie Carlson,,,,,,,Poster session Monday,,Source: data/conferences/tqc_2024/raw/tqc-publications-23-24.bib,,,
TQC,2024,poster,Equivalence between operator spreading and information propagation,,Cheng Shang;Hayato Kinkawa;Tomotaka Kuwahara,,,,,,,Poster session Thursday,,Source: data/conferences/tqc_2024/raw/tqc-publications-23-24.bib,,,
TQC,2024,poster,Unclonable Commitments and Proofs,,Vipul Goyal;Giulio Malavolta;Justin Raizes,,,,,,,Poster session Monday,,Source: data/conferences/tqc_2024/raw/tqc-publications-23-24.bib,,,
TQC,2024,poster,Quantum bounds for compiled XOR games and d-outcome CHSH games,,Matilde Baroni;Quoc-Huy Vu;Boris Bourdoncle;Eleni Diamanti;Damian Markham;Ivan Šupić,,,,,,,Poster session Thursday,,Source: data/conferences/tqc_2024/raw/tqc-publications-23-24.bib,,,
TQC,2024,poster,A security framework for quantum key distribution implementations,,Guillermo Currás-Lorenzo;Margarida Pereira;Go Kato;Marcos Curty;Kiyoshi Tamaki,,,,,,,Poster session Monday,,Source: data/conferences/tqc_2024/raw/tqc-publications-23-24.bib,,,
TQC,2024,poster,Exact results on matrix inversion polynomials,,Bjorn Berntson;Zalan Nemeth;Andrew Patterson;Christoph Sünderhauf,,,,,,,Poster session Thursday,,Source: data/conferences/tqc_2024/raw/tqc-publications-23-24.bib,,,
TQC,2024,poster,Continuous-variable quantum passive optical networks,,Ivan Derkach;Adnan A. E. Hajomer;Radim Filip;Ulrik L. Andersen;Vladyslav C. Usenko;Tobias Gehring,,,,,,,Poster session Monday,,Source: data/conferences/tqc_2024/raw/tqc-publications-23-24.bib,,,
TQC,2024,poster,Probabilistic versions of Quantum Private Queries,,Silvia Onofri;Vittorio Giovannetti,,,,,,,Poster session Thursday,,Source: data/conferences/tqc_2024/raw/tqc-publications-23-24.bib,,,
TQC,2024,poster,Practical limitations of quantum data propagation on noisy quantum processors,,Gaurav Saxena;Ahmed Shalabi;Thi Ha Kyaw,,,,,,,Poster session Monday,,Source: data/conferences/tqc_2024/raw/tqc-publications-23-24.bib,,,
TQC,2024,poster,Recurrence in discrete-time stochastic quantum walks,,İskender Yalçınkaya;Martin Stefanak;Václav Potoček;Aurél Gábris;Sonja Barkhofen;Christine Silberhorn;Igor Jex,,,,,,,Poster session Thursday,,Source: data/conferences/tqc_2024/raw/tqc-publications-23-24.bib,,,
TQC,2024,poster,Predicting adaptively chosen observables in quantum systems,,Jerry Huang;Laura Lewis;Hsin-Yuan Huang;John Preskill,,,,,,,Poster session Monday,,Source: data/conferences/tqc_2024/raw/tqc-publications-23-24.bib,,,
TQC,2024,poster,Multiparty Local Bit Hiding: Non-Causal Advantage and Super-Activation of Causal Indefiniteness,,Sahil Gopalkrishna Naik;Samrat Sen;Ramkrishna Patra;Mir Alimuddin;Manik Banik;Ananya Chakraborty;Pratik Ghoshal,,,,,,,Poster session Thursday,,Source: data/conferences/tqc_2024/raw/tqc-publications-23-24.bib,,,
TQC,2024,poster,Complexity of Fermionic 2-SAT,,Maarten Stroeks;Barbara Terhal,,,,,,,Poster session Monday,,Source: data/conferences/tqc_2024/raw/tqc-publications-23-24.bib,,,
TQC,2024,poster,Distilling Nonlocality in Quantum Correlations,,Sahil Gopalkrishna Naik;Govind Lal Sidhardh;Samrat Sen;Arup Roy;Ashutosh Rai;Manik Banik,,,,,,,Poster session Thursday,,Source: data/conferences/tqc_2024/raw/tqc-publications-23-24.bib,,,
TQC,2024,poster,Generalized Stein's lemma for subalgebra entropies,,Li Gao;Mizanur Rahaman,,,,,,,Poster session Monday,,Source: data/conferences/tqc_2024/raw/tqc-publications-23-24.bib,,,
TQC,2024,poster,Statistical phase estimation and error mitigation on a superconducting quantum processor,,Nick Blunt;Laura Caune;Róbert Izsák;Earl Campbell;Nicole Holzmann,,,,,,,Poster session Thursday,,Source: data/conferences/tqc_2024/raw/tqc-publications-23-24.bib,,,
TQC,2024,poster,Computing exact moments of local random quantum circuits via tensor networks,,Paolo Braccia;Pablo Bermejo;Lukasz Cincio;Marco Cerezo,,,,,,,Poster session Monday,,Source: data/conferences/tqc_2024/raw/tqc-publications-23-24.bib,,,
TQC,2024,poster,Bound Entanglement in Cyclic Sign Invariant States,,Aabhas Gulati;Ion Nechita;Satvik Singh,,,,,,,Poster session Thursday,,Source: data/conferences/tqc_2024/raw/tqc-publications-23-24.bib,,,
TQC,2024,poster,Sampling (noisy) quantum circuits through randomized rounding,,Victor Martinez;Omar Fawzi;Daniel Stilck-França,,,,,,,Poster session Monday,,Source: data/conferences/tqc_2024/raw/tqc-publications-23-24.bib,,,
TQC,2024,poster,"Universal, unambiguous preparation of Bell pairs",,Orsolya Kalman;Aurel Gabris;Igor Jex;Tamas Kiss,,,,,,,Poster session Thursday,,Source: data/conferences/tqc_2024/raw/tqc-publications-23-24.bib,,,
TQC,2024,poster,Probing spectral features of quantum many-body systems with quantum simulators,,Jinzhao Sun;Lucia Vilchez-Estevez;Vlatko Vedral;Andrew Boothroyd;Myungshik Kim,,,,,,,Poster session Monday,,Source: data/conferences/tqc_2024/raw/tqc-publications-23-24.bib,,,
TQC,2024,poster,Understanding the power and simulability of Quantum Convolutional Neural Networks,,Pablo Bermejo;Paolo Braccia;Marco Cerezo;Manuel Rudolph;Zoe Holmes;Lukasz Cincio,,,,,,,Poster session Thursday,,Source: data/conferences/tqc_2024/raw/tqc-publications-23-24.bib,,,
TQC,2024,poster,Heuristics for routing and wavelength assignment in hybrid networks with classical and quantum signals,,Lidia Ruiz;Juan Carlos García Escartín,,,,,,,Poster session Monday,,Source: data/conferences/tqc_2024/raw/tqc-publications-23-24.bib,,,
TQC,2024,poster,Advantage of Hardy's nonlocal correlation in reverse zero-error channel coding,,Mir Alimuddin;Ananya Chakraborty;Govind Lal Sidhardh;Ram Krishna Patra;Samrat Sen;Sahil Gopalkrishna Naik;Manik Banik,,,,,,,Poster session Thursday,,Source: data/conferences/tqc_2024/raw/tqc-publications-23-24.bib,,,
TQC,2024,poster,Statistical Complexity of Quantum Learning,,Leonardo Banchi;Jason Pereira;Sharu Jose;Osvaldo Simeone,,,,,,,Poster session Monday,,Source: data/conferences/tqc_2024/raw/tqc-publications-23-24.bib,,,
TQC,2024,poster,Improving the QAOA using warm-starts generated by Goemans-Williamson,,Brandon Augustino;Madelyn Cain;Edward Farhi;Swati Gupta;Sam Gutmann;Daniel Ranard;Eugene Tang;Katherine Van Kirk,,,,,,,Poster session Thursday,,Source: data/conferences/tqc_2024/raw/tqc-publications-23-24.bib,,,
TQC,2024,poster,Fast quantum interconnects via constant-rate entanglement distillation,,Christopher Pattison;Gefen Baranes;Juan Pablo Bonilla Ataides;Mikhail Lukin;Hengyun Zhou,,,,,,,"Outstanding Poster, Poster session Monday",,Source: data/conferences/tqc_2024/raw/tqc-publications-23-24.bib,,,
TQC,2024,poster,Deep Reinforcement Learning for Quantum State Preparation,,Cesar Lema,,,,,,,Poster session Thursday,,Source: data/conferences/tqc_2024/raw/tqc-publications-23-24.bib,,,
TQC,2024,poster,Tightening continuity bounds on entropies and bounds on quantum capacities,,Michael Gide Jabbour;Nilanjana Datta,,,,,,,Poster session Monday,,Source: data/conferences/tqc_2024/raw/tqc-publications-23-24.bib,,,
TQC,2024,poster,Learning interacting fermionic Hamiltonians at the Heisenberg limit,,Arjun Mirani;Patrick Hayden,,,,,,,Poster session Thursday,,Source: data/conferences/tqc_2024/raw/tqc-publications-23-24.bib,,,
TQC,2024,poster,Experiment Design for Minimax Fidelity Estimation,,Jacob Spainhour;Akshay Seshadri;Stephen Becker,,,,,,,Poster session Monday,,Source: data/conferences/tqc_2024/raw/tqc-publications-23-24.bib,,,
TQC,2024,poster,Quantum Circuit Complexity of Genomic Data Encoding,,Orson Ye;Sergii Strelchuk,,,,,,,Poster session Thursday,,Source: data/conferences/tqc_2024/raw/tqc-publications-23-24.bib,,,
TQC,2024,poster,Bases for optimising stabiliser decompositions of quantum states,,Nadish Silva;Ming Yin;Sergii Strelchuk,,,,,,,Poster session Monday,,Source: data/conferences/tqc_2024/raw/tqc-publications-23-24.bib,,,
TQC,2024,poster,Search for the order of Pauli operators that reduces the Trotter error,,Boris Arseniev,,,,,,,Poster session Thursday,,Source: data/conferences/tqc_2024/raw/tqc-publications-23-24.bib,,,
TQC,2024,poster,Entropy bounds for device-independent quantum key distribution with local Bell test,,Ernest Y. -Z. Tan;Ramona Wolf,,,,,,,Poster session Monday,,Source: data/conferences/tqc_2024/raw/tqc-publications-23-24.bib,,,
TQC,2024,poster,Doubly optimal parallel wire cutting without ancilla qubits,,Hiroyuki Harada;Kaito Wada;Naoki Yamamoto,,,,,,,Poster session Thursday,,Source: data/conferences/tqc_2024/raw/tqc-publications-23-24.bib,,,
TQC,2024,poster,Operational Nonclassicality in Quantum Communication Networks,,Brian Doolittle;Felix Leditzky;Eric Chitambar,,,,,,,Poster session Monday,,Source: data/conferences/tqc_2024/raw/tqc-publications-23-24.bib,,,
TQC,2024,poster,Reducing Circuit Executions with Gradient-Sampling,,Sayantan Pramanik;Chaitanya Murti;Chiranjib Bhattacharyya;M Girish Chandra,,,,,,,Poster session Thursday,,Source: data/conferences/tqc_2024/raw/tqc-publications-23-24.bib,,,
TQC,2024,poster,Partitioned Quantum Subspace Expansion,,Tom O'Leary;Lewis Anderson;Dieter Jaksch;Martin Kiffner,,,,,,,Poster session Monday,,Source: data/conferences/tqc_2024/raw/tqc-publications-23-24.bib,,,
TQC,2024,poster,Learning quantum states and unitaries of bounded gate complexity,,Haimeng Zhao;Laura Lewis;Ishaan Kannan;Yihui Quek;Hsin-Yuan Huang;Matthias Caro,,,,,,,Poster session Monday,,Source: data/conferences/tqc_2024/raw/tqc-publications-23-24.bib,,,
TQC,2024,poster,Variational analog quantum simulation,,Yiming Huang;Jiaxing Song;Xiao Yuan,,,,,,,Poster session Monday,,Source: data/conferences/tqc_2024/raw/tqc-publications-23-24.bib,,,
TQC,2024,poster,Every quantum helps: Operational advantage of quantum resources beyond convexity,,Kohdai Kuroiwa;Ryuji Takagi;Gerardo Adesso;Hayata Yamasaki,,,,,,,Poster session Monday,,Source: data/conferences/tqc_2024/raw/tqc-publications-23-24.bib,,,
TQC,2024,poster,Entanglement sharing across a damping-dephasing channel,,Vikesh Siddhu;Dina Abdelhadi;Tomas Jochym-O'Connor;John Smolin,,,,,,,"Outstanding Poster, Poster session Monday",,Source: data/conferences/tqc_2024/raw/tqc-publications-23-24.bib,,,
TQC,2024,poster,Principal eigenstate classical shadows,,Daniel Grier;Hakop Pashayan;Luke Schaeffer,,,,,,,Poster session Monday,,Source: data/conferences/tqc_2024/raw/tqc-publications-23-24.bib,,,
TQC,2024,poster,Unclonable Secret Sharing,,Prabhanjan Ananth;Vipul Goyal;Jiahui Liu;Qipeng Liu,,,,,,,Poster session Monday,,Source: data/conferences/tqc_2024/raw/tqc-publications-23-24.bib,,,
TQC,2024,poster,Digital-analog quantum learning on Rydberg atom arrays,,Jonathan Z. Lu;Lucy Jiao;Kristina Wolinski;Milan Kornjača;Hong-Ye Hu;Sergio Cantu;Fangli Liu;Susanne F. Yelin;Sheng-Tao Wang,,,,,,,Poster session Monday,,Source: data/conferences/tqc_2024/raw/tqc-publications-23-24.bib,,,
TQC,2024,poster,Non-asymptotic Approximation Error Bounds of Parametrized Quantum Circuits,,Zhan Yu;Qiuhao Chen;Yuling Jiao;Yinan Li;Xiliang Lu;Xin Wang;Zhijian Yang,,,,,,,Poster session Monday,,Source: data/conferences/tqc_2024/raw/tqc-publications-23-24.bib,,,
TQC,2024,poster,Efficient learning of $t$-doped stabilizer states with single-copy measurements,,Nai-Hui Chia;Ching-Yi Lai;Han-Hsuan Lin,,,,,,,Poster session Monday,,Source: data/conferences/tqc_2024/raw/tqc-publications-23-24.bib,,,
TQC,2024,poster,Efficient learning of quantum states prepared with few fermionic non-Gaussian gates,,Antonio Anna Mele;Yaroslav Herasymenko,,,,,,,Poster session Monday,,Source: data/conferences/tqc_2024/raw/tqc-publications-23-24.bib,,,
TQC,2024,poster,Ground Energy and Related Properties Estimation in Quantum Chemistry with Linear Dependence on the Number of Atoms,,Taehee Ko;Xiantao Li;Chunhao Wang,,,,,,,Poster session Monday,,Source: data/conferences/tqc_2024/raw/tqc-publications-23-24.bib,,,
TQC,2024,poster,No-Go Theorems on Fidelity-Preserving Entanglement Purification,,Allen Zang;Xinan Chen;Eric Chitambar;Martin Suchara;Tian Zhong,,,,,,,Poster session Monday,,Source: data/conferences/tqc_2024/raw/tqc-publications-23-24.bib,,,
TQC,2024,poster,Memory Effects in Quantum State Verification,,Siyuan Chen;Wei Xie;Kun Wang,,,,,,,Poster session Monday,,Source: data/conferences/tqc_2024/raw/tqc-publications-23-24.bib,,,
TQC,2024,poster,Magic of quantum hypergraph states,,Junjie Chen;Yuxuan Yan;You Zhou,,,,,,,Poster session Monday,,Source: data/conferences/tqc_2024/raw/tqc-publications-23-24.bib,,,
TQC,2024,poster,Quantum Simulation of Lindbladian Dynamics via Repeated Interactions,,Matthew Pocrnic;Dvira Segal;Nathan Wiebe,,,,,,,Poster session Monday,,Source: data/conferences/tqc_2024/raw/tqc-publications-23-24.bib,,,
TQC,2024,poster,On the composable security of weak coin flipping,,Jiawei Wu;Yanglin Hu;Akshay Bansal;Marco Tomamichel,,,,,,,Poster session Monday,,Source: data/conferences/tqc_2024/raw/tqc-publications-23-24.bib,,,
TQC,2024,poster,A little magic means a lot,,Andi Gu;Lorenzo Leone;Soumik Ghosh;Jens Eisert;Susanne Yelin;Yihui Quek,,,,,,,Poster session Monday,,Source: data/conferences/tqc_2024/raw/tqc-publications-23-24.bib,,,
TQC,2024,poster,Magic-induced computational separation in entanglement theory,,Andi Gu;Salvatore Oliviero;Lorenzo Leone,,,,,,,Poster session Monday,,Source: data/conferences/tqc_2024/raw/tqc-publications-23-24.bib,,,
TQC,2024,poster,Test of the physical significance of Bell nonlocality,,Carlos Vieira;Ravishankar Ramanathan;Adán Cabello,,,,,,,Poster session Monday,,Source: data/conferences/tqc_2024/raw/tqc-publications-23-24.bib,,,
TQC,2024,poster,Quantum Fourier Transform from Free-Evolution of an Oscillator,,Yuan Liu;John M. Martyn;Jasmine Sinanan-Singh;Shraddha Singh;Steven M. Girvin;Isaac Chuang,,,,,,,Poster session Monday,,Source: data/conferences/tqc_2024/raw/tqc-publications-23-24.bib,,,
TQC,2024,poster,The Dynamical Resource Theory of Informational Non-Equilibrium Preservability,,Benjamin Stratton;Chung-Yun Hsieh;Paul Skrzypczyk,,,,,,,Poster session Monday,,Source: data/conferences/tqc_2024/raw/tqc-publications-23-24.bib,,,
TQC,2024,poster,Simulating non-physical actions via exponentiation of Hermitian-preserving maps,,Fuchuan Wei;Zhenhuan Liu;Guoding Liu;Zizhao Han;Dong-Ling Deng;Zhengwei Liu,,,,,,,Poster session Monday,,Source: data/conferences/tqc_2024/raw/tqc-publications-23-24.bib,,,
TQC,2024,poster,The Complexity of the Local Hamiltonian Problem on Restricted Geometries,,Gabriel Waite,,,,,,,Poster session Monday,,Source: data/conferences/tqc_2024/raw/tqc-publications-23-24.bib,,,
TQC,2024,poster,Exponential Quantum Communication Advantage in Distributed Learning,,Dar Gilboa;Jarrod McClean,,,,,,,Poster session Monday,,Source: data/conferences/tqc_2024/raw/tqc-publications-23-24.bib,,,
TQC,2024,poster,Large-scale simulations of Floquet physics on near-term quantum computers,,Timo Eckstein;Refik Mansuroglu;Piotr Czarnik;Jian-Xin Zhu;Michael Hartmann;Lukasz Cincio;Andrew Sornborger;Zoe Holmes,,,,,,,Poster session Monday,,Source: data/conferences/tqc_2024/raw/tqc-publications-23-24.bib,,,
TQC,2024,poster,Shadow simulation of quantum processes,,Xuanqiang Zhao;Xin Wang;Giulio Chiribella,,,,,,,Poster session Monday,,Source: data/conferences/tqc_2024/raw/tqc-publications-23-24.bib,,,
TQC,2024,poster,Cost-optimal quantum error mitigation for early fault-tolerant quantum computation using white-noise approximation and symmetric Clifford twirling,,Kento Tsubouchi;Yosuke Mitsuhashi;Nobuyuki Yoshioka,,,,,,,Poster session Monday,,Source: data/conferences/tqc_2024/raw/tqc-publications-23-24.bib,,,
TQC,2024,poster,Quantum kernel machine learning with continuous variables,,Laura Henderson;Rishi Goel;Sally Shrapnel,,,,,,,Poster session Monday,,Source: data/conferences/tqc_2024/raw/tqc-publications-23-24.bib,,,
TQC,2024,poster,Advantage of Quantum Machine Learning from General Computational Advantages,,Hayata Yamasaki;Natsuto Isogai;Mio Murao,,,,,,,Poster session Monday,,Source: data/conferences/tqc_2024/raw/tqc-publications-23-24.bib,,,
TQC,2024,poster,Noise-adapted recovery circuits for quantum error correction,,Debjyoti Biswas;Prabha Mandayam,,,,,,,Poster session Monday,,Source: data/conferences/tqc_2024/raw/tqc-publications-23-24.bib,,,
TQC,2024,poster,Robust and Efficient Quantum Property Learning with Shallow Shadows,,Hong-Ye Hu;Andi Gu;Swarnadeep Majumder;Hang Ren;Yipei Zhang;Derek Wang;Yi-Zhuang You;Zlatko Minev;Susanne Yelin;Alireza Seif,,,,,,,Poster session Monday,,Source: data/conferences/tqc_2024/raw/tqc-publications-23-24.bib,,,
TQC,2024,poster,Probabilistic channel simulation using coherence,,Benchi Zhao;Kosuke Ito;Keisuke Fujii,,,,,,,Poster session Monday,,Source: data/conferences/tqc_2024/raw/tqc-publications-23-24.bib,,,
TQC,2024,poster,Quantum Fourier Transform using Dynamic Circuits,,Elisa Bäumer;Vinay Tripathi;Alireza Seif;Daniel Lidar;Derek Wang,,,,,,,Poster session Monday,,Source: data/conferences/tqc_2024/raw/tqc-publications-23-24.bib,,,
TQC,2024,poster,Unified frameworks for uniform continuity of entropic quantities,,Andreas Bluhm;Ángela Capel;Paul Gondolf;Tim Möbus;Antonio Pérez Hernández,,,,,,,"Outstanding Poster, Poster session Monday",,Source: data/conferences/tqc_2024/raw/tqc-publications-23-24.bib,,,
TQC,2024,poster,Provable learning of quantum states with graphical models,,Liming Zhao;Naixu Guo;Mingxing Luo;Patrick Rebentrost,,,,,,,Poster session Monday,,Source: data/conferences/tqc_2024/raw/tqc-publications-23-24.bib,,,
TQC,2024,poster,New Partial Trace Inequalities and Distillability of Werner States,,Pablo Costa Rico,,,,,,,Poster session Monday,,Source: data/conferences/tqc_2024/raw/tqc-publications-23-24.bib,,,
TQC,2024,poster,Reversible Entanglement Beyond Quantum Operations,,Xin Wang;Yu-Ao Chen;Lei Zhang;Chenghong Zhu,,,,,,,Poster session Monday,,Source: data/conferences/tqc_2024/raw/tqc-publications-23-24.bib,,,
TQC,2024,poster,Alleviating the quantum Big-M problem,,Edoardo Alessandroni;Sergi Ramos-Calderer;Ingo Roth,,,,,,,Poster session Monday,,Source: data/conferences/tqc_2024/raw/tqc-publications-23-24.bib,,,
TQC,2024,poster,A Note on Exponential Quantum One-Wayness,,Giulio Malavolta;Tomoyuki Morimae;Michael Walter;Takashi Yamakawa,,,,,,,Poster session Thursday,,Source: data/conferences/tqc_2024/raw/tqc-publications-23-24.bib,,,
TQC,2024,poster,Maximal intrinsic randomness of a quantum state,,Shuyang Meng;Fionnuala Curran;Gabriel Senno;Victoria J. Wright;Máté Farkas;Valerio Scarani;Antonio Acín,,,,,,,Poster session Thursday,,Source: data/conferences/tqc_2024/raw/tqc-publications-23-24.bib,,,
TQC,2024,poster,Quantitative Quantum Zeno and Strong Damping Limits in Strong Topology,,Robert Salzmann,,,,,,,Poster session Thursday,,Source: data/conferences/tqc_2024/raw/tqc-publications-23-24.bib,,,
TQC,2024,poster,Estimating the entanglement of random multipartite quantum states,,Khurshed Fitter;Cécilia Lancien;Ion Nechita,,,,,,,Poster session Thursday,,Source: data/conferences/tqc_2024/raw/tqc-publications-23-24.bib,,,
TQC,2024,poster,Quantum linear algebra is all you need for Transformer architectures,,Naixu Guo;Zhan Yu;Aman Agrawal;Patrick Rebentrost,,,,,,,Poster session Thursday,,Source: data/conferences/tqc_2024/raw/tqc-publications-23-24.bib,,,
TQC,2024,poster,Surface Code Communication with Quantum Multiplexing,,Shin Nishio;Thomas Scruby;Nicolò Lo Piparo;William Munro;Kae Nemoto,,,,,,,Poster session Thursday,,Source: data/conferences/tqc_2024/raw/tqc-publications-23-24.bib,,,
TQC,2024,poster,A Faster Algorithm for the Free Energy in One-Dimensional Quantum Systems,,Samuel Scalet,,,,,,,Poster session Thursday,,Source: data/conferences/tqc_2024/raw/tqc-publications-23-24.bib,,,
TQC,2024,poster,Random Natural Gradient,,Ioannis Kolotouros;Petros Wallden,,,,,,,Poster session Thursday,,Source: data/conferences/tqc_2024/raw/tqc-publications-23-24.bib,,,
TQC,2024,poster,Efficient and practical Hamiltonian simulation from time-dependent product formulas,,Raul A. Santos;Jan Lukas Bosse;Filippo Maria Gambetta;Ashley Montanaro;Andrew M. Childs;Charles Derby,,,,,,,Poster session Thursday,,Source: data/conferences/tqc_2024/raw/tqc-publications-23-24.bib,,,
TQC,2024,poster,Statistical Estimation in the Spiked Tensor Model via the Quantum Approximate Optimization Algorithm,,Leo Zhou;Joao Basso;Song Mei,,,,,,,Poster session Thursday,,Source: data/conferences/tqc_2024/raw/tqc-publications-23-24.bib,,,
TQC,2024,poster,Fundamental charges for dual-unitary circuits,,Tom Holden-Dye;Lluis Masanes;Arijeet Pal;Christopher J Turner,,,,,,,Poster session Thursday,,Source: data/conferences/tqc_2024/raw/tqc-publications-23-24.bib,,,
TQC,2024,poster,Bosonic randomized benchmarking with passive transformations,,Mirko Arienzo;Martin Kliesch;Markus Heinrich,,,,,,,Poster session Thursday,,Source: data/conferences/tqc_2024/raw/tqc-publications-23-24.bib,,,
TQC,2024,poster,Designs from Local Random Quantum Circuits with SU(d) Symmetry,,Zimu Li;Han Zheng;Junyu Liu;Liang Jiang;Zi-Wen Liu,,,,,,,Poster session Thursday,,Source: data/conferences/tqc_2024/raw/tqc-publications-23-24.bib,,,
TQC,2024,poster,Not all Probability Density Functions are Tomograms,,Liubov Markovich;Justus Urbanetz;Vladimir Man'Ko,,,,,,,Poster session Thursday,,Source: data/conferences/tqc_2024/raw/tqc-publications-23-24.bib,,,
TQC,2024,poster,Port-Based State Preparation and Applications,,Garazi Muguruza;Florian Speelman,,,,,,,Poster session Thursday,,Source: data/conferences/tqc_2024/raw/tqc-publications-23-24.bib,,,
TQC,2024,poster,Minimal Clifford Shadow Estimation by Mutually Unbiased Bases,,Qingyue Zhang;Qing Liu;You Zhou,,,,,,,Poster session Thursday,,Source: data/conferences/tqc_2024/raw/tqc-publications-23-24.bib,,,
