venue,year,paper_type,title,speakers,authors,affiliations,abstract,arxiv_ids,presentation_url,video_url,youtube_id,session_name,award,notes,scheduled_date,scheduled_time,duration_minutes
QIP,2026,poster,An adversary bound for quantum signal processing,Lorenzo Laneve,Lorenzo Laneve,,,,,,,Poster Session 1,,Source: https://qip.iaqi.org/2026/programme/poster-sessions/,2026-01-26,,
QIP,2026,poster,Instance-Optimal Quantum State Certification with Entangled Measurements,Chirag Wadhwa,Ryan O’Donnell;Chirag Wadhwa,,,,,,,Poster Session 1,,Source: https://qip.iaqi.org/2026/programme/poster-sessions/,2026-01-26,,
QIP,2026,poster,Super-Quadratic Quantum Speed-ups and Guessing Many Likely Keys,Julian Nowakowski,Timo Glaser;Alexander May;Julian Nowakowski,,,,,,,Poster Session 1,,Source: https://qip.iaqi.org/2026/programme/poster-sessions/,2026-01-26,,
QIP,2026,poster,On the Role of Fourier Structure in the Training of Parameterized Quantum Circuits,Zhijian Lai,Zhijian Lai;Jiang Hu;Taehee Ko;Jiayuan Wu;Dong An;Zaiwen Wen,,,,,,,Poster Session 1,,Source: https://qip.iaqi.org/2026/programme/poster-sessions/,2026-01-26,,
QIP,2026,poster,Lifting the maximally-entangledness assumption in robust self-testing for synchronous games,Matthijs Vernooij;Yuming Zhao,Matthijs Vernooij;Yuming Zhao,,,,,,,Poster Session 1,,Source: https://qip.iaqi.org/2026/programme/poster-sessions/,2026-01-26,,
QIP,2026,poster,Anonymous and private parameter estimation in networks of quantum sensors,Naomi Solomons,Jarn de Jong;Santiago Scheiner;Naomi Solomons;Ziad Chaoui;Damian Markham;Anna Pappa,,,,,,,Poster Session 1,,Source: https://qip.iaqi.org/2026/programme/poster-sessions/,2026-01-26,,
QIP,2026,poster,Qudit low-density parity-check codes,Daniel J. Spencer,Daniel J. Spencer;Andrew Tanggara;Tobias Haug;Derek Khu;Kishor Bharti,,,,,,,Poster Session 1,,Source: https://qip.iaqi.org/2026/programme/poster-sessions/,2026-01-26,,
QIP,2026,poster,Tensor-based quantum phase difference estimation for large-scale demonstration,Shu Kanno,Shu Kanno,,,,,,,Poster Session 1,,Source: https://qip.iaqi.org/2026/programme/poster-sessions/,2026-01-26,,
QIP,2026,poster,Beyond AME: A Novel Connection between Quantum Secret Sharing Schemes and $k$-Uniform States,Xuhong Liu,Xuhong Liu;Shuai Shao,,,,,,,Poster Session 1,,Source: https://qip.iaqi.org/2026/programme/poster-sessions/,2026-01-26,,
QIP,2026,poster,Applications of the Quantum Phase Difference Estimation Algorithm to the Excitation Energies in Spin Systems on Classical and a Noisy Intermediate Scale Quantum Computers,Boni Paul,Boni Paul;Sudhindu Bikash Mandal;Kenji Sugisaki;Bhanu Pratap Das,,,,,,,Poster Session 1,,Source: https://qip.iaqi.org/2026/programme/poster-sessions/,2026-01-26,,
QIP,2026,poster,A complexity theory for non-local quantum computation,Philip Verduyn Lunel,Alex May;Andreas Bluhm;Simon Höfer;Mikka Stasiuk;Philip Verduyn Lunel;Henry Yuen,,,,,,,Poster Session 1,,Source: https://qip.iaqi.org/2026/programme/poster-sessions/,2026-01-26,,
QIP,2026,poster,Duality of extremal quantum states in verification and data hiding,Seiseki Akibue,Seiseki Akibue;Yuki Takeuchi,,,,,,,Poster Session 1,,Source: https://qip.iaqi.org/2026/programme/poster-sessions/,2026-01-26,,
QIP,2026,poster,Unitary-equivariant and permutation-invariant quantum channels,Elias Theil,Elias Theil;Laura Mancinska,,,,,,,Poster Session 1,,Source: https://qip.iaqi.org/2026/programme/poster-sessions/,2026-01-26,,
QIP,2026,poster,Symmetric channel verification for purifying noisy quantum channels,Kento Tsubouchi,Kento Tsubouchi;Yosuke Mitsuhashi;Ryuji Takagi;Nobuyuki Yoshioka,,,,,,,Poster Session 1,,Source: https://qip.iaqi.org/2026/programme/poster-sessions/,2026-01-26,,
QIP,2026,poster,From Worst-Case Hardness of NP to Quantum Cryptography via Quantum Indistinguishability Obfuscation,Yuki Shirakawa,Tomoyuki Morimae;Yuki Shirakawa;Takashi Yamakawa,,,,,,,Poster Session 1,,Source: https://qip.iaqi.org/2026/programme/poster-sessions/,2026-01-26,,
QIP,2026,poster,Low-depth measurement-based deterministic quantum state preparation,Roselyn Nmaju,Roselyn Nmaju;Sarah Croke;Fiona Speirits,,,,,,,Poster Session 1,,Source: https://qip.iaqi.org/2026/programme/poster-sessions/,2026-01-26,,
QIP,2026,poster,Verifiable Blind Observable Estimation,Bo Yang,Bo Yang;Elham Kashefi;Harold Ollivier,,,,,,,Poster Session 1,,Source: https://qip.iaqi.org/2026/programme/poster-sessions/,2026-01-26,,
QIP,2026,poster,Quasi-Adiabatic Processing of Thermal States,Reinis Irmejs,Reinis Irmejs;Mari Carmen Bañuls;Ignacio Cirac,,,,,,,Poster Session 1,,Source: https://qip.iaqi.org/2026/programme/poster-sessions/,2026-01-26,,
QIP,2026,poster,Optimizing Sparse SYK,Matthew Ding,Matthew Ding;Robbie King;Bobak T. Kiani;Eric R. Anschuetz,,,,,,,Poster Session 1,,Source: https://qip.iaqi.org/2026/programme/poster-sessions/,2026-01-26,,
QIP,2026,poster,Toward Quantum Machine Translation via Quantum Natural Language Processing,Mina Abbaszadeh,Mina Abbaszadeh;Mariam Zomorodi;Vahid Salari;Philip Kurian,,,,,,,Poster Session 1,,Source: https://qip.iaqi.org/2026/programme/poster-sessions/,2026-01-26,,
QIP,2026,poster,A Systematic Process for Computing Braiding Matrices of Non-Abelian Anyons in Fractional Quantum Hall States,Soumendu Jana,Soumendu Jana,,,,,,,Poster Session 1,,Source: https://qip.iaqi.org/2026/programme/poster-sessions/,2026-01-26,,
QIP,2026,poster,Clifford gates with logical transversality for self-dual CSS codes,Theerapat Tansuwannont,Theerapat Tansuwannont;Yugo Takada;Keisuke Fujii,,,,,,,Poster Session 1,,Source: https://qip.iaqi.org/2026/programme/poster-sessions/,2026-01-26,,
QIP,2026,poster,Generalized Toric Codes for High-Efficiency Quantum Error Correction: From Anyon Theory to New Twisted Design,Zijian Liang,Zijian Liang;Hao Song;Ke Liu;Yu-An Chen,,,,,,,Poster Session 1,,Source: https://qip.iaqi.org/2026/programme/poster-sessions/,2026-01-26,,
QIP,2026,poster,Optimal randomized measurements for a family of non-linear quantum properties,Yifan Tang,Zhenyu Du;Yifan Tang;Andreas Elben;Ingo Roth;Jens Eisert;Zhenhuan Liu,,,,,,,Poster Session 1,,Source: https://qip.iaqi.org/2026/programme/poster-sessions/,2026-01-26,,
QIP,2026,poster,A Solovay-Kitaev theorem for quantum signal processing,Zane Rossi,Zane Rossi,,,,,,,Poster Session 1,,Source: https://qip.iaqi.org/2026/programme/poster-sessions/,2026-01-26,,
QIP,2026,poster,"Non-Commutative weak measurements: Entanglement, Symmetry Breaking, and the Role of Readout",Yuanchen Zhao,Yuanchen Zhao;Li Rao;Dong E. Liu,,,,,,,Poster Session 1,,Source: https://qip.iaqi.org/2026/programme/poster-sessions/,2026-01-26,,
QIP,2026,poster,On the commutator scaling in Hamiltonian simulation with multi-product formulas,Kaoru Mizuta,Kaoru Mizuta,,,,,,,Poster Session 1,,Source: https://qip.iaqi.org/2026/programme/poster-sessions/,2026-01-26,,
QIP,2026,poster,Quantum Krylov Subspace Diagonalization via Time Reversal Symmetries,Nicola Mariella,Nicola Mariella;Enrique Rico;Adam Byrne;Sergiy Zhuk,,,,,,,Poster Session 1,,Source: https://qip.iaqi.org/2026/programme/poster-sessions/,2026-01-26,,
QIP,2026,poster,Compact Logical Information Processing on the Rotated Surface Code: a Dynamical Design,Zi-Han Chen,Zi-Han Chen;Ming-Cheng Chen;Chao-Yang Lu;Jian-Wei Pan,,,,,,,Poster Session 1,,Source: https://qip.iaqi.org/2026/programme/poster-sessions/,2026-01-26,,
QIP,2026,poster,Quantum-enhanced reliability modeling and optimization of economic systems using the Weibull distribution family,Alexey Leontyev,Alexey Leontyev;Abuzer Yakaryilmaz,,,,,,,Poster Session 1,,Source: https://qip.iaqi.org/2026/programme/poster-sessions/,2026-01-26,,
QIP,2026,poster,Orbit classification and analysis of qutrit graph states under local complementation and local scaling,Konstantinos Rafail Revis,Konstantinos Rafail Revis;Hrachya Zakaryan;Zahra Raissi,,,,,,,Poster Session 1,,Source: https://qip.iaqi.org/2026/programme/poster-sessions/,2026-01-26,,
QIP,2026,poster,"Long-range systems in thermal equilibrium: partition functions, stability and classical algorithms",Jorge Sánchez-Segovia,Jorge Sánchez-Segovia;Tim Möbus;Jan T. Schneider;Ángela Capel;Álvaro M. Alhambra,,,,,,,Poster Session 1,,Source: https://qip.iaqi.org/2026/programme/poster-sessions/,2026-01-26,,
QIP,2026,poster,Real-Space Chemistry on Quantum Computers: Adaptive Molecular Grids and Transcorrelated Hamiltonian,Baptiste Claudon,César Feniou;Christopher Cherfan;Julien Zylberman;Baptiste Claudon;Jean-Philip Piquemal;Emmanuel Giner,,,,,,,Poster Session 1,,Source: https://qip.iaqi.org/2026/programme/poster-sessions/,2026-01-26,,
QIP,2026,poster,Trotter-based quantum algorithm for solving transport equations with exponentially fewer time-steps,Julien Zylberman,Julien Zylberman;Fabrice Debbasch;Thibault Fredon;Nuno Loureiro,,,,,,,Poster Session 1,,Source: https://qip.iaqi.org/2026/programme/poster-sessions/,2026-01-26,,
QIP,2026,poster,Energy Cost of a Quantum Operation: From Axioms to a Hamiltonian Framework,Marek Winczewski,Karol Horodecki;Marek Winczewski;Leonard Sikorski;Paweł Mazurek;Mikolaj Czechlewski;Raja Yehia,,,,,,,Poster Session 1,,Source: https://qip.iaqi.org/2026/programme/poster-sessions/,2026-01-26,,
QIP,2026,poster,Absence of quantum Darwinism as a resource in cryptography and computation,Sourav Manna,Sourav Manna;Bishal Kumar Das;Harsh Arora;Vaibhav Madhok,,,,,,,Poster Session 1,,Source: https://qip.iaqi.org/2026/programme/poster-sessions/,2026-01-26,,
QIP,2026,poster,Non-Local and Quantum Advantages in Network Coding for Multiple Access Channels,Jiyoung Yun,Jiyoung Yun;Seung-Hyun Nam;Hyun-Young Park;Ashutosh Rai;Si-Hyeon Lee;Joonwoo Bae,,,,,,,Poster Session 1,,Source: https://qip.iaqi.org/2026/programme/poster-sessions/,2026-01-26,,
QIP,2026,poster,Quantum Framework for Linear PDEs: Oracle-Free State Preparation and Evolution,Xiajie Huang,Nikita Guseynov;Xiajie Huang;Nana Liu,,,,,,,Poster Session 1,,Source: https://qip.iaqi.org/2026/programme/poster-sessions/,2026-01-26,,
QIP,2026,poster,Average Contraction Coefficients of Quantum Channels,Ruben Ibarrondo,Ruben Ibarrondo;Daniel Stilck França,,,,,,,Poster Session 1,,Source: https://qip.iaqi.org/2026/programme/poster-sessions/,2026-01-26,,
QIP,2026,poster,Symplectic Lattices and GKP Codes - Simple Randomized Constructions from Cryptographic Lattices,Yinzi Xiao,Johannes Blömer;Yinzi Xiao;Zahra Raissi;Stanislaw Soltan,,,,,,,Poster Session 1,,Source: https://qip.iaqi.org/2026/programme/poster-sessions/,2026-01-26,,
QIP,2026,poster,Zero-Error Nash Equilibrium: Harnessing Nonlocal Correlation in Incomplete Information Games,Amit Mukherjee,Ambuj;Tushar;Siddharth R. Pandey;Ram Krishna Patra;Anandamay Das Bhowmik;Kuntal Som;Amit Mukherjee,,,,,,,Poster Session 1,,Source: https://qip.iaqi.org/2026/programme/poster-sessions/,2026-01-26,,
QIP,2026,poster,Directional Codes: a new family of quantum LDPC codes on hexagonal- and square-grid connectivity hardware,David Byfield,Gyorgy Pal Geher;David Byfield;Archibald Ruban,,,,,,,Poster Session 1,,Source: https://qip.iaqi.org/2026/programme/poster-sessions/,2026-01-26,,
QIP,2026,poster,Fullqubit alchemist: Quantum algorithm for alchemical free energy calculations,Po-Wei Huang,Po-Wei Huang;Gregory Boyd;Gian-Luca R. Anselmetti;Matthias Degroote;Nikolaj Moll;Raffaele Santagati;Michael Streif;Benjamin Ries;Hamza Jnane;Daniel Marti-Dafcik;Sophia Simon;Nathan Wiebe;Thomas R. Bromley;Bálint Koczor,,,,,,,Poster Session 1,,Source: https://qip.iaqi.org/2026/programme/poster-sessions/,2026-01-26,,
QIP,2026,poster,Factorizability of multi-party quantum sequence discrimination under local operations and classical communication,Donghoon Ha,Donghoon Ha;Jeong San Kim,,,,,,,Poster Session 1,,Source: https://qip.iaqi.org/2026/programme/poster-sessions/,2026-01-26,,
QIP,2026,poster,Robust and eﬀicient estimation of global quantum properties under realistic noise,Qingyue Zhang,Qingyue Zhang;Dayue Qin;Zhou You;Feng Xu;Jens Eisert;You Zhou,,,,,,,Poster Session 1,,Source: https://qip.iaqi.org/2026/programme/poster-sessions/,2026-01-26,,
QIP,2026,poster,Efficiently Cooling Quantum Systems with Finite Resources: Insights from Thermodynamic Geometry,Philip Taranto,Philip Taranto;Patryk Lipka-Bartosik;Nayeli A. Rodríguez-Briones;Martí Perarnau-Llobet;Nicolai Friis;Marcus Huber;Pharnam Bakhshinezhad,,,,,,,Poster Session 1,,Source: https://qip.iaqi.org/2026/programme/poster-sessions/,2026-01-26,,
QIP,2026,poster,Existence and nonexistence of commutativity gadgets for entangled CSPs,Eric Culf,Eric Culf;Josse van Dobben de Bruyn;Matthijs Vernooij;Peter Zeman,,,,,,,Poster Session 1,,Source: https://qip.iaqi.org/2026/programme/poster-sessions/,2026-01-26,,
QIP,2026,poster,On the quantum computational complexity of classical linear dynamics with geometrically local interactions,Kazuki Sakamoto,Kazuki Sakamoto;Keisuke Fujii,,,,,,,Poster Session 1,,Source: https://qip.iaqi.org/2026/programme/poster-sessions/,2026-01-26,,
QIP,2026,poster,Optimally learning functions in interacting quantum sensor networks,Sean Muleady,Erfan Abbasgholinejad;Sean R. Muleady;Jacob Bringewatt;Anthony J. Brady;Yu-Xin Wang;Ali Fahimniya;Alexey V. Gorshkov,,,,,,,Poster Session 1,,Source: https://qip.iaqi.org/2026/programme/poster-sessions/,2026-01-26,,
QIP,2026,poster,Efficient Post-Selection for General Quantum LDPC Codes,Seok-Hyung Lee,Seok-Hyung Lee;Lucas English;Stephen D. Bartlett,,,,,,,Poster Session 1,,Source: https://qip.iaqi.org/2026/programme/poster-sessions/,2026-01-26,,
QIP,2026,poster,Singular value transformation for unknown quantum channels,Ryotaro Niwa,Ryotaro Niwa;Zane Marius Rossi;Philip Taranto;Mio Murao,,,,,,,Poster Session 1,,Source: https://qip.iaqi.org/2026/programme/poster-sessions/,2026-01-26,,
QIP,2026,poster,Quantum advantage in storage and retrieval of isometry channels,Satoshi Yoshida,Satoshi Yoshida;Jisho Miyazaki;Mio Murao,,,,,,,Poster Session 1,,Source: https://qip.iaqi.org/2026/programme/poster-sessions/,2026-01-26,,
QIP,2026,poster,Asymptotically optimal unitary estimation in SU(3) by the analysis of graph Laplacian,Satoshi Yoshida,Satoshi Yoshida;Hironobu Yoshida;Mio Murao,,,,,,,Poster Session 1,,Source: https://qip.iaqi.org/2026/programme/poster-sessions/,2026-01-26,,
QIP,2026,poster,Efficient and Explicit Block Encoding of Finite Difference Discretizations of the Laplacian,Andreas Sturm,Andreas Sturm;Niclas Schillo,,,,,,,Poster Session 1,,Source: https://qip.iaqi.org/2026/programme/poster-sessions/,2026-01-26,,
QIP,2026,poster,An Operational Interpretation for α − z Relative Entropies with α < 1,Marco Tomamichel,Frits Verhagen;Marco Tomamichel;Erkka Haapasalo,,,,,,,Poster Session 1,,Source: https://qip.iaqi.org/2026/programme/poster-sessions/,2026-01-26,,
QIP,2026,poster,Swap Network Augmented Ansätze on Arbitrary Connectivity,Teodor Parella Dilme,Teodor Parella Dilme;Jakob Kottmann;Antonio Acín,,,,,,,Poster Session 1,,Source: https://qip.iaqi.org/2026/programme/poster-sessions/,2026-01-26,,
QIP,2026,poster,Gradient Scalability on Super-polynomially Complex Quantum Landscapes,Sabri Meyer,Sabri Meyer;Francesco Scala;Francesco Tacchino;Aurelien Lucchi,,,,,,,Poster Session 1,,Source: https://qip.iaqi.org/2026/programme/poster-sessions/,2026-01-26,,
QIP,2026,poster,Quantum Learning with Tunable Loss Functions,Yixian Qiu,Yixian Qiu;Lirandë Pira;Patrick Rebentrost,,,,,,,Poster Session 1,,Source: https://qip.iaqi.org/2026/programme/poster-sessions/,2026-01-26,,
QIP,2026,poster,A Bit of Freedom Goes a Long Way: Classical and Quantum Algorithms for Reinforcement Learning under a Generative Model,Debbie Lim,Andris Ambainis;Joao F. Doriguello;Debbie Lim,,,,,,,Poster Session 1,,Source: https://qip.iaqi.org/2026/programme/poster-sessions/,2026-01-26,,
QIP,2026,poster,Contextuality of Quantum Error-Correcting Codes,Derek Khu,Derek Khu;Andrew Tanggara;Chao Jin;Kishor Bharti,,,,,,,Poster Session 1,,Source: https://qip.iaqi.org/2026/programme/poster-sessions/,2026-01-26,,
QIP,2026,poster,Composable Quantum Fault-Tolerance,Christopher Pattison,Zhiyang He;Quynh Nguyen;Christopher Pattison,,,,,,,Poster Session 1,,Source: https://qip.iaqi.org/2026/programme/poster-sessions/,2026-01-26,,
QIP,2026,poster,Sampling Groups of Pauli Operators to Enhance Direct Fidelity Estimation,Júlia Barberà Rodríguez,Júlia Barberà Rodríguez;Mariana Navarro;Leonardo Zambrano,,,,,,,Poster Session 1,,Source: https://qip.iaqi.org/2026/programme/poster-sessions/,2026-01-26,,
QIP,2026,poster,Exact embezzlement - explicit protocol and “self-test”,Li Liu,Li Liu,,,,,,,Poster Session 1,,Source: https://qip.iaqi.org/2026/programme/poster-sessions/,2026-01-26,,
QIP,2026,poster,Quantum Statistical Witness Indistinguishability,Ronak Ramachandran,Ronak Ramachandran;Shafik Nassar,,,,,,,Poster Session 1,,Source: https://qip.iaqi.org/2026/programme/poster-sessions/,2026-01-26,,
QIP,2026,poster,QKD Oracles for Authenticated Key Exchange,Daan Planken,Kathrin Hövelmanns;Daan Planken;Christian Schaffner;Sebastian Verschoor,,,,,,,Poster Session 1,,Source: https://qip.iaqi.org/2026/programme/poster-sessions/,2026-01-26,,
QIP,2026,poster,Extended Retrodiction: Quantum Priors Beyond the Reduced Density Matrix,Mingxuan Liu,Mingxuan Liu;Ge Bai;Francesco Buscemi;Valerio Scarani,,,,,,,Poster Session 1,,Source: https://qip.iaqi.org/2026/programme/poster-sessions/,2026-01-26,,
QIP,2026,poster,Expander qLDPC Codes against Long-range Correlated Errors in Memory,Yash Deepak Kashtikar,Yash Deepak Kashtikar;Pranay Mathur;Sudharsan Senthil;Avhishek Chatterjee,,,,,,,Poster Session 1,,Source: https://qip.iaqi.org/2026/programme/poster-sessions/,2026-01-26,,
QIP,2026,poster,Robustness of quantum algorithms: Worst-case fidelity bounds and implications for design,Julian Berberich,Julian Berberich;Tobias Fellner;Robert L. Kosut;Christian Holm,,,,,,,Poster Session 1,,Source: https://qip.iaqi.org/2026/programme/poster-sessions/,2026-01-26,,
QIP,2026,poster,Quantum Learning from Label Proportion,Yu Yamaoka,Yu Yamaoka;Weng Ian Chan;Kosuke Mitarai,,,,,,,Poster Session 1,,Source: https://qip.iaqi.org/2026/programme/poster-sessions/,2026-01-26,,
QIP,2026,poster,Efficient Mixing Times of Quantum Gibbs Samplers for Weakly-Interacting Quantum Systems,Štěpán Šmíd,Štěpán Šmíd;Richard Meister;Mario Berta;Roberto Bondesan,,,,,,,Poster Session 1,,Source: https://qip.iaqi.org/2026/programme/poster-sessions/,2026-01-26,,
QIP,2026,poster,Todays experiments suffice to verify quantum essence of gravity,Martin Plávala,Martin Plávala,,,,,,,Poster Session 1,,Source: https://qip.iaqi.org/2026/programme/poster-sessions/,2026-01-26,,
QIP,2026,poster,Covert Quantum Learning: Privately and Verifiably Learning from Quantum Data,Abhishek Anand,Abhishek Anand;Matthias C. Caro;Ari Karchmer;Saachi Mutreja,,,,,,,Poster Session 1,,Source: https://qip.iaqi.org/2026/programme/poster-sessions/,2026-01-26,,
QIP,2026,poster,Certifying and learning quantum Ising Hamiltonians,Andreas Bluhm,Andreas Bluhm;Matthias C. Caro;Francisco Escudero Gutiérrez;Aadil Oufkir;Cambyse Rouzé,,,,,,,Poster Session 1,,Source: https://qip.iaqi.org/2026/programme/poster-sessions/,2026-01-26,,
QIP,2026,poster,Understanding “Fully Quantum” Correlations through Non-Commutative Probability,Ian George,Ian George;Marco Tomamichel,,,,,,,Poster Session 1,,Source: https://qip.iaqi.org/2026/programme/poster-sessions/,2026-01-26,,
QIP,2026,poster,Computational Bell Inequalities,Ilya Merkulov,Ilya Merkulov;Rotem Arnon,,,,,,,Poster Session 1,,Source: https://qip.iaqi.org/2026/programme/poster-sessions/,2026-01-26,,
QIP,2026,poster,Measurement-driven quantum advantages in shallow circuits,Chenfeng Cao,Chenfeng Cao;Jens Eisert,,,,,,,Poster Session 1,,Source: https://qip.iaqi.org/2026/programme/poster-sessions/,2026-01-26,,
QIP,2026,poster,Efficient Classical Computation of the Neural Tangent Kernel Of Quantum Neural Network,Anderson Melchor Hernandez,Anderson Melchor Hernandez;Filippo Girardi;Davide Pastorello;Giacomo De Palma,,,,,,,Poster Session 1,,Source: https://qip.iaqi.org/2026/programme/poster-sessions/,2026-01-26,,
QIP,2026,poster,The Next 100 Years: Moving Beyond Quantum Dial-Up,Tzula Propp,Tzula Propp;Jeroen Grimbergen;Emil R. Hellebek;Junior R. Gonzales-Ureta;Janice van Dam;Joshua A. Slater;Stephanie Wehner,,,,,,,Poster Session 1,,Source: https://qip.iaqi.org/2026/programme/poster-sessions/,2026-01-26,,
QIP,2026,poster,Will it glue? On short-depth designs beyond the unitary group,Lorenzo Grevink,Lorenzo Grevink;Jonas Haferkamp;Markus Heinrich;Jonas Helsen;Marcel Hinsche;Thomas Schuster;Zoltán Zimborás,,,,,,,Poster Session 1,,Source: https://qip.iaqi.org/2026/programme/poster-sessions/,2026-01-26,,
QIP,2026,poster,"Quon Classical Simulation: Unifying Cliffords, Matchgates and Entanglement",Ningfeng Wang,Ningfeng Wang;Zhengwei Liu;Zixuan Feng;Fan Lu,,,,,,,Poster Session 1,,Source: https://qip.iaqi.org/2026/programme/poster-sessions/,2026-01-26,,
QIP,2026,poster,On the complexity of estimating ground state entanglement and free energy,Jonas Kamminga,Jonas Kamminga;Sevag Gharibian,,,,,,,Poster Session 1,,Source: https://qip.iaqi.org/2026/programme/poster-sessions/,2026-01-26,,
QIP,2026,poster,Efficient Quantum Measurements: Computational Max- and Measured Rényi Divergences and Applications,Álvaro Yángüez,Álvaro Yángüez;Thomas Hahn;Jan Kochanowski,,,,,,,Poster Session 1,,Source: https://qip.iaqi.org/2026/programme/poster-sessions/,2026-01-26,,
QIP,2026,poster,High-performance local decoders for defect matching in 1D,Louis Paletta,Louis Paletta;Mazyar Mirrahimi;Anthony Leverrier;Christophe Vuillot,,,,,,,Poster Session 1,,Source: https://qip.iaqi.org/2026/programme/poster-sessions/,2026-01-26,,
QIP,2026,poster,How hard is it to verify a classical shadow?,Georgios Karaiskos,Georgios Karaiskos;Dorian Rudolph;Johannes Jakob Meyer;Jens Eisert;Sevag Gharibian,,,,,,,Poster Session 1,,Source: https://qip.iaqi.org/2026/programme/poster-sessions/,2026-01-26,,
QIP,2026,poster,Adiabatic Quantum State Preparation in Integrable Models,Maximilian Lutz,Maximilian Lutz;Lorenzo Piroli;Georgios Styliaris;Ignacio Cirac,,,,,,,Poster Session 1,,Source: https://qip.iaqi.org/2026/programme/poster-sessions/,2026-01-26,,
QIP,2026,poster,Near-Asymptotically-Good Quantum Codes with Transversal CCZ Gates and Sublinear-Weight Parity-Checks,Louis Golowich,Louis Golowich;Venkatesan Guruswami,,,,,,,Poster Session 1,,Source: https://qip.iaqi.org/2026/programme/poster-sessions/,2026-01-26,,
QIP,2026,poster,Chiral Color Code : Single-shot error correction for exotic topological order,Dongjin Lee,Dongjin Lee;Beni Yoshida,,,,,,,Poster Session 1,,Source: https://qip.iaqi.org/2026/programme/poster-sessions/,2026-01-26,,
QIP,2026,poster,Majorization theory for quasiprobabilities,Twesh Upadhyaya,Twesh Upadhyaya;Zacharie Van Herstraeten;Jack Davis;Oliver Hahn;Nikolaos Koukoulekidis;Ulysse Chabaud,,,,,,,Poster Session 1,,Source: https://qip.iaqi.org/2026/programme/poster-sessions/,2026-01-26,,
QIP,2026,poster,Tweaking Quantum Mechanics to Probe the Space Between BQP and PSPACE,David Miloschewsky,David Miloschewsky;Supartha Podder,,,,,,,Poster Session 1,,Source: https://qip.iaqi.org/2026/programme/poster-sessions/,2026-01-26,,
QIP,2026,poster,On the Pure Quantum Polynomial Hierarchy and Quantified Hamiltonian Complexity,Dorian Rudolph,Sabee Grewal;Dorian Rudolph,,,,,,,Poster Session 1,,Source: https://qip.iaqi.org/2026/programme/poster-sessions/,2026-01-26,,
QIP,2026,poster,Quantum Monte Carlo mixes in polynomial time for stoquastic XY models,Jun Takahashi,Sankara Sai Chaithanya Rayudu;Jun Takahashi,,,,,,,Poster Session 1,,Source: https://qip.iaqi.org/2026/programme/poster-sessions/,2026-01-26,,
QIP,2026,poster,Learning T-conjugated stabilizers: The multiple-squares dihedral StateHSP,Jonathan A. Gross,Gideon Lee;Jonathan A. Gross;Masaya Fukami;Zhang Jiang,,,,,,,Poster Session 1,,Source: https://qip.iaqi.org/2026/programme/poster-sessions/,2026-01-26,,
QIP,2026,poster,Unitary induced channels and Tsirelson’s problem,Michał Banacki,Michał Banacki;Paweł Horodecki,,,,,,,Poster Session 1,,Source: https://qip.iaqi.org/2026/programme/poster-sessions/,2026-01-26,,
QIP,2026,poster,Thermal reconstruction of chaotic quantum many-body systems,Jason Pollack,Jason Pollack;Shozab Qasim,,,,,,,Poster Session 1,,Source: https://qip.iaqi.org/2026/programme/poster-sessions/,2026-01-26,,
QIP,2026,poster,Uniqueness of Complementary Recovery in Holographic Error-Correcting Codes,Julia Jones,Jason Pollack;Julia Jones,,,,,,,Poster Session 1,,Source: https://qip.iaqi.org/2026/programme/poster-sessions/,2026-01-26,,
QIP,2026,poster,Exponential Lindbladian fast forwarding and exponential amplification of certain Gibbs state properties,Zhong-Xia Shang,Zhong-Xia Shang;Dong An;Changpeng Shao,,,,,,,Poster Session 1,,Source: https://qip.iaqi.org/2026/programme/poster-sessions/,2026-01-26,,
QIP,2026,poster,Contextuality from the vacuum,Caroline Lima,Caroline Lima;María Rosa Preciado-Rivas;Sanchit Srivastava,,,,,,,Poster Session 1,,Source: https://qip.iaqi.org/2026/programme/poster-sessions/,2026-01-26,,
QIP,2026,poster,Fast-forwarding quantum algorithms for linear dissipative differential equations,Dong An,Gengzhi Yang;Dong An;Akwum Onwunta,,,,,,,Poster Session 1,,Source: https://qip.iaqi.org/2026/programme/poster-sessions/,2026-01-26,,
QIP,2026,poster,Time Independence Does Not Limit Information Flow,T. C. Mooney,Dong Yuan;T. C. Mooney;Chao Yin;Adam Ehrenberg;Christopher L. Baldwin;Andrew M. Childs;Alexey V. Gorshkov,,,,,,,Poster Session 1,,Source: https://qip.iaqi.org/2026/programme/poster-sessions/,2026-01-26,,
QIP,2026,poster,Cored product codes for quantum self-correction in three dimensions,Jin Ming Koh,Brenden Roberts;Jin Ming Koh;Yi Tan;Norman Yao,,,,,,,Poster Session 1,,Source: https://qip.iaqi.org/2026/programme/poster-sessions/,2026-01-26,,
QIP,2026,poster,Computational complexity of Berry phase estimation in topological phases of matter,Chusei Kiumi,Ryu Hayakawa;Kazuki Sakamoto;Chusei Kiumi,,,,,,,Poster Session 1,,Source: https://qip.iaqi.org/2026/programme/poster-sessions/,2026-01-26,,
QIP,2026,poster,Computational complexity of the persistence of homology problem with orientable filtration: MA-completeness,Ryu Hayakawa,Ryu Hayakawa;Casper Gyurik;Mahtab Yaghubi Rad;Vedran Dunjko,,,,,,,Poster Session 1,,Source: https://qip.iaqi.org/2026/programme/poster-sessions/,2026-01-26,,
QIP,2026,poster,Clifford quantum cellular automata from topological quantum field theories and invertible subalgebras,Meng Sun,Meng Sun;Bowen Yang;Zongyuan Wang;Nathanan Tantivasadakarn;Yu-An Chen,,,,,,,Poster Session 1,,Source: https://qip.iaqi.org/2026/programme/poster-sessions/,2026-01-26,,
QIP,2026,poster,Local State Transformations with Classical Source States are Decidable,Yangjing Dong,Yuxiang Chen;Yangjing Dong;Zhaofeng Su;Penghui Yao,,,,,,,Poster Session 1,,Source: https://qip.iaqi.org/2026/programme/poster-sessions/,2026-01-26,,
QIP,2026,poster,Compilation-informed probabilistic logical-error cancellation,Giancarlo Camilo,Giancarlo Camilo;Thiago O. Maciel;Allan Tosta;Thais de Lima Silva;Abdulla Alhajri;Daniel Stilck-Franca;Leandro Aolita,,,,,,,Poster Session 1,,Source: https://qip.iaqi.org/2026/programme/poster-sessions/,2026-01-26,,
QIP,2026,poster,Enhancing Sum Capacity via Quantum and No-Signaling Cooperation Between Transmitters,Seung-Hyun Nam,Seung-Hyun Nam;Hyun-Young Park;Jiyoung Yun;Ashutosh Rai;Si-Hyeon Lee;Joonwoo Bae,,,,,,,Poster Session 1,,Source: https://qip.iaqi.org/2026/programme/poster-sessions/,2026-01-26,,
QIP,2026,poster,State-to-Hamiltonian conversion with a few copies,Kaito Wada,Kaito Wada;Jumpei Kato;Hiroyuki Harada;Naoki Yamamoto,,,,,,,Poster Session 1,,Source: https://qip.iaqi.org/2026/programme/poster-sessions/,2026-01-26,,
QIP,2026,poster,Efficient Near-Term Quantum Gibbs Sampling via Local Detailed Balance Condition,Dominik Hahn,Dominik Hahn;Ryan Sweke;Abhinav Deshpande;Oles Shtanko,,,,,,,Poster Session 1,,Source: https://qip.iaqi.org/2026/programme/poster-sessions/,2026-01-26,,
QIP,2026,poster,Mirrored Entanglement Witnesses for Multipartite and High-Dimensional Quantum Systems,Jiheon Seong,Jiheon Seong;Anindita Bera;Beatrix C. Hiesmayr;Dariusz Chruściński;Joonwoo Bae,,,,,,,Poster Session 1,,Source: https://qip.iaqi.org/2026/programme/poster-sessions/,2026-01-26,,
QIP,2026,poster,Extracting and charging energy into almost unknown quantum states,Andrea Canzio,Andrea Canzio;Vasco Cavina;Roberto Menta;Vittorio Giovannetti,,,,,,,Poster Session 1,,Source: https://qip.iaqi.org/2026/programme/poster-sessions/,2026-01-26,,
QIP,2026,poster,On the query complexity of unitary channel certification,Sangwoo Jeon,Sangwoo Jeon;Changhun Oh,,,,,,,Poster Session 1,,Source: https://qip.iaqi.org/2026/programme/poster-sessions/,2026-01-26,,
QIP,2026,poster,Quantum block Krylov subspace projector: a quantum algorithm for computing low-lying eigenenergies,Maria Gabriela Jordão Oliveira,Maria Gabriela Jordão Oliveira;Nina Glaser,,,,,,,Poster Session 1,,Source: https://qip.iaqi.org/2026/programme/poster-sessions/,2026-01-26,,
QIP,2026,poster,Incremental Structural Learning for Noisy Quantum Simulations,Daniel Paz Ramos,Daniel Paz Ramos;Alisa Haukisalmi;Matti Raasakka;Andrea Marchesin;Lauri Ylinen;Ilkka Tittonen,,,,,,,Poster Session 1,,Source: https://qip.iaqi.org/2026/programme/poster-sessions/,2026-01-26,,
QIP,2026,poster,Universal and optimal multi-qubit unitary synthesis based on meet in the middle,Soichiro Yamazaki,Soichiro Yamazaki;Seiseki Akibue,,,,,,,Poster Session 1,,Source: https://qip.iaqi.org/2026/programme/poster-sessions/,2026-01-26,,
QIP,2026,poster,Metainformation in Quantum Guessing Games,Hanwool Lee,Hanwool Lee;Teiko Heinosaari,,,,,,,Poster Session 1,,Source: https://qip.iaqi.org/2026/programme/poster-sessions/,2026-01-26,,
QIP,2026,poster,On the Fundamental Resource for Exponential Advantage in Quantum Channel Learning,Minsoo Kim,Minsoo Kim;Changhun Oh,,,,,,,Poster Session 1,,Source: https://qip.iaqi.org/2026/programme/poster-sessions/,2026-01-26,,
QIP,2026,poster,Nonlinear photonic architecture for fault-tolerant quantum computing,Maike Ostmann,Maike Ostmann;Alex Jones;Joshua Nunn,,,,,,,Poster Session 1,,Source: https://qip.iaqi.org/2026/programme/poster-sessions/,2026-01-26,,
QIP,2026,poster,Existence of universal resource anduselessness of tooentangled states for quantum metrology,Seiseki Akibue,Rina Miyajima;Yuki Takeuchi;Seiseki Akibue,,,,,,,Poster Session 1,,Source: https://qip.iaqi.org/2026/programme/poster-sessions/,2026-01-26,,
QIP,2026,poster,Expressivity Limits in Quantum Walk-based Optimization,Guilherme Bridi,Guilherme Bridi;Debbie Lim;Lirandë Pira;Raqueline Santos;Franklin Marquezino;Soumik Adhikary,,,,,,,Poster Session 1,,Source: https://qip.iaqi.org/2026/programme/poster-sessions/,2026-01-26,,
QIP,2026,poster,"Reconquering Bell sampling on qudits: stabilizer learning and testing, quantum pseudorandomness bounds, and more",Joao F. Doriguello,Jonathan Allcock;Joao F. Doriguello;Gábor Ivanyos;Miklos Santha,,,,,,,Poster Session 1,,Source: https://qip.iaqi.org/2026/programme/poster-sessions/,2026-01-26,,
QIP,2026,poster,Gottesman-Knill Limit on One-way Communication Complexity: Tracing the Quantum Advantage down to Magic Resources,Snehasish Roy Chowdhury,Snehasish Roy Chowdhury;Sahil Gopalkrishna Naik;Ananya Chakraborty;Ram Krishna Patra;Subhendu B. Ghosh;Pratik Ghosal;Manik Banik;Ananda G. Maity,,,,,,,Poster Session 1,,Source: https://qip.iaqi.org/2026/programme/poster-sessions/,2026-01-26,,
QIP,2026,poster,Efficient witnessing and testing of magic in mixed quantum states,Tobias Haug,Tobias Haug;Poetri Sonya Tarabunga,,,,,,,Poster Session 1,,Source: https://qip.iaqi.org/2026/programme/poster-sessions/,2026-01-26,,
QIP,2026,poster,Properties of Computational Entanglement Measures,Ilia Ryzov,Ilia Ryzov;Faedi Loulidi;David Elkouss Coronas,,,,,,,Poster Session 1,,Source: https://qip.iaqi.org/2026/programme/poster-sessions/,2026-01-26,,
QIP,2026,poster,Nonlinear quantum computation by amplified encodings,Matthias Deiml,Matthias Deiml;Daniel Peterseim,,,,,,,Poster Session 1,,Source: https://qip.iaqi.org/2026/programme/poster-sessions/,2026-01-26,,
QIP,2026,poster,Dynamic LOCC Circuits for Automated Entanglement Manipulation,Xia Liu,Xia Liu;Jiayi Zhao;Benchi Zhao;Xin Wang,,,,,,,Poster Session 1,,Source: https://qip.iaqi.org/2026/programme/poster-sessions/,2026-01-26,,
QIP,2026,poster,Ancilla-train quantum algorithm for simulating non-Markovian open quantum systems,Hans Michael Christensen,Hans Michael Christensen;Johannes Agerskov;Frederik Nathan,,,,,,,Poster Session 1,,Source: https://qip.iaqi.org/2026/programme/poster-sessions/,2026-01-26,,
QIP,2026,poster,Efficiently learning non-Markovian noise in many-body quantum simulators,Jordi Arnau Montañà López,Jordi Arnau Montañà López;Andreas Elben;Joonhee Choi;Rahul Trivedi,,,,,,,Poster Session 1,,Source: https://qip.iaqi.org/2026/programme/poster-sessions/,2026-01-26,,
QIP,2026,poster,Quantum algorithm for edge detection in digital grayscale images,Mohit Dilipbhai Rohida,Mohit Dilipbhai Rohida;Alok Shukla;Prakash Vedula,,,,,,,Poster Session 1,,Source: https://qip.iaqi.org/2026/programme/poster-sessions/,2026-01-26,,
QIP,2026,poster,Quantum Error Correction in adversarial regimes,Rahul Arvind,Rahul Arvind;Nikhil Bansal;Dax Enshan Koh;Tobias Haug;Kishor Bharti,,,,,,,Poster Session 1,,Source: https://qip.iaqi.org/2026/programme/poster-sessions/,2026-01-26,,
QIP,2026,poster,Improving time dynamics simulation by sampling the error unitary,Adrian Chapman,Lana Mineh;Adrian Chapman;Raul A. Santos,,,,,,,Poster Session 1,,Source: https://qip.iaqi.org/2026/programme/poster-sessions/,2026-01-26,,
QIP,2026,poster,Quantum Search on Computation Trees,Jevgēnijs Vihrovs,Jevgēnijs Vihrovs,,,,,,,Poster Session 1,,Source: https://qip.iaqi.org/2026/programme/poster-sessions/,2026-01-26,,
QIP,2026,poster,Approximating Fixed Size Quantum Correlations in Polynomial Time,Julius Alexander Zeiss,Julius Alexander Zeiss;Gereon Kossmann;Omar Fawzi;Mario Berta,,,,,,,Poster Session 1,,Source: https://qip.iaqi.org/2026/programme/poster-sessions/,2026-01-26,,
QIP,2026,poster,Engineering CSS surgery: compiling any CNOT in any code,Clément Poirson,Clément Poirson;Joschka Roffe;Robert I. Booth,,,,,,,Poster Session 1,,Source: https://qip.iaqi.org/2026/programme/poster-sessions/,2026-01-26,,
QIP,2026,poster,An Exact Link between Nonlocal Nonstabilizerness and Operator Entanglement,Faidon Nikolaos Andreadakis,Faidon Nikolaos Andreadakis;Paolo Zanardi,,,,,,,Poster Session 1,,Source: https://qip.iaqi.org/2026/programme/poster-sessions/,2026-01-26,,
QIP,2026,poster,Exponential distillation of dominant eigenproperties,Bence Bako,Bence Bako;Tenzan Araki;Balint Koczor,,,,,,,Poster Session 1,,Source: https://qip.iaqi.org/2026/programme/poster-sessions/,2026-01-26,,
QIP,2026,poster,Exponentially accurate open quantum simulation via randomized dissipation with minimal ancilla,Jumpei Kato,Jumpei Kato;Kaito Wada;Kosuke Ito;Naoki Yamamoto,,,,,,,Poster Session 1,,Source: https://qip.iaqi.org/2026/programme/poster-sessions/,2026-01-26,,
QIP,2026,poster,Canonical Partition Function on a Quantum Computer through Trotter Interpolation,Gumaro Rendon,Gumaro Rendon;Taozhi Guo;Rutuja Kshirsagar,,,,,,,Poster Session 1,,Source: https://qip.iaqi.org/2026/programme/poster-sessions/,2026-01-26,,
QIP,2026,poster,Factorization of Multimeters: Unifying Nonclassical Phenomena,Tim Achenbach,Tim Achenbach;Andreas Bluhm;Leevi Leppäjärvi;Ion Nechita;Martin Plávala,,,,,,,Poster Session 1,,Source: https://qip.iaqi.org/2026/programme/poster-sessions/,2026-01-26,,
QIP,2026,poster,More-Efficient Quantum Multivariate Mean Value Estimator from Generalized Grover Operator,Letian Tang,Letian Tang,,,,,,,Poster Session 1,,Source: https://qip.iaqi.org/2026/programme/poster-sessions/,2026-01-26,,
QIP,2026,poster,Barren-plateau free variational quantum simulation of Z2 lattice gauge theories,Fariha Azad,Fariha Azad;Matteo Inajetovic;Stefan Kühn;Anna Pappa,,,,,,,Poster Session 1,,Source: https://qip.iaqi.org/2026/programme/poster-sessions/,2026-01-26,,
QIP,2026,poster,Alternative adiabatic dynamics from Poissonisation,Joseph Cunningham,Joseph Cunningham;Jérémie Roland,,,,,,,Poster Session 1,,Source: https://qip.iaqi.org/2026/programme/poster-sessions/,2026-01-26,,
QIP,2026,poster,On the Quantum Equivalence between S|LWE⟩ and ISIS,Paul Hermouet,Andre Chailloux;Paul Hermouet,,,,,,,Poster Session 1,,Source: https://qip.iaqi.org/2026/programme/poster-sessions/,2026-01-26,,
QIP,2026,poster,Fold-transversal surface code cultivation,Kathleen (Katie) Chang,Kaavya Sahay;Pei-Kai Tsai;Kathleen (Katie) Chang;Qile Su;Thomas B. Smith;Shradhha Singh;Shruti Puri,,,,,,,Poster Session 1,,Source: https://qip.iaqi.org/2026/programme/poster-sessions/,2026-01-26,,
QIP,2026,poster,The Quantum Decoding Problem : Tight Achievability Bounds and Application to Regev’s Reduction,Agathe Blanvillain,Agathe Blanvillain;Andre Chailloux;Jean-Pierre Tillich,,,,,,,Poster Session 1,,Source: https://qip.iaqi.org/2026/programme/poster-sessions/,2026-01-26,,
QIP,2026,poster,Power and limitations of linear programming decoder for quantum LDPC codes,Shouzhen Gu,Shouzhen Gu;Mehdi Soleimanifar,,,,,,,Poster Session 1,,Source: https://qip.iaqi.org/2026/programme/poster-sessions/,2026-01-26,,
QIP,2026,poster,Noisy-Syndrome Decoding of Hypergraph Product Codes,Venkitesh Iyer,Vatsal Jha;Venkitesh Iyer;Venkata Gandikota;Elena Grigorescu,,,,,,,Poster Session 1,,Source: https://qip.iaqi.org/2026/programme/poster-sessions/,2026-01-26,,
QIP,2026,poster,Deciding Whether a C-Q Channel Preserves a Bit is QCMA-Complete,Arthur Mehta,Arthur Mehta;Kiera Hutton;Andrej Vukovic,,,,,,,Poster Session 1,,Source: https://qip.iaqi.org/2026/programme/poster-sessions/,2026-01-26,,
QIP,2026,poster,Dividing and Conquering the Van Vleck Catastrophe,Sophia Simon,Sophia Simon;Gian-Luca R. Anselmetti;Raffaele Santagati;Matthias Degroote;Nikolaj Moll;Michael Streif;Nathan Wiebe,,,,,,,Poster Session 1,,Source: https://qip.iaqi.org/2026/programme/poster-sessions/,2026-01-26,,
QIP,2026,poster,Fundamental Costs of Noise-Robust Quantum Control: Speed Limits and Complexity,Junkai Zeng,Junkai Zeng;Xiu-Hao Deng,,,,,,,Poster Session 1,,Source: https://qip.iaqi.org/2026/programme/poster-sessions/,2026-01-26,,
QIP,2026,poster,Lindblad Evolution as Gradient Flow,Dylan VanAllen,Greg Kaplanek;Alexander Maloney;Jason Pollack;Dylan VanAllen,,,,,,,Poster Session 1,,Source: https://qip.iaqi.org/2026/programme/poster-sessions/,2026-01-26,,
QIP,2026,poster,A resource-efficient quantum-walker Quantum RAM,Giuseppe Catalano,Giuseppe De Riso;Giuseppe Catalano;Seth Lloyd;Vittorio Giovannetti;Dario De Santis,,,,,,,Poster Session 1,,Source: https://qip.iaqi.org/2026/programme/poster-sessions/,2026-01-26,,
QIP,2026,poster,Fundamental Quality Bound on Optical Quantum Communication,Tobias Rippchen,Tobias Rippchen;Ludovico Lami;Gerardo Adesso;Mario Berta,,,,,,,Poster Session 1,,Source: https://qip.iaqi.org/2026/programme/poster-sessions/,2026-01-26,,
QIP,2026,poster,Fine-Grained Unambiguous Measurements,Quentin Buzet,Quentin Buzet;André Chailloux,,,,,,,Poster Session 1,,Source: https://qip.iaqi.org/2026/programme/poster-sessions/,2026-01-26,,
QIP,2026,poster,Threshold for Fault-tolerant Quantum Advantage with the Quantum Approximate Optimization Algorithm,Michael A Perlin,Sivaprasad Omanakuttan;Zichang He;Zhiwei Zhang;Tianyi Hao;Arman Babakhani;Sami Boulebnane;Shouvanik Chakrabarti;Dylan Herman;Joseph Sullivan;Michael A Perlin;Ruslan Shaydulin;Marco Pistoia,,,,,,,Poster Session 1,,Source: https://qip.iaqi.org/2026/programme/poster-sessions/,2026-01-26,,
QIP,2026,poster,Trading modes against energy,Lukas Brenner;Beatriz Dias,Lukas Brenner;Beatriz Dias;Robert König,,,,,,,Poster Session 1,,Source: https://qip.iaqi.org/2026/programme/poster-sessions/,2026-01-26,,
QIP,2026,poster,Optimization of Quadratic Constraints by Decoded Quantum Interferometry,Daniel Cohen Hillel,Daniel Cohen Hillel,,,,,,,Poster Session 1,,Source: https://qip.iaqi.org/2026/programme/poster-sessions/,2026-01-26,,
QIP,2026,poster,Phase space tableau simulation for quantum computation,Atak Talay Yucel,Selman Ipek;Atak Talay Yucel;Farzad Shahi;Cagdas Ozdenir;Cihan Okay,,,,,,,Poster Session 1,,Source: https://qip.iaqi.org/2026/programme/poster-sessions/,2026-01-26,,
QIP,2026,poster,Classical simulation of universal measurement-based quantum computation using multipartite Bell scenarios,Selman Ipek,Cihan Okay;Atak Talay Yucel;Selman Ipek,,,,,,,Poster Session 1,,Source: https://qip.iaqi.org/2026/programme/poster-sessions/,2026-01-26,,
QIP,2026,poster,Quantification of the energy consumption of entanglement distribution,Mikołaj Czechlewski,Karol Horodecki;Marek Winczewski;Leonard Sikorski;Paweł Mazurek;Mikołaj Czechlewski;Raja Yehia,,,,,,,Poster Session 1,,Source: https://qip.iaqi.org/2026/programme/poster-sessions/,2026-01-26,,
QIP,2026,poster,Randomized truncation of quantum states,Angus Lowe,Aram W Harrow;Angus Lowe;Freek Witteveen,,,,,,,Poster Session 1,,Source: https://qip.iaqi.org/2026/programme/poster-sessions/,2026-01-26,,
QIP,2026,poster,Learning and certification of local time-dependent quantum dynamics and noise,Daniel Stilck França,Daniel Stilck França;Cambyse Rouzé;Tim Möbus,,,,,,,Poster Session 1,,Source: https://qip.iaqi.org/2026/programme/poster-sessions/,2026-01-26,,
QIP,2026,poster,QIP is subset of AM(2QCFA),Abuzer Yakaryilmaz,Abuzer Yakaryilmaz,,,,,,,Poster Session 1,,Source: https://qip.iaqi.org/2026/programme/poster-sessions/,2026-01-26,,
QIP,2026,poster,On the attainability of the ultimate limits in quantum multiparameter estimation,Lorcan Conlon,Lorcan Conlon;Aritra Das;Simon Yung;Jun Suzuki;Syed Assad,,,,,,,Poster Session 1,,Source: https://qip.iaqi.org/2026/programme/poster-sessions/,2026-01-26,,
QIP,2026,poster,Precision Characterisation of Quantum Measurements,Lorcan O. Conlon,Aritra Das;Simon K. Yung;Lorcan O. Conlon;Ozlem Erkilic;Angus Walsh;Yong-Su Kim;Ping K. Lam;Jie Zhao;Syed M. Assad,,,,,,,Poster Session 1,,Source: https://qip.iaqi.org/2026/programme/poster-sessions/,2026-01-26,,
QIP,2026,poster,Limitations on Measurement-free Fault-tolerant Protocols using Clifford Circuits,Joel Rajakumar,Jon Nelson;Joel Rajakumar;Michael Gullans;Dominik Hangleiter,,,,,,,Poster Session 1,,Source: https://qip.iaqi.org/2026/programme/poster-sessions/,2026-01-26,,
QIP,2026,poster,When quantum resources backfire: Non-gaussianity and symplectic coherence in noisy bosonic circuits,Varun Upreti,Varun Upreti;Ulysse Chabaud;Zoë Holmes;Armando Angrisani,,,,,,,Poster Session 1,,Source: https://qip.iaqi.org/2026/programme/poster-sessions/,2026-01-26,,
QIP,2026,poster,Learning Coulomb Potentials and Beyond with Fermions in Continuous Space,Tim Möbus,Andreas Bluhm;Marius Lemm;Tim Möbus;Oliver Siebert,,,,,,,Poster Session 1,,Source: https://qip.iaqi.org/2026/programme/poster-sessions/,2026-01-26,,
QIP,2026,poster,Multimode rotationally symmetric bosonic codes from group-theoretic construction,Rabsan Galib Ahmed,Rabsan Galib Ahmed;Adithi Udupa;Giulia Ferrini,,,,,,,Poster Session 1,,Source: https://qip.iaqi.org/2026/programme/poster-sessions/,2026-01-26,,
QIP,2026,poster,Limitations of Noisy Geometrically Local Quantum Circuits,Joel Rajakumar,Joel Rajakumar;Jon Nelson;Michael Gullans,,,,,,,Poster Session 1,,Source: https://qip.iaqi.org/2026/programme/poster-sessions/,2026-01-26,,
QIP,2026,poster,Exponential Speed-ups for Structured Goemans-Williamson relaxations via Quantum Gibbs States and Pauli Sparsity,Daniel Stilck França,Daniel Stilck França;Haomu Yuan;Tobias Haug;Egor Tiunov;Ilia Luchnikov;Leandro Aolita,,,,,,,Poster Session 1,,Source: https://qip.iaqi.org/2026/programme/poster-sessions/,2026-01-26,,
QIP,2026,poster,Refining Ky Fan’s majorization relation with linear programming,Mohammad Alhejji,Mohammad Alhejji,,,,,,,Poster Session 1,,Source: https://qip.iaqi.org/2026/programme/poster-sessions/,2026-01-26,,
QIP,2026,poster,"Communication Complexity of Graph Isomorphism, Coloring, and Distance Games",Pierre Botteron,Pierre Botteron;Moritz Weber,,,,,,,Poster Session 1,,Source: https://qip.iaqi.org/2026/programme/poster-sessions/,2026-01-26,,
QIP,2026,poster,Post-Quantum Security of Block Cipher Constructions,Christian Majenz,Gorjan Alagic;Chen Bai;Christian Majenz;Kaiyan Shi,,,,,,,Poster Session 1,,Source: https://qip.iaqi.org/2026/programme/poster-sessions/,2026-01-26,,
QIP,2026,poster,The quantum smooth label cover problem is undecidable,Kieran Mastel,Eric Culf;Kieran Mastel;Connor Paddock;Taro Spirig,,,,,,,Poster Session 1,,Source: https://qip.iaqi.org/2026/programme/poster-sessions/,2026-01-26,,
QIP,2026,poster,Universal Quantum Error Mitigation via Random Inverse Depolarizing Approximation,Alexander Miller,Alexander Miller;Micheline Soley,,,,,,,Poster Session 1,,Source: https://qip.iaqi.org/2026/programme/poster-sessions/,2026-01-26,,
QIP,2026,poster,On Quantum Computation Using Bias-Preserving Gates,Debadrito Roy;Aryaman Kolhe,Debadrito Roy;Aryaman Kolhe;V. Lalitha;Navin Kashyap,,,,,,,Poster Session 1,,Source: https://qip.iaqi.org/2026/programme/poster-sessions/,2026-01-26,,
QIP,2026,poster,Exponentially Improved Constant in Quantum Solution Extraction,Gumaro Rendon,Gumaro Rendon,,,,,,,Poster Session 1,,Source: https://qip.iaqi.org/2026/programme/poster-sessions/,2026-01-26,,
QIP,2026,poster,Universal approximation of continuous functions with minimal quantum circuits,Mahtab Yaghubi Rad,Mahtab Yaghubi Rad;Adrian Perez-Salinas;Alice Barthe;Vedran Dunjko,,,,,,,Poster Session 1,,Source: https://qip.iaqi.org/2026/programme/poster-sessions/,2026-01-26,,
QIP,2026,poster,"Exponential Enhancements, Success Guarantees and Quantum–Classical Separation in Constrained Quantum Optimization",Chinonso Onah,Chinonso Onah;Kristel Michielsen,,,,,,,Poster Session 1,,Source: https://qip.iaqi.org/2026/programme/poster-sessions/,2026-01-26,,
QIP,2026,poster,Quantum Functional Information through the Evolution of Random Circuits,Jonas Krause,Rodrigo Pasti;Jonas Krause,,,,,,,Poster Session 1,,Source: https://qip.iaqi.org/2026/programme/poster-sessions/,2026-01-26,,
QIP,2026,poster,Generalized Quantum Stein’s Lemma and Reversibility of Quantum Resource Theories for Classical-Quantum Channels,Anirudh Khaitan,Bjarne Bergh;Nilanjana Datta;Anirudh Khaitan,,,,,,,Poster Session 1,,Source: https://qip.iaqi.org/2026/programme/poster-sessions/,2026-01-26,,
QIP,2026,poster,Fault-Resilience of Dissipative Processes for Quantum Computing,James Purcell,Abhishek Rajput;James Purcell;Toby Cubitt,,,,,,,Poster Session 1,,Source: https://qip.iaqi.org/2026/programme/poster-sessions/,2026-01-26,,
QIP,2026,poster,On Speedups for Convex Optimization via Quantum Dynamics,Dylan Herman,Shouvanik Chakrabarti;Dylan Herman;Jacob Watkins;Enrico Fontana;Brandon Augustino;Junhyung Lyle Kim;Marco Pistoia,,,,,,,Poster Session 1,,Source: https://qip.iaqi.org/2026/programme/poster-sessions/,2026-01-26,,
QIP,2026,poster,Bridging tensor network and stabilizer formalism by bra-ket entanglement,Zhong-Xia Shang;Si-Yuan Chen,Zhong-Xia Shang;Si-Yuan Chen;Wenjun Yu;Giulio Chiribella;Qi Zhao,,,,,,,Poster Session 1,,Source: https://qip.iaqi.org/2026/programme/poster-sessions/,2026-01-26,,
QIP,2026,poster,Product testing with single-copy measurements,Jacob Beckey,Jacob Beckey;Luke Coffman;Ariel Shlosberg;Louis Schatzki;Felix Leditzky,,,,,,,Poster Session 1,,Source: https://qip.iaqi.org/2026/programme/poster-sessions/,2026-01-26,,
QIP,2026,poster,Cryptomania v.s. Minicrypt in a Quantum World,Xingjian Li,Longcheng Li;Qian Li;Xingjian Li;Qipeng Liu,,,,,,,Poster Session 1,,Source: https://qip.iaqi.org/2026/programme/poster-sessions/,2026-01-26,,
QIP,2026,poster,"Energy, Bosons and Computational Complexity",Dhruva Sambrani,Ulysse Chabaud;Sevag Gharibian;Saeed Mehraban;Arsalan Motamedi;Hamid Reza Naeij;Dorian Rudolph;Dhruva Sambrani,,,,,,,Poster Session 1,,Source: https://qip.iaqi.org/2026/programme/poster-sessions/,2026-01-26,,
QIP,2026,poster,End-to-end quantum algorithms for tensor problems,Enrico Fontana,Enrico Fontana;Sivaprasad Omanakuttan;Junhyung Lyle Kim;Michael Perlin;Ruslan Shaydulin;Joseph Sullivan;Shouvanik Chakrabarti,,,,,,,Poster Session 1,,Source: https://qip.iaqi.org/2026/programme/poster-sessions/,2026-01-26,,
QIP,2026,poster,State complexity and phase identification in low-resource adaptive circuits,Junjie Chen,Guoding Liu;Junjie Chen;Xiongfeng Ma,,,,,,,Poster Session 1,,Source: https://qip.iaqi.org/2026/programme/poster-sessions/,2026-01-26,,
QIP,2026,poster,Robust phase estimation of the ground-state energy without controlled time evolution on a quantum device,Hiroki Kuji,Hiroki Kuji;Yuta Shingu;Tetsuro Nikuni;Takashi Imoto;Kenji Sugisaki;Yuichiro Matsuzaki,,,,,,,Poster Session 1,,Source: https://qip.iaqi.org/2026/programme/poster-sessions/,2026-01-26,,
QIP,2026,poster,Towards self-correcting quantum codes for neutral atom arrays,Yifan Hong,Jinkang Guo;Yifan Hong;Adam Kaufman;Andrew Lucas,,,,,,,Poster Session 1,,Source: https://qip.iaqi.org/2026/programme/poster-sessions/,2026-01-26,,
QIP,2026,poster,Simplified Quantum Weight Reduction with Optimal Bounds,Xingjian Li,Min-Hsiu Hsieh;Xingjian Li;Ting-Chun Lin,,,,,,,Poster Session 1,,Source: https://qip.iaqi.org/2026/programme/poster-sessions/,2026-01-26,,
QIP,2026,poster,Unitary designs in nearly optimal depth,Laura Cui,Laura Cui;Thomas Schuster;Fernando Brandao;Hsin-Yuan Huang,,,,,,,Poster Session 1,,Source: https://qip.iaqi.org/2026/programme/poster-sessions/,2026-01-26,,
QIP,2026,poster,Optimizing LOCC Protocols on Product Stiefel Manifold,Ze-Tong Li,Ze-Tong Li;Xin Wang,,,,,,,Poster Session 1,,Source: https://qip.iaqi.org/2026/programme/poster-sessions/,2026-01-26,,
QIP,2026,poster,Characterizing MMI Violation Using Graph States,Jason Pollack,William Munizzi;Jesus Fuentes Rivera;Cynthia Keeler;Jason Pollack,,,,,,,Poster Session 1,,Source: https://qip.iaqi.org/2026/programme/poster-sessions/,2026-01-26,,
QIP,2026,poster,Efficient Closest Matrix Product State Learning in Logarithmic Depth,Chia-Ying Lin,Chia-Ying Lin;Nai-Hui Chia;Shih-Han Hung,,,,,,,Poster Session 1,,Source: https://qip.iaqi.org/2026/programme/poster-sessions/,2026-01-26,,
QIP,2026,poster,"Hiding, Shuffling, and Cycle Finding: Quantum Algorithms on Edge Lists",Amin Shiraz Gilani,Amin Shiraz Gilani;Daochen Wang;Pei Wu;Xingyu Zhou,,,,,,,Poster Session 1,,Source: https://qip.iaqi.org/2026/programme/poster-sessions/,2026-01-26,,
QIP,2026,poster,Compositional Concept Generalization with Variational Quantum Circuits,Mina Abbaszadeh,Hala Hawashin;Mina Abbaszadeh;Nicholas Joseph;Beth Pearson;Martha Lewis;Mehrnoosh Sadrzadeh,,,,,,,Poster Session 1,,Source: https://qip.iaqi.org/2026/programme/poster-sessions/,2026-01-26,,
QIP,2026,poster,Hybrid Error Suppression for Noisy Quantum Hardware,William Munizzi,William Munizzi;Dawei Zhong;Wibe de Jong;Huo Chen,,,,,,,Poster Session 1,,Source: https://qip.iaqi.org/2026/programme/poster-sessions/,2026-01-26,,
QIP,2026,poster,Flexible Catalysis,Mate Weisz,Mate Weisz;Sergii Strelchuk,,,,,,,Poster Session 1,,Source: https://qip.iaqi.org/2026/programme/poster-sessions/,2026-01-26,,
QIP,2026,poster,Approximate Quantum Error Correction,Gereon Kossmann,Gereon Kossmann;Julius A. Zeiss;Omar Fawzi;Mario Berta,,,,,,,Poster Session 1,,Source: https://qip.iaqi.org/2026/programme/poster-sessions/,2026-01-26,,
QIP,2026,poster,Construction and Rigorous Analysis of Quantum-Like States,Ethan Dickey,Ethan Dickey;Abhijeet Vyas;Sabre Kais,,,,,,,Poster Session 1,,Source: https://qip.iaqi.org/2026/programme/poster-sessions/,2026-01-26,,
QIP,2026,poster,Lower bounding the MaxCut of high girth 3-regular graphs using the QAOA,Benjamin Villalonga,Edward Farhi;Sam Gutmann;Daniel Ranard;Benjamin Villalonga,,,,,,,Poster Session 1,,Source: https://qip.iaqi.org/2026/programme/poster-sessions/,2026-01-26,,
QIP,2026,poster,Reducing Circuit Depth of Amplitude Encoding for Gravitational Waves,Hector Spencer-Wood,Elizabeth Sarell;Ashwin Girish;Hector Spencer-Wood;Michael Puerrer;Christopher Messenger;Fiona Speirits;Sarah Croke,,,,,,,Poster Session 1,,Source: https://qip.iaqi.org/2026/programme/poster-sessions/,2026-01-26,,
QIP,2026,poster,Distributed fault-tolerant quantum memories over a 2 × L array of qubit modules,Edwin Tham,Edwin Tham;Min Ye;Ilia Khait;John Gamble;Nicolas Delfosse,,,,,,,Poster Session 1,,Source: https://qip.iaqi.org/2026/programme/poster-sessions/,2026-01-26,,
QIP,2026,poster,Localizing entanglement in high-dimensional states,Christopher Vairogs,Christopher Vairogs;Akanksha Chablani;Leo Lee;Hanyang Sha;Abbie Vaughan-Lee;Jacob Beckey,,,,,,,Poster Session 1,,Source: https://qip.iaqi.org/2026/programme/poster-sessions/,2026-01-26,,
QIP,2026,poster,"Supersubstrates: Quantum entanglement as a projection of higher-dimensional structures intersecting spacetime, with implications for quantum gravity",Jonathan Iwry,Jonathan Iwry,,,,,,,Poster Session 1,,Source: https://qip.iaqi.org/2026/programme/poster-sessions/,2026-01-26,,
QIP,2026,poster,Learning the Geometry of Quantum Resources using Machine Learning,Aman Mehta,William Munizzi;Nothando Khumalo;Aman Mehta;Prineha Narang,,,,,,,Poster Session 1,,Source: https://qip.iaqi.org/2026/programme/poster-sessions/,2026-01-26,,
QIP,2026,poster,Automorphism gadgets in homological product codes,Yifan Hong,Noah Berthusen;Michael Gullans;Yifan Hong;Maryam Mudassar;Shi Jie Samuel Tan,,,,,,,Poster Session 1,,Source: https://qip.iaqi.org/2026/programme/poster-sessions/,2026-01-26,,
QIP,2026,poster,"Scalable, quantum-accessible, and adaptive pseudorandom quantum state and pseudorandom function-like quantum state generators",YaoNan Zhang,Rishabh Batra;Zhili Chen;Rahul Jain;YaoNan Zhang,,,,,,,Poster Session 1,,Source: https://qip.iaqi.org/2026/programme/poster-sessions/,2026-01-26,,
QIP,2026,poster,Quantum Incompatibility in Parallel vs Antiparallel Spins,Kunika Agarwal,Ram Krishna Patra;Kunika Agarwal;Biswajit Paul;Snehasish Roy Chowdhury;Sahil Gopalkrishna Naik;Manik Banik,,,,,,,Poster Session 1,,Source: https://qip.iaqi.org/2026/programme/poster-sessions/,2026-01-26,,
QIP,2026,poster,SPAM-free sound certification of quantum gates via quantum system quizzing,Nikolai Miklin,Nikolai Miklin;Jan Nöller;Martin Kliesch;Mariami Gachechiladze,,,,,,,Poster Session 1,,Source: https://qip.iaqi.org/2026/programme/poster-sessions/,2026-01-26,,
QIP,2026,poster,Efficient quantum circuits for solving classically intractable optimization problems using DQI,T. Khattar,T. Khattar;N. Shutty;C. Gidney;D. Maslov;N. Yosri;R. Babbush;S. Jordan,,,,,,,Poster Session 1,,Source: https://qip.iaqi.org/2026/programme/poster-sessions/,2026-01-26,,
QIP,2026,poster,Ancilla-free single-qubit unitary synthesis: T-optimal synthesis algorithm and provable gate count bounds,Hayata Morisaki,Hayata Morisaki;Seiseki Akibue;Kaoru Sano,,,,,,,Poster Session 1,,Source: https://qip.iaqi.org/2026/programme/poster-sessions/,2026-01-26,,
QIP,2026,poster,Explicit Renormalization Group Flow from Perturbed Matrix Product Operators Using Random Walks,Léo Le Nestour,Léo Le Nestour;Alberto Ruiz de Alarcón;David Pérez-García,,,,,,,Poster Session 1,,Source: https://qip.iaqi.org/2026/programme/poster-sessions/,2026-01-26,,
QIP,2026,poster,Classical algorithms for quantum mean-value problems in bosonic circuits,Changhun Oh,Changhun Oh;Youngrong Lim,,,,,,,Poster Session 1,,Source: https://qip.iaqi.org/2026/programme/poster-sessions/,2026-01-26,,
QIP,2026,poster,Quantum machine learning advantages beyond hardness of evaluation,Riccardo Molteni,Riccardo Molteni;Simon C. Marshall;Vedran Dunjko,,,,,,,Poster Session 2,,Source: https://qip.iaqi.org/2026/programme/poster-sessions/,2026-01-27,,
QIP,2026,poster,Agnostic Product Mixed State Tomography via Robust Statistics,Alvan Arulandu,Alvan Arulandu;Ilias Diakonikolas;Daniel Kane;Jerry Li,,,,,,,Poster Session 2,,Source: https://qip.iaqi.org/2026/programme/poster-sessions/,2026-01-27,,
QIP,2026,poster,Computational complexity of injective projected entangled pair states,Dylan Harley,Dylan Harley;Freek Witteveen;Daniel Malz,,,,,,,Poster Session 2,,Source: https://qip.iaqi.org/2026/programme/poster-sessions/,2026-01-27,,
QIP,2026,poster,Optimal and Feasible Contextuality-based Randomness Generation,Yuan Liu,Yuan Liu;Ravishankar Ramanathan,,,,,,,Poster Session 2,,Source: https://qip.iaqi.org/2026/programme/poster-sessions/,2026-01-27,,
QIP,2026,poster,Equivalence of continuous- and discrete-variable gate-based quantum computers with finite energy,Alex Maltesson,Alex Maltesson;Ludvig Rodung;Niklas Budinger;Giulia Ferrini;Cameron Calcluth,,,,,,,Poster Session 2,,Source: https://qip.iaqi.org/2026/programme/poster-sessions/,2026-01-27,,
QIP,2026,poster,Local Extensions and the Smallest PPT States of High Schmidt Number,Robin Krebs,Robin Krebs;Mariami Gachechiladze,,,,,,,Poster Session 2,,Source: https://qip.iaqi.org/2026/programme/poster-sessions/,2026-01-27,,
QIP,2026,poster,5-Local Hamiltonian Problem and Constant Relative Error Quantum Partition Function Approximation: $O(2^{\frac{n}{2}})$ Algorithm Is Nearly Optimal under QSETH,Yu-Ching Shen,Nai-Hui Chia;Yu-Ching Shen,,,,,,,Poster Session 2,,Source: https://qip.iaqi.org/2026/programme/poster-sessions/,2026-01-27,,
QIP,2026,poster,Fermionic Insights into Measurement Based Quantum Computing: Circle Graph States are not Universal Resources,Brent Harrison,Brent Harrison;Vishnu Iyer;Ojas Parekh;Kevin Thompson;Andrew Zhao,,,,,,,Poster Session 2,,Source: https://qip.iaqi.org/2026/programme/poster-sessions/,2026-01-27,,
QIP,2026,poster,"Measuring Non-Gaussian Magic in Fermions: Convolution, Entropy, and the Violation of Wick’s Theorem and the Matchgate Identity",Luke Coffman,Luke Coffman;Graeme Smith;Xun Gao,,,,,,,Poster Session 2,,Source: https://qip.iaqi.org/2026/programme/poster-sessions/,2026-01-27,,
QIP,2026,poster,The power of catalytic local operations: State transformations and activation of Bell nonlocality,Jessica Bavaresco,Jessica Bavaresco;Nicolas Brunner;Antoine Girardin;Patryk Lipka-Bartosik;Pavel Sekatski,,,,,,,Poster Session 2,,Source: https://qip.iaqi.org/2026/programme/poster-sessions/,2026-01-27,,
QIP,2026,poster,Pretty-good simulation of all quantum measurements by projective measurements,Michał Oszmaniec,Michał Oszmaniec;Michał Kotowski,,,,,,,Poster Session 2,,Source: https://qip.iaqi.org/2026/programme/poster-sessions/,2026-01-27,,
QIP,2026,poster,Tight Quantum Time-Space Tradeoffs for Permutation Inversion,Tzu-Yi Yang,Tzu-Yi Yang;Kai-Min Chung;Akshima;Tyler Besselman;Siyao Guo,,,,,,,Poster Session 2,,Source: https://qip.iaqi.org/2026/programme/poster-sessions/,2026-01-27,,
QIP,2026,poster,Reverse-type data processing inequalities for quantum f-divergences and applications,Shreyas Iyer,Paula Belzig;Li Gao;Shreyas Iyer;Graeme Smith;Peixue Wu,,,,,,,Poster Session 2,,Source: https://qip.iaqi.org/2026/programme/poster-sessions/,2026-01-27,,
QIP,2026,poster,Quantum Sparse Recovery and Quantum Orthogonal Matching Pursuit,Armando Bellante,Armando Bellante;Stefano Vanerio;Stefano Zanero,,,,,,,Poster Session 2,,Source: https://qip.iaqi.org/2026/programme/poster-sessions/,2026-01-27,,
QIP,2026,poster,Sharp estimates of quantum covering problems via a novel trace inequality,Po-Chieh Liu,Hao-Chung Cheng;Li Gao;Christoph Hirche;Hao-Wei Huang;Po-Chieh Liu,,,,,,,Poster Session 2,,Source: https://qip.iaqi.org/2026/programme/poster-sessions/,2026-01-27,,
QIP,2026,poster,Measuring gravitational lensing time delays with quantum information processing,Emil T. Khabiboulline,Zhenning Liu;William DeRocco;Shiming Gu;Emil T. Khabiboulline;Soonwon Choi;Andrew M. Childs;Anson Hook;Alexey V. Gorshkov;Daniel Eric Gottesman,,,,,,,Poster Session 2,,Source: https://qip.iaqi.org/2026/programme/poster-sessions/,2026-01-27,,
QIP,2026,poster,No Universal Purification in Quantum Mechanics,Zhenyu Du,Zhenhuan Liu;Zhenyu Du;Zhenyu Cai;Zi-Wen Liu,,,,,,,Poster Session 2,,Source: https://qip.iaqi.org/2026/programme/poster-sessions/,2026-01-27,,
QIP,2026,poster,Large Parts are Generically Entangled Across All Cuts,Kai-Siang Chen,Mu-En Liu;Kai-Siang Chen;Chung-Yun Hsieh;Gelo Noel M. Tabia;Yeong-Cherng Liang,,,,,,,Poster Session 2,,Source: https://qip.iaqi.org/2026/programme/poster-sessions/,2026-01-27,,
QIP,2026,poster,Certifying localizable quantum properties with constant sample complexity,Zhenyu Du,Zhenyu Du;Jinchang Liu;Elias X. Huber;Zi-Wen Liu;Xiongfeng Ma,,,,,,,Poster Session 2,,Source: https://qip.iaqi.org/2026/programme/poster-sessions/,2026-01-27,,
QIP,2026,poster,The Constant Speed Schedule for Adiabatic State Preparation: Towards Quadratic Speedup without Prior Spectral Knowledge,Mancheon Han,Mancheon Han;Hyowon Park;Sangkook Choi,,,,,,,Poster Session 2,,Source: https://qip.iaqi.org/2026/programme/poster-sessions/,2026-01-27,,
QIP,2026,poster,High-dimensional Quantum Schur transforms,Dmitry Grinko;Vladyslav Visnevskyi,Adam Burchardt;Jiani Fei;Dmitry Grinko;Martin Larocca;Maris Ozols;Sydney Timmerman;Vladyslav Visnevskyi,,,,,,,Poster Session 2,,Source: https://qip.iaqi.org/2026/programme/poster-sessions/,2026-01-27,,
QIP,2026,poster,Quantum Tanner Color Codes on Qubits with Transversal Gates,Kyle Gulshen,Kyle Gulshen;Tali Kaufman,,,,,,,Poster Session 2,,Source: https://qip.iaqi.org/2026/programme/poster-sessions/,2026-01-27,,
QIP,2026,poster,Characterizing Memory-Constrained Implementability of Quantum Instruments via Signaling Conditions,Kosuke Matsui,Kosuke Matsui;Jun-Yi Wu;Hayata Yamasaki;Min-Hsiu Hsieh;Mio Murao,,,,,,,Poster Session 2,,Source: https://qip.iaqi.org/2026/programme/poster-sessions/,2026-01-27,,
QIP,2026,poster,Adaptive Sparsification for Linear Programming,Etienne Objois,Etienne Objois;Adrian Vladu,,,,,,,Poster Session 2,,Source: https://qip.iaqi.org/2026/programme/poster-sessions/,2026-01-27,,
QIP,2026,poster,Clifford circuit based heuristic optimization of fermion-to-qubit mappings,Jeffery Yu,Jeffery Yu;Yuan Liu;Sho Sugiura;Troy Van Voorhis;Sina Zeytinoglu,,,,,,,Poster Session 2,,Source: https://qip.iaqi.org/2026/programme/poster-sessions/,2026-01-27,,
QIP,2026,poster,Bounding quantum uncommon information with quantum neural estimators,Donghwa Ji,Donghwa Ji;Junseo Lee;Myeongjin Shin;IlKwon Sohn;Kabgyun Jeong,,,,,,,Poster Session 2,,Source: https://qip.iaqi.org/2026/programme/poster-sessions/,2026-01-27,,
QIP,2026,poster,Emulating Kondo Dynamics on a quantum circuit,Soumyadeep Sarma,Soumyadeep Sarma;Jukka Vayrynen;Elio Koenig,,,,,,,Poster Session 2,,Source: https://qip.iaqi.org/2026/programme/poster-sessions/,2026-01-27,,
QIP,2026,poster,On the Complexity of Quantum States and Circuits from the Orthogonal and Symplectic Groups,Oxana Shaya,Oxana Shaya;Zoe Holmes;Christoph Hirche;Armando Angrisani,,,,,,,Poster Session 2,,Source: https://qip.iaqi.org/2026/programme/poster-sessions/,2026-01-27,,
QIP,2026,poster,Extractable Work as a Tool for Testing Witnessing in Three-Level Lasers,Khalid TALBI,Khalid TALBI;Jamal El Qars,,,,,,,Poster Session 2,,Source: https://qip.iaqi.org/2026/programme/poster-sessions/,2026-01-27,,
QIP,2026,poster,Thermodynamic criteria for signaling in quantum channels,Yutong Luo,Yutong Luo;Simon Milz;Felix C. Binder,,,,,,,Poster Session 2,,Source: https://qip.iaqi.org/2026/programme/poster-sessions/,2026-01-27,,
QIP,2026,poster,Dynamics of discrete spacetimes with Quantum-enhanced Markov Chain Monte Carlo,Stuart Ferguson,Stuart Ferguson;Arad Nasiri;Petros Wallden,,,,,,,Poster Session 2,,Source: https://qip.iaqi.org/2026/programme/poster-sessions/,2026-01-27,,
QIP,2026,poster,Imaging Two-Photon Hong-Ou-Mandel Interference with an EMCCD as a Photon-Number-Resolving-Camera,Nur Duwi Fat Fitri,Nur Duwi Fat Fitri;Suseong Lim;Heonoh Kim;Jin-Woo Kim;June Koo Kevin Rhee,,,,,,,Poster Session 2,,Source: https://qip.iaqi.org/2026/programme/poster-sessions/,2026-01-27,,
QIP,2026,poster,Constructing Non-Classical Quantum Distributions in arbitrary causal structures,Shashaank Khanna,Shashaank Khanna;Marina Ansanelli;Matthew Pusey;Elie Wolfe,,,,,,,Poster Session 2,,Source: https://qip.iaqi.org/2026/programme/poster-sessions/,2026-01-27,,
QIP,2026,poster,Facilitating usage of quantum-classical optimization software with QHyper library,Justyna Zawalska,Justyna Zawalska;Tomasz Lamża;Kacper Jurek;Mariusz Sterzel;Katarzyna Rycerz,,,,,,,Poster Session 2,,Source: https://qip.iaqi.org/2026/programme/poster-sessions/,2026-01-27,,
QIP,2026,poster,A Quantum Bagging Approach Using Unsupervised Learners for Noisy Label Datasets,Neeshu Rathi,Neeshu Rathi;Sanjeev Kumar,,,,,,,Poster Session 2,,Source: https://qip.iaqi.org/2026/programme/poster-sessions/,2026-01-27,,
QIP,2026,poster,"A $(t,n)$ threshold quantum secret sharing for sharing classical and quantum information",Nancy,Nancy;Sanjeev Kumar,,,,,,,Poster Session 2,,Source: https://qip.iaqi.org/2026/programme/poster-sessions/,2026-01-27,,
QIP,2026,poster,No-Go Theorem on Fold Transversal Gates for Multiple Logical Qubits,Aranya Chakraborty,Aranya Chakraborty;Daniel Gottesman,,,,,,,Poster Session 2,,Source: https://qip.iaqi.org/2026/programme/poster-sessions/,2026-01-27,,
QIP,2026,poster,Universal Purification Transformation,Zoe García del Toro,Zoe García del Toro;Jessica Bavaresco,,,,,,,Poster Session 2,,Source: https://qip.iaqi.org/2026/programme/poster-sessions/,2026-01-27,,
QIP,2026,poster,Path-Oblivious Entanglement Swapping for the Quantum Internet,Rhea Parekh,Vincent Mutolo;Rhea Parekh;Dan Rubenstein,,,,,,,Poster Session 2,,Source: https://qip.iaqi.org/2026/programme/poster-sessions/,2026-01-27,,
QIP,2026,poster,Information geometry of continuous-variable quantum neural networks,Henry Zhang,Henry Zhang,,,,,,,Poster Session 2,,Source: https://qip.iaqi.org/2026/programme/poster-sessions/,2026-01-27,,
QIP,2026,poster,Hardware-efficient quantum annealing with error mitigation via classical shadow,Takaharu Yoshida,Takaharu Yoshida;Yuta Shingu;Chihaya Shimada;Tetsuro Nikuni;Hideaki Hakoshima;Yuichiro Matsuzaki,,,,,,,Poster Session 2,,Source: https://qip.iaqi.org/2026/programme/poster-sessions/,2026-01-27,,
QIP,2026,poster,Quantum-Enhanced Optimization by Warm Starts,Ieva Cepaite,Ieva Cepaite;Ashley Montanaro;Niam Vaishnav;Leo Zhou,,,,,,,Poster Session 2,,Source: https://qip.iaqi.org/2026/programme/poster-sessions/,2026-01-27,,
QIP,2026,poster,Asymptotic Construction of Knill-Type Magic State Distillation with Near-Linear Rate,Koki Ehara,Koki Ehara;Ryuji Takagi,,,,,,,Poster Session 2,,Source: https://qip.iaqi.org/2026/programme/poster-sessions/,2026-01-27,,
QIP,2026,poster,A Quantum Algorithm for Nonlinear Electromagnetic Fluid Dynamics via Koopman-von Neumann Linearization,Yuki Ito,Yuki Ito;Hayato Higuchi;Kazuki Sakamoto;Keisuke Fujii;Akimasa Yoshikawa,,,,,,,Poster Session 2,,Source: https://qip.iaqi.org/2026/programme/poster-sessions/,2026-01-27,,
QIP,2026,poster,Spectral Stability of Effective Hamiltonians in Infinite Systems,Ayumi Ukai,Ayumi Ukai,,,,,,,Poster Session 2,,Source: https://qip.iaqi.org/2026/programme/poster-sessions/,2026-01-27,,
QIP,2026,poster,Gradient descent robustly finds depth-optimal circuits for generic unitaries,Janani Gomathi Rajagopal,Janani Gomathi Rajagopal;Alex Meiburg,,,,,,,Poster Session 2,,Source: https://qip.iaqi.org/2026/programme/poster-sessions/,2026-01-27,,
QIP,2026,poster,Quantum approximate optimization of finite-state bosonic systems,Shakib Daryanoosh,Shakib Daryanoosh,,,,,,,Poster Session 2,,Source: https://qip.iaqi.org/2026/programme/poster-sessions/,2026-01-27,,
QIP,2026,poster,A General Class of Functionals Certifying Quantum Incompatibility,Kuan-Yi Lee,Kuan-Yi Lee;Jhen-Dong Lin;Adam Miranowicz;Yueh-Nan Chen,,,,,,,Poster Session 2,,Source: https://qip.iaqi.org/2026/programme/poster-sessions/,2026-01-27,,
QIP,2026,poster,A PAC-Bayesian approach to generalization for quantum models,Pablo Rodriguez-Grasa,Pablo Rodriguez-Grasa;Matthias C. Caro;Jens Eisert;Elies Gil-Fuster;Franz J. Schreiber;Carlos Bravo-Prieto,,,,,,,Poster Session 2,,Source: https://qip.iaqi.org/2026/programme/poster-sessions/,2026-01-27,,
QIP,2026,poster,Security Analysis for Steering-Based One-Sided Device-Independent QKD,Ritu Dhaulakhandi,Ritu Dhaulakhandi;Ramona Wolf,,,,,,,Poster Session 2,,Source: https://qip.iaqi.org/2026/programme/poster-sessions/,2026-01-27,,
QIP,2026,poster,Exponential quantum speedups in quantum chemistry with linear depth,Oskar Leimkuhler,Oskar Leimkuhler;K. Birgitta Whaley,,,,,,,Poster Session 2,,Source: https://qip.iaqi.org/2026/programme/poster-sessions/,2026-01-27,,
QIP,2026,poster,Hidden shift problem for complex functions,Joppe Stokvis,Joppe Stokvis;Serge Adonsou;Peter Bruin;Maris Ozols,,,,,,,Poster Session 2,,Source: https://qip.iaqi.org/2026/programme/poster-sessions/,2026-01-27,,
QIP,2026,poster,Uniform Additivity of Tripartite Optimized Correlation Measures,Ariel Shlosberg,Ariel Shlosberg;Joshua Levin;Vikesh Siddhu;Graeme Smith,,,,,,,Poster Session 2,,Source: https://qip.iaqi.org/2026/programme/poster-sessions/,2026-01-27,,
QIP,2026,poster,Hyperbolic Floquet code with graph-edge syndromes,Hideyuki Ozawa,Hideyuki Ozawa;Isamu Kudo;Yuki Takeuchi;Tsuyoshi Yoshida,,,,,,,Poster Session 2,,Source: https://qip.iaqi.org/2026/programme/poster-sessions/,2026-01-27,,
QIP,2026,poster,A Variational Quantum Eigensolver Based on the Measurement Scheme Tailored to Multiband Tight-Binding Simulations,Dongkeun Lee,Dongkeun Lee;Hoon Ryu,,,,,,,Poster Session 2,,Source: https://qip.iaqi.org/2026/programme/poster-sessions/,2026-01-27,,
QIP,2026,poster,Nontrivial multi-product commutation relation for reducing T-count in sequential Pauli-based computation,Yusei Mori,Yusei Mori;Hideaki Hakoshima;Keisuke Fujii,,,,,,,Poster Session 2,,Source: https://qip.iaqi.org/2026/programme/poster-sessions/,2026-01-27,,
QIP,2026,poster,Quantum Channels on Graphs: a Resonant Tunnelling Perspective,Giuseppe;Giuseppe Catalano,Giuseppe;Farzad;Vittorio;Giuseppe Catalano,,,,,,,Poster Session 2,,Source: https://qip.iaqi.org/2026/programme/poster-sessions/,2026-01-27,,
QIP,2026,poster,Equivalence between the second order steady state for spin-Boson model and its quantum mean force Gibbs state,Prem Kumar,Prem Kumar;K. P. Athulya;Sibasish Ghosh,,,,,,,Poster Session 2,,Source: https://qip.iaqi.org/2026/programme/poster-sessions/,2026-01-27,,
QIP,2026,poster,A Mutual Information-based Metric for Temporal Expressivity and Trainability Estimation in Quantum Policy Gradient Pipelines,Kabgyun Jeong,Jaehun Jeong;Kabgyun Jeong,,,,,,,Poster Session 2,,Source: https://qip.iaqi.org/2026/programme/poster-sessions/,2026-01-27,,
QIP,2026,poster,Minimal model for causal decoupling in time-periodic operator dynamics,Marcell D. Kovacs,Marcell D. Kovacs;Christopher J. Turner;Lluis Masanes;Arijeet Pal,,,,,,,Poster Session 2,,Source: https://qip.iaqi.org/2026/programme/poster-sessions/,2026-01-27,,
QIP,2026,poster,Enhanced Accuracy in Quantum Calculations of Molecular Property via Plane Waves with Adapted COVO,Qian Wang,Qian Wang;Calvin Ku;Alice Hu;Peng-Jen Chen;Min-Hsiu Hsieh;Jyh-Pin Chou,,,,,,,Poster Session 2,,Source: https://qip.iaqi.org/2026/programme/poster-sessions/,2026-01-27,,
QIP,2026,poster,Edge-based Quantum Approximate Optimization Algorithm for MAX-CUT Problem,Youngjin Seo,Youngjin Seo;Jun Heo,,,,,,,Poster Session 2,,Source: https://qip.iaqi.org/2026/programme/poster-sessions/,2026-01-27,,
QIP,2026,poster,Heterogeneous Window Decoder,Yuga Hirai,Yuga Hirai;Naoki Yamamoto;Yasunari Suzuki,,,,,,,Poster Session 2,,Source: https://qip.iaqi.org/2026/programme/poster-sessions/,2026-01-27,,
QIP,2026,poster,Circuit Cutting,Lukas Schmitt,Lukas Schmitt;Christophe Piveteau;David Sutter,,,,,,,Poster Session 2,,Source: https://qip.iaqi.org/2026/programme/poster-sessions/,2026-01-27,,
QIP,2026,poster,Hybrid Decomposed Quantum Optimization for Collision Avoidance in LEO Satellite Constellations,Rushil Kukreja,Rushil Kukreja;Tanush Vuppala,,,,,,,Poster Session 2,,Source: https://qip.iaqi.org/2026/programme/poster-sessions/,2026-01-27,,
QIP,2026,poster,Min-reflected entropy: From holography to Petz Rényi mutual information and Petz recovery,Laura Burri,Laura Burri,,,,,,,Poster Session 2,,Source: https://qip.iaqi.org/2026/programme/poster-sessions/,2026-01-27,,
QIP,2026,poster,Multiplicativity properties of block noncommutative graphs,Jeonghoon Park,Jeonghoon Park;Jeong San Kim,,,,,,,Poster Session 2,,Source: https://qip.iaqi.org/2026/programme/poster-sessions/,2026-01-27,,
QIP,2026,poster,Glitchy Period Finding,Shelby Kimmel,Shelby Kimmel;Shingo Kodama;Alex Laakmann,,,,,,,Poster Session 2,,Source: https://qip.iaqi.org/2026/programme/poster-sessions/,2026-01-27,,
QIP,2026,poster,From negligible to neglecton: making Ising anyons braiding universal,Filippo Iulianelli,Filippo Iulianelli;Sung Kim;Joshua Sussan;Aaron Lauda,,,,,,,Poster Session 2,,Source: https://qip.iaqi.org/2026/programme/poster-sessions/,2026-01-27,,
QIP,2026,poster,Quantum Anomaly Detection using non-contact sensor toward Smart factory,Takao Tomono,Takao Tomono;Kazuya Tsujimura,,,,,,,Poster Session 2,,Source: https://qip.iaqi.org/2026/programme/poster-sessions/,2026-01-27,,
QIP,2026,poster,Detecting quantum non-Gaussianity with a single quadrature,Clara Wassner,Clara Wassner;Jack Davis;Sacha Cerf;Ulysse Chabaud;Francesco Arzani,,,,,,,Poster Session 2,,Source: https://qip.iaqi.org/2026/programme/poster-sessions/,2026-01-27,,
QIP,2026,poster,A Novel Encoding Framework for Peptide Folding using Variational Quantum Eigensolver Algorithm,Ayushi,Ayushi;Madhvi Shakya,,,,,,,Poster Session 2,,Source: https://qip.iaqi.org/2026/programme/poster-sessions/,2026-01-27,,
QIP,2026,poster,A Robust Quantum Image Encryption Framework based on 3D Hyperchaotic Map and Quantum Block-Based Unitary Operations,Vivek Verma,Vivek Verma;Priyanshu Parakhiya;Sanjeev Kumar,,,,,,,Poster Session 2,,Source: https://qip.iaqi.org/2026/programme/poster-sessions/,2026-01-27,,
QIP,2026,poster,Double-Bracket Algorithmic Cooling,Khanh Uyen Giang,Mohammed Alghadeer;Khanh Uyen Giang;Shuxiang Cao;Simone D. Fasciati;Michele Piscitelli;Nelly Ng;Peter J. Leek;Marek Gluza;Mustafa Bakr,,,,,,,Poster Session 2,,Source: https://qip.iaqi.org/2026/programme/poster-sessions/,2026-01-27,,
QIP,2026,poster,Decoder Switching: Harmonizing Speed and Accuracy in Hybrid Decoding System,Riki Toshio,Riki Toshio;Kaito Kishi;Jun Fujisaki;Hirotaka Oshima;Shintaro Sato;Keisuke Fujii,,,,,,,Poster Session 2,,Source: https://qip.iaqi.org/2026/programme/poster-sessions/,2026-01-27,,
QIP,2026,poster,Quantum Time-Space Tradeoffs for Exponential Dynamic Programming,Susanna Caroppo,Susanna Caroppo;Jevgēnijs Vihrovs;Dārta Zajakina;Aleksejs Zajakins,,,,,,,Poster Session 2,,Source: https://qip.iaqi.org/2026/programme/poster-sessions/,2026-01-27,,
QIP,2026,poster,A novel scheme for error protection for quantum reservoir computing for time series prediction,Delphine Martres,Delphine Martres;Franz Georg Fuchs;Ruben Pariente Bassa,,,,,,,Poster Session 2,,Source: https://qip.iaqi.org/2026/programme/poster-sessions/,2026-01-27,,
QIP,2026,poster,Impact of Finite Sampling Errors on the Scalability of Variational Quantum Optimization,Adelina Bärligea,Adelina Bärligea,,,,,,,Poster Session 2,,Source: https://qip.iaqi.org/2026/programme/poster-sessions/,2026-01-27,,
QIP,2026,poster,Quantum Assisted Ghost Gutzwiller Ansatz,PV Sriluckshmy,PV Sriluckshmy;Francois Jamet;Fedor Simkovic,,,,,,,Poster Session 2,,Source: https://qip.iaqi.org/2026/programme/poster-sessions/,2026-01-27,,
QIP,2026,poster,Measurement-induced entanglement in noisy 2D random Clifford circuits,Alexey V. Gorshkov,Zhi-Yuan Wei;Jon Nelson;Joel Rajakumar;Esther Cruz;Alexey V. Gorshkov;Michael J. Gullans;Daniel Malz,,,,,,,Poster Session 2,,Source: https://qip.iaqi.org/2026/programme/poster-sessions/,2026-01-27,,
QIP,2026,poster,Performance of bosonic codes in the presence of non-markovian effect induced by random telegraph noise,Adithi Udupa,Adithi Udupa;Timo Hillmann;Rabsan Galib Ahmed;Andrea Smirne;Giulia Ferrini,,,,,,,Poster Session 2,,Source: https://qip.iaqi.org/2026/programme/poster-sessions/,2026-01-27,,
QIP,2026,poster,Decomposing diagonal multi-qudit gates,Daniele Trisciani,Daniele Trisciani;Zoltán Zimborás,,,,,,,Poster Session 2,,Source: https://qip.iaqi.org/2026/programme/poster-sessions/,2026-01-27,,
QIP,2026,poster,Resource Analysis of Low-Overhead Transversal Architectures for Reconfigurable Atom Arrays,Casey Duckering,Harry Zhou;Casey Duckering;Chen Zhao;Dolev Bluvstein;Madelyn Cain;Aleksander Kubica;Sheng-Tao Wang;Mikhail D. Lukin,,,,,,,Poster Session 2,,Source: https://qip.iaqi.org/2026/programme/poster-sessions/,2026-01-27,,
QIP,2026,poster,Statistical Detectability of Quantum Cloning Attacks on BB84 Using IBM Qiskit Simulations,Jerry Yu,Jerry Yu,,,,,,,Poster Session 2,,Source: https://qip.iaqi.org/2026/programme/poster-sessions/,2026-01-27,,
QIP,2026,poster,Quantum Simulations of Organic Reactions: Achieving Accuracy in the NISQ Era,Maitreyee Sarkar,Maitreyee Sarkar;Atul Kumar;Manikandan Paranjothy,,,,,,,Poster Session 2,,Source: https://qip.iaqi.org/2026/programme/poster-sessions/,2026-01-27,,
QIP,2026,poster,Exponential advantage in continuous-variable quantum state learning,Eugen Coroi,Eugen Coroi;Changhun Oh,,,,,,,Poster Session 2,,Source: https://qip.iaqi.org/2026/programme/poster-sessions/,2026-01-27,,
QIP,2026,poster,Quantum Advantage in Resource Estimation,William Simon,William Simon;Peter Love,,,,,,,Poster Session 2,,Source: https://qip.iaqi.org/2026/programme/poster-sessions/,2026-01-27,,
QIP,2026,poster,A unified loss formalism for improving variational quantum algorithms,Yixian Qiu,Yixian Qiu,,,,,,,Poster Session 2,,Source: https://qip.iaqi.org/2026/programme/poster-sessions/,2026-01-27,,
QIP,2026,poster,Complexity of computations on simplicial complexes in quantum logspace,Benjamin Mathieu-Bloise,Benjamin Mathieu-Bloise;Simon Apers,,,,,,,Poster Session 2,,Source: https://qip.iaqi.org/2026/programme/poster-sessions/,2026-01-27,,
QIP,2026,poster,Efficient Targeting of Excited States through Quantum Singular Value Transformation based Inverse Power Iteration,Srushti Patil,Srushti Patil;Nina Glaser,,,,,,,Poster Session 2,,Source: https://qip.iaqi.org/2026/programme/poster-sessions/,2026-01-27,,
QIP,2026,poster,Gate-based Error Filtration: an error mitigation protocol for the NISQ era and beyond,Francesco De Luca,Francesco De Luca,,,,,,,Poster Session 2,,Source: https://qip.iaqi.org/2026/programme/poster-sessions/,2026-01-27,,
QIP,2026,poster,4-Message Quantum Zero Knowledge for QMA,Zhengnan Lai,Zhengnan Lai;Nicholas Spooner;Max Tromanhauser;Ran Canetti,,,,,,,Poster Session 2,,Source: https://qip.iaqi.org/2026/programme/poster-sessions/,2026-01-27,,
QIP,2026,poster,Quantum Theory of Molecular Phase Space: Vibrational and Electronic Degrees of Freedom,Elin Ranjan Das,Elin Ranjan Das;Victor V. Albert;Yuan Liu,,,,,,,Poster Session 2,,Source: https://qip.iaqi.org/2026/programme/poster-sessions/,2026-01-27,,
QIP,2026,poster,Semi-device-independent self-testing of unitary operations,Rajdeep Paul,Rajdeep Paul;Prabuddha Roy;Alok Kumar Pan,,,,,,,Poster Session 2,,Source: https://qip.iaqi.org/2026/programme/poster-sessions/,2026-01-27,,
QIP,2026,poster,Demonstration of a Logical Neutral Atom Architecture Uniting Motion and In-Place Entanglement,Victory Omole,Rich Rines;Benjamin Hall;Mariesa H. Teo;Joshua Viszlai;Daniel Cole;David Mason;Cameron Barker;Matt Blakely;Matt Bedalov;Tobias Bothwell;Caitlin Carnahan;Frederic T. Chong;Samuel Y. Eubanks;Brian Fields;Matthew Gillette;Palash Goiporia;Pranav Gokhale;Garrett T. Hickman;Marin Iliev;Eric B. Jones;Ryan Jones;Kevin Kuper;Stephanie Lee;Martin Lichtman;Kevin Loeffler;Nate Mackintosh;Farhad Majdeteimouri;Peter T. Mitchell;Thomas W. Noel;Ely Novakoski;Victory Omole;David Owusu-Antwi;Alexander G. Radnaev;Anthony Reiter;Mark Saffman;Bharath Thotakura;Teague Tomesh;Ilya Vinogradov,,,,,,,Poster Session 2,,Source: https://qip.iaqi.org/2026/programme/poster-sessions/,2026-01-27,,
QIP,2026,poster,Ansatz-free Lindbladian Learning,Petr Ivashkov,Petr Ivashkov;Nikita Romanov;Andi Gu;Hong-Ye Hu;Susanne F. Yelin,,,,,,,Poster Session 2,,Source: https://qip.iaqi.org/2026/programme/poster-sessions/,2026-01-27,,
QIP,2026,poster,Efficient Classical Simulation of Short-Time Hamiltonian Dynamics Expectation on Any States,Jue Xu,Jue Xu;Chu Zhao;Xiangran Zhang;Qi Zhao,,,,,,,Poster Session 2,,Source: https://qip.iaqi.org/2026/programme/poster-sessions/,2026-01-27,,
QIP,2026,poster,Quantum Machine Learning for Malware Detection,Eliška Krátká,Eliška Krátká;Aurél Gábris,,,,,,,Poster Session 2,,Source: https://qip.iaqi.org/2026/programme/poster-sessions/,2026-01-27,,
QIP,2026,poster,Quantum Algorithmic Approaches for Helmholtz Equations,Oliver Hüttenhofer,Oliver Hüttenhofer;Jakob Kottmann,,,,,,,Poster Session 2,,Source: https://qip.iaqi.org/2026/programme/poster-sessions/,2026-01-27,,
QIP,2026,poster,Quantum Circuit Optimization with Hierarchical Reinforcement Learning,Khoa Dang Tao,Khoa Dang Tao;Sumin Jin;Muhammad Raza;Changhyoup Lee,,,,,,,Poster Session 2,,Source: https://qip.iaqi.org/2026/programme/poster-sessions/,2026-01-27,,
QIP,2026,poster,Quantum Shape Similarity for Drug Discovery,Marco Marcozzi,Marco Marcozzi;Savíns Puertas-Martín;Remigijus Paulavičius;Ana Camara-Artigas;Juana L. Redondo;Ernestas Filatovas,,,,,,,Poster Session 2,,Source: https://qip.iaqi.org/2026/programme/poster-sessions/,2026-01-27,,
QIP,2026,poster,Quantum Random Number Generation at room temperature using NV centers in diamond.,Heinrihs Meilerts,Heinrihs Meilerts;Oskars Rudzitis;Reinis Lazda;Florian Gahbauer;Marcis Auzinsh,,,,,,,Poster Session 2,,Source: https://qip.iaqi.org/2026/programme/poster-sessions/,2026-01-27,,
QIP,2026,poster,Algebraic Topology Principles behind Topological Quantum Error Correction,Xiang Zou,Xiang Zou,,,,,,,Poster Session 2,,Source: https://qip.iaqi.org/2026/programme/poster-sessions/,2026-01-27,,
QIP,2026,poster,(Non) convex optimization via adiabatic quantum algorithms,Elie Bermot,Elie Bermot;Arthur Braida;Simon Apers,,,,,,,Poster Session 2,,Source: https://qip.iaqi.org/2026/programme/poster-sessions/,2026-01-27,,
QIP,2026,poster,Improved bounds on Quantum Max-Cut via symmetries and entanglement theory constraints,Minh Duc Tran,Minh Duc Tran;Lucas Vieira;Dominik Westphal;Mariami Gachechiladze,,,,,,,Poster Session 2,,Source: https://qip.iaqi.org/2026/programme/poster-sessions/,2026-01-27,,
QIP,2026,poster,Hamiltonian learning via quantum Zeno effect,Giacomo Franceschetto,Giacomo Franceschetto;Egle Pagliaro;Leonardo Zambrano;Luciano Pereira;Antonio Acín,,,,,,,Poster Session 2,,Source: https://qip.iaqi.org/2026/programme/poster-sessions/,2026-01-27,,
QIP,2026,poster,Simultaneous Estimation of Nonlinear Functionals of a Quantum State,Zhan Yu,Kean Chen;Qisheng Wang;Zhan Yu;Zhicheng Zhang,,,,,,,Poster Session 2,,Source: https://qip.iaqi.org/2026/programme/poster-sessions/,2026-01-27,,
QIP,2026,poster,Lieb-Robinson light cone for bosonic systems with long-range interactions,Carla Rubiliani,Carla Rubiliani;Tomotaka Kuwahara;Cheng Shang,,,,,,,Poster Session 2,,Source: https://qip.iaqi.org/2026/programme/poster-sessions/,2026-01-27,,
QIP,2026,poster,Certifying Quantum Gates via Automata Advantage,Lucas Vieira,Anna Schroeder;Lucas Vieira;Jan Nöller;Nikolai Miklin;Mariami Gachechiladze,,,,,,,Poster Session 2,,Source: https://qip.iaqi.org/2026/programme/poster-sessions/,2026-01-27,,
QIP,2026,poster,Fast State Distinguishing without Inverse Queries,Emma Wang,Emma Wang;Joseph Carolan,,,,,,,Poster Session 2,,Source: https://qip.iaqi.org/2026/programme/poster-sessions/,2026-01-27,,
QIP,2026,poster,Recovery of optical losses with the Petz map,Jinyan Chen,Jinyan Chen;Minjeong Song;Valerio Scarani,,,,,,,Poster Session 2,,Source: https://qip.iaqi.org/2026/programme/poster-sessions/,2026-01-27,,
QIP,2026,poster,Improve the success probability in Cosine Filter method in Ground State Searching,Xiaoyu Zhu,Xiaoyu Zhu;Yu-Cheng Chen;Calvin Ku,,,,,,,Poster Session 2,,Source: https://qip.iaqi.org/2026/programme/poster-sessions/,2026-01-27,,
QIP,2026,poster,Quantum Circuits for Optimal Measurements: Exact versus Parameterized Quantum Circuits,Sung Won Yun,Sung Won Yun;Thi Ha Kyaw;Joonwoo Bae,,,,,,,Poster Session 2,,Source: https://qip.iaqi.org/2026/programme/poster-sessions/,2026-01-27,,
QIP,2026,poster,Learning with Optimized Random Feature: Quantum-Inspired Classical Sampling without Sparsity and Low-Rank Assumptions,Natsuto Isogai,Natsuto Isogai;Hayata Yamasaki;Mio Murao,,,,,,,Poster Session 2,,Source: https://qip.iaqi.org/2026/programme/poster-sessions/,2026-01-27,,
QIP,2026,poster,Low-complexity minimum distance decoding using Chase algorithm for time-efficient constant-space-overhead concatenated stabilizer codes,Takeshi Kakizaki,Takeshi Kakizaki,,,,,,,Poster Session 2,,Source: https://qip.iaqi.org/2026/programme/poster-sessions/,2026-01-27,,
QIP,2026,poster,Two-way classical communication protocol for BB84-type quantum conference key agreement,Mori Watanabe,Mori Watanabe;Shun Kawakami;Takuya Ikuta;Koichi Takasugi,,,,,,,Poster Session 2,,Source: https://qip.iaqi.org/2026/programme/poster-sessions/,2026-01-27,,
QIP,2026,poster,Self-testing in a constrained prepare-measure scenario sans assuming quantum dimension,Ritesh Singh,Ritesh Singh;Souradeep Sasmal;Sameer Nautiyal;Alok Kumar Pan,,,,,,,Poster Session 2,,Source: https://qip.iaqi.org/2026/programme/poster-sessions/,2026-01-27,,
QIP,2026,poster,Quantum Resourcefulness as Uncertainty: Generalization of Nielsen’s theorem,Jonas Kitzinger,Jonas Kitzinger,,,,,,,Poster Session 2,,Source: https://qip.iaqi.org/2026/programme/poster-sessions/,2026-01-27,,
QIP,2026,poster,Learning applied potentials in cold atom lattice simulators,Bhavik kumar,Bhavik kumar;Daniel Malz,,,,,,,Poster Session 2,,Source: https://qip.iaqi.org/2026/programme/poster-sessions/,2026-01-27,,
QIP,2026,poster,Compact fermionic encodings on a trapped-ion quantum computer for the 2D Fermi-Hubbard model,Pranav Srikanth,Pranav Srikanth;Dhruv Srinivasan;Avik Dutt,,,,,,,Poster Session 2,,Source: https://qip.iaqi.org/2026/programme/poster-sessions/,2026-01-27,,
QIP,2026,poster,Efficient Quantum Circuit Implementations for Block Encoding Linear Combinations of Commuting Pauli Strings Using the Stabilizer Formalism,Niclas Schillo,Niclas Schillo;Andreas Sturm,,,,,,,Poster Session 2,,Source: https://qip.iaqi.org/2026/programme/poster-sessions/,2026-01-27,,
QIP,2026,poster,Update on the Bound Key Conjecture,Leonard Sikorski,Stefan Baeuml;Matthias Christandl;Karol Horodecki;Leonard Sikorski,,,,,,,Poster Session 2,,Source: https://qip.iaqi.org/2026/programme/poster-sessions/,2026-01-27,,
QIP,2026,poster,Low Overhead Universal Quantum Computation with Triorthogonal Codes,Dawei Jiao,Dawei Jiao;Mahdi Bayanifar;Alexei Ashikhmin;Olav Tirkkonen,,,,,,,Poster Session 2,,Source: https://qip.iaqi.org/2026/programme/poster-sessions/,2026-01-27,,
QIP,2026,poster,Reducing Resource Requirements via Constraint-Aware Initialization in Grover’s Algorithm.,Eunok Bae,Eunok Bae;Jeonghyeon Shin;Nari Choi;Minjin Choi,,,,,,,Poster Session 2,,Source: https://qip.iaqi.org/2026/programme/poster-sessions/,2026-01-27,,
QIP,2026,poster,Assessing Quantum Advantage for Gaussian Process Regression,Dominic Lowe,Dominic Lowe;Roberto Bondesan;Myungshik Kim,,,,,,,Poster Session 2,,Source: https://qip.iaqi.org/2026/programme/poster-sessions/,2026-01-27,,
QIP,2026,poster,Higher-dimensional-entanglement detection and quantum-channel characterization using moments of generalized positive maps,Bivas Mallick,Bivas Mallick;Ananda G. Maity;Nirman Ganguly;Archan S. Majumdar,,,,,,,Poster Session 2,,Source: https://qip.iaqi.org/2026/programme/poster-sessions/,2026-01-27,,
QIP,2026,poster,Hierarchical Logical Processor on the Rotated Surface Code,Zi-Han Chen,Zi-Han Chen;Ming-Chen Chen;Chao-Yang Lu,,,,,,,Poster Session 2,,Source: https://qip.iaqi.org/2026/programme/poster-sessions/,2026-01-27,,
QIP,2026,poster,Measurement-device-independent Schmidt number certification of all entangled states,Saheli Mukherjee,Saheli Mukherjee;Bivas Mallick;Arun Kumar Das;Amit Kundu;Pratik Ghosal,,,,,,,Poster Session 2,,Source: https://qip.iaqi.org/2026/programme/poster-sessions/,2026-01-27,,
QIP,2026,poster,Optimizing C-NOT counts for Quantum State Prepration via Diagonal Matrix Migration Protocol,Li Zexian,Zexian Li;Xiao-Ming Zhang;Guofeng Zhang;Li Zexian,,,,,,,Poster Session 2,,Source: https://qip.iaqi.org/2026/programme/poster-sessions/,2026-01-27,,
QIP,2026,poster,qLDPC: an open-source python library for studying quantum error-correcting codes,Michael A Perlin,Michael A Perlin,,,,,,,Poster Session 2,,Source: https://qip.iaqi.org/2026/programme/poster-sessions/,2026-01-27,,
QIP,2026,poster,Predicting Gibbs states: A kernel approach,Marc Wanner,Marc Wanner;Nicolas Faross;Devdatt Dubhashi,,,,,,,Poster Session 2,,Source: https://qip.iaqi.org/2026/programme/poster-sessions/,2026-01-27,,
QIP,2026,poster,Quantum Speedups for Polynomial-Time Dynamic Programming,Susanna Caroppo,Susanna Caroppo;Giordano Da Lozzo;Giuseppe Di Battista;Michael T. Goodrich;Martin Nöllenburg,,,,,,,Poster Session 2,,Source: https://qip.iaqi.org/2026/programme/poster-sessions/,2026-01-27,,
QIP,2026,poster,Simulating Time Dependent and Nonlinear Classical Oscillators through Nonlinear Schrödingerization,Abhinav Muraleedharan,Abhinav Muraleedharan;Nathan Wiebe,,,,,,,Poster Session 2,,Source: https://qip.iaqi.org/2026/programme/poster-sessions/,2026-01-27,,
QIP,2026,poster,Observational entropy of quantum correlations and entanglement,Leonardo Rossetti,Leonardo Rossetti;Stefano Mancini;Andreas Winter;Joseph Schindler,,,,,,,Poster Session 2,,Source: https://qip.iaqi.org/2026/programme/poster-sessions/,2026-01-27,,
QIP,2026,poster,Many-bodymagic in kinetically constrained Rydberg atom arrays,Ryan Smith,Ryan Smith;Zlatko Papic;Andrew Hallam,,,,,,,Poster Session 2,,Source: https://qip.iaqi.org/2026/programme/poster-sessions/,2026-01-27,,
QIP,2026,poster,Exploring Quantum Error Correction for Spin Qubit Architectures,Quinten Eggerickx,Quinten Eggerickx;Vukan Levajac;James Keppens;George Simion;Kristiaan De Greve,,,,,,,Poster Session 2,,Source: https://qip.iaqi.org/2026/programme/poster-sessions/,2026-01-27,,
QIP,2026,poster,Quantum Communication through finite-dimensional lossy channels,Sofia Cocciaretto,Sofia Cocciaretto,,,,,,,Poster Session 2,,Source: https://qip.iaqi.org/2026/programme/poster-sessions/,2026-01-27,,
QIP,2026,poster,Pretty Good Bounds on the worst-case Pretty Good Measurement,Austin Pechan,Sergio Escobar;Austin Pechan,,,,,,,Poster Session 2,,Source: https://qip.iaqi.org/2026/programme/poster-sessions/,2026-01-27,,
QIP,2026,poster,Coherently moving nonabelian anyons in quantum double models,Chiu Fan Bowen Lo,Chiu Fan Bowen Lo;Anasuya Lyons;Ashvin Vishwanath;Ruben Verresen,,,,,,,Poster Session 2,,Source: https://qip.iaqi.org/2026/programme/poster-sessions/,2026-01-27,,
QIP,2026,poster,Extracting the spin excitation spectrum of a fermionic system using a quantum processor,Filippo Maria Gambetta,Lucia Vilchez-Estevez;Raul A. Santos;Sabrina Yue Wang;Filippo Maria Gambetta,,,,,,,Poster Session 2,,Source: https://qip.iaqi.org/2026/programme/poster-sessions/,2026-01-27,,
QIP,2026,poster,Quantum-Classical Markov Processes,Delia Melinte Citea,Delia Melinte Citea;Toby Cubitt,,,,,,,Poster Session 2,,Source: https://qip.iaqi.org/2026/programme/poster-sessions/,2026-01-27,,
QIP,2026,poster,PAC-Based Epsilon-Optimality Guarantees in Variational Quantum Optimization,Benjamin Asch,Benjamin Asch;Christian Arenz,,,,,,,Poster Session 2,,Source: https://qip.iaqi.org/2026/programme/poster-sessions/,2026-01-27,,
QIP,2026,poster,Private Proofs of When and Where,Leo Orshansky,Leo Orshansky;Henry Yuen;Tal Malkin;Shafi Goldwasser;Grzegorz Gluch;Uma Girish,,,,,,,Poster Session 2,,Source: https://qip.iaqi.org/2026/programme/poster-sessions/,2026-01-27,,
QIP,2026,poster,Advantages of Global Entanglement-Distillation Policies in Quantum Repeater Chains,Iftach Yakar,Iftach Yakar;Michael Ben-Or,,,,,,,Poster Session 2,,Source: https://qip.iaqi.org/2026/programme/poster-sessions/,2026-01-27,,
QIP,2026,poster,Quantum error mitigation by BBGKY-informed sampling,Theo Saporiti,Theo Saporiti;Oleg Kaikov;Vasily Sazonov;Mohamed Tamaazousti,,,,,,,Poster Session 2,,Source: https://qip.iaqi.org/2026/programme/poster-sessions/,2026-01-27,,
QIP,2026,poster,On the Quantum Complexity of String Distinctness,Krišjānis Prūsis,Andris Ambainis;Kaspars Balodis;Krišjānis Prūsis;Jevgēnijs Vihrovs,,,,,,,Poster Session 2,,Source: https://qip.iaqi.org/2026/programme/poster-sessions/,2026-01-27,,
QIP,2026,poster,Transversal dimension jump for product qLDPC codes,Christine Li,Christine Li;John Preskill;Qian Xu,,,,,,,Poster Session 2,,Source: https://qip.iaqi.org/2026/programme/poster-sessions/,2026-01-27,,
QIP,2026,poster,Constructing Quantum Error Correcting Code with Wang Tiling,Yisoo Kang,Yisoo Kang;Junseo Lee;IlKwon Sohn;Kabgyun Jeong,,,,,,,Poster Session 2,,Source: https://qip.iaqi.org/2026/programme/poster-sessions/,2026-01-27,,
QIP,2026,poster,Improving Quantum Conference Key Agreement over Networks,Walter Krawec,Trevor Thomas;Walter Krawec;Bing Wang,,,,,,,Poster Session 2,,Source: https://qip.iaqi.org/2026/programme/poster-sessions/,2026-01-27,,
QIP,2026,poster,QTL-FND: A Hybrid Quantum Transfer Learning Model for Fake News Detection,Mitali Nanda,Mitali Nanda;Tirupati Bolisetti,,,,,,,Poster Session 2,,Source: https://qip.iaqi.org/2026/programme/poster-sessions/,2026-01-27,,
QIP,2026,poster,Private Quantum Database,Giancarlo Gatti,Giancarlo Gatti;Rihan Hai,,,,,,,Poster Session 2,,Source: https://qip.iaqi.org/2026/programme/poster-sessions/,2026-01-27,,
QIP,2026,poster,Maximal extension on converse monogamy of entanglement for tripartite pure states,Junhyeong An,Junhyeong An;Soojoon Lee,,,,,,,Poster Session 2,,Source: https://qip.iaqi.org/2026/programme/poster-sessions/,2026-01-27,,
QIP,2026,poster,Low Depth Fermion Routing without Ancillas,Nathan Constantinides,Nathan Constantinides;Jeffery Yu;Dhruv Devulapalli;Ali Fahimniya;Andrew Childs;Michael Gullans;Alex Schuckert;Alexey Gorshkov,,,,,,,Poster Session 2,,Source: https://qip.iaqi.org/2026/programme/poster-sessions/,2026-01-27,,
QIP,2026,poster,Efficient Quantum State Preparation with Bucket Brigade QRAM,Alessandro Berti,Alessandro Berti;Francesco Ghisoni,,,,,,,Poster Session 2,,Source: https://qip.iaqi.org/2026/programme/poster-sessions/,2026-01-27,,
QIP,2026,poster,Optimizing entanglement distribution via noisy quantum channels,Piotr Masajada,Piotr Masajada;Alexander Streltsov,,,,,,,Poster Session 2,,Source: https://qip.iaqi.org/2026/programme/poster-sessions/,2026-01-27,,
QIP,2026,poster,A complete theory of multipartite entanglement in mixtures of Dicke states,Aabhas Gulati,Aabhas Gulati;Ion Nechita;Clement Pellegrini,,,,,,,Poster Session 2,,Source: https://qip.iaqi.org/2026/programme/poster-sessions/,2026-01-27,,
QIP,2026,poster,Efficient quantum algorithm for linear distributed delay differential equations,Wataru Setoyama,Wataru Setoyama;Keisuke Fujii,,,,,,,Poster Session 2,,Source: https://qip.iaqi.org/2026/programme/poster-sessions/,2026-01-27,,
QIP,2026,poster,Computational Quantum Anamorphic Encryption and Anamorphic Secret-Sharing,Sayantan Ganguly,Sayantan Ganguly;Shion Samadder Chaudhury,,,,,,,Poster Session 2,,Source: https://qip.iaqi.org/2026/programme/poster-sessions/,2026-01-27,,
QIP,2026,poster,The tetrahedral Horn problem and asymptotics of U(n) 6j symbols,Thomas C. Fraser,Anton Alekseev;Matthias Christandl;Thomas C. Fraser,,,,,,,Poster Session 2,,Source: https://qip.iaqi.org/2026/programme/poster-sessions/,2026-01-27,,
QIP,2026,poster,Parameter Dependent Error Resilience in the Quantum Approximate Optimisation Algorithm,Jorja Kirk,Jorja Kirk;Ashley Montanaro,,,,,,,Poster Session 2,,Source: https://qip.iaqi.org/2026/programme/poster-sessions/,2026-01-27,,
QIP,2026,poster,Bayesian Optimization for Quantum Error-Correcting Code Discovery,Richard Meister,Yihua Chengyu;Richard Meister;Sheng-Ku Lin;Conor Carty;Roberto Bondesan,,,,,,,Poster Session 2,,Source: https://qip.iaqi.org/2026/programme/poster-sessions/,2026-01-27,,
QIP,2026,poster,Another generalization of Hadamard test: Optimal sample complexities for learning functions on the unitary group,Daiki Suruga,Daiki Suruga,,,,,,,Poster Session 2,,Source: https://qip.iaqi.org/2026/programme/poster-sessions/,2026-01-27,,
QIP,2026,poster,Noise Resilience and Robust Convergence Guarantees for the Variational Quantum Eigensolver,Mirko Legnini,Mirko Legnini;Julian Berberich,,,,,,,Poster Session 2,,Source: https://qip.iaqi.org/2026/programme/poster-sessions/,2026-01-27,,
QIP,2026,poster,Staggered quantum walks with 1 to 2 cliques tessellations,Raqueline Azevedo Medeiros Santos,Raqueline Azevedo Medeiros Santos,,,,,,,Poster Session 2,,Source: https://qip.iaqi.org/2026/programme/poster-sessions/,2026-01-27,,
QIP,2026,poster,Conclusive local state marking: More nonlocality with no entanglement,Samrat Sen,Samrat Sen,,,,,,,Poster Session 2,,Source: https://qip.iaqi.org/2026/programme/poster-sessions/,2026-01-27,,
QIP,2026,poster,Virtual quantum partial transpose with logarithmic copies in precision,Hiroyuki Harada,Hiroyuki Harada;Kaito Wada;Jumpei Kato;Akira Tanji;Naoki Yamamoto,,,,,,,Poster Session 2,,Source: https://qip.iaqi.org/2026/programme/poster-sessions/,2026-01-27,,
QIP,2026,poster,Effect of Long-Range Crosstalk Errors on the Surface Code,Solomon B. Samuel,Solomon B. Samuel;Janos K. Asboth,,,,,,,Poster Session 2,,Source: https://qip.iaqi.org/2026/programme/poster-sessions/,2026-01-27,,
QIP,2026,poster,Stochastic compiled quantum channels for quantum information processing,Tianhan Liu,Liu Tianhan;Simkovic Fedor;Leib Martin;Tianhan Liu,,,,,,,Poster Session 2,,Source: https://qip.iaqi.org/2026/programme/poster-sessions/,2026-01-27,,
QIP,2026,poster,Optimizing community detection with QAOA for fMRI connectome,Sheila M. Perez Garcia,Sheila M. Perez Garcia;Kostas Kvietinskas;Yilun Gong;Alison Holmes;Luoyi Liang;Deepa Shinde;Erika Molteni,,,,,,,Poster Session 2,,Source: https://qip.iaqi.org/2026/programme/poster-sessions/,2026-01-27,,
QIP,2026,poster,Using graph partitioning methods to decompose optimization problems for quantum-enhanced optimization,Josh Blake,Josh Blake;Ashley Montanaro,,,,,,,Poster Session 2,,Source: https://qip.iaqi.org/2026/programme/poster-sessions/,2026-01-27,,
QIP,2026,poster,Optimality of universal conclusive entanglement purification protocols,Aby Philip,Alexandre C. Orthey;Jr;Aby Philip;Tulja Varun Kondra;Alexander Streltsov,,,,,,,Poster Session 2,,Source: https://qip.iaqi.org/2026/programme/poster-sessions/,2026-01-27,,
QIP,2026,poster,Integrating Quantum Algorithms for Molecular Dynamics,Silvia Riera Villapun,Silvia Riera Villapun;Jesús González-Vázquez;Alicia Palacios,,,,,,,Poster Session 2,,Source: https://qip.iaqi.org/2026/programme/poster-sessions/,2026-01-27,,
QIP,2026,poster,Crossover of Entanglement Symmetry in One-Dimensional Rydberg Atom Arrays,Kabgyun Jeong,Hyeonjun Yeo;Kabgyun Jeong;Hyunchul Nha,,,,,,,Poster Session 2,,Source: https://qip.iaqi.org/2026/programme/poster-sessions/,2026-01-27,,
QIP,2026,poster,Transversal T Gates on Trivariate Tricycle Codes,Riccardo Cicarilli,Riccardo Cicarilli;Stefano Mancini;Francisco Revson Fernandes Pereira,,,,,,,Poster Session 2,,Source: https://qip.iaqi.org/2026/programme/poster-sessions/,2026-01-27,,
QIP,2026,poster,Discrete Conformal Field Theories,Anastasia Moroz,Anastasia Moroz;Lluis Masanes,,,,,,,Poster Session 2,,Source: https://qip.iaqi.org/2026/programme/poster-sessions/,2026-01-27,,
QIP,2026,poster,Quantum Search and State Transfer with a Generalized Laplacian,Jonas Duda;Thomas Wong,Jonas Duda;Molly McLaughlin;Yujia Shi;Thomas Wong,,,,,,,Poster Session 2,,Source: https://qip.iaqi.org/2026/programme/poster-sessions/,2026-01-27,,
QIP,2026,poster,Quantum simulation of deformed gauge theories coupled to fermionic matter,Mason Rhodes,Mason Rhodes;Riley Chien,,,,,,,Poster Session 2,,Source: https://qip.iaqi.org/2026/programme/poster-sessions/,2026-01-27,,
QIP,2026,poster,Generation of Fermionic Gaussian States: Optimal and Approximate Matchgate Circuits,Marc Langer,Marc Langer;Raúl Morral Yepes;Adam Gammon-Smith;Frank Pollmann;Barbara Kraus,,,,,,,Poster Session 2,,Source: https://qip.iaqi.org/2026/programme/poster-sessions/,2026-01-27,,
QIP,2026,poster,Design of Logical Clifford Gates for Stabilizer Codes by Gauge Fixing via the ZX-calculus,Sascha Zakaib-Bernier,Sascha Zakaib-Bernier;Alexander Frei;Zach Mann;Mike Vasmer;Victor V. Albert,,,,,,,Poster Session 2,,Source: https://qip.iaqi.org/2026/programme/poster-sessions/,2026-01-27,,
QIP,2026,poster,Transcorrelated Method with Quantum Computing: Quasi-Hermitian Hamiltonian Simulation,Cheng-Lin Hong,Cheng-Lin Hong,,,,,,,Poster Session 2,,Source: https://qip.iaqi.org/2026/programme/poster-sessions/,2026-01-27,,
QIP,2026,poster,Tensor Network Assisted Distributed Variational Quantum Algorithm for Large Scale Combinatorial Optimization Problem,Yuhan Huang,Yuhan Huang;Qiming Shao,,,,,,,Poster Session 2,,Source: https://qip.iaqi.org/2026/programme/poster-sessions/,2026-01-27,,
QIP,2026,poster,Benchmarking quantum devices beyond classical capabilities,Rafał Bistroń,Rafał Bistroń;Marcin Rudziński;Karol Życzkowski;Ryszard Kukulski,,,,,,,Poster Session 2,,Source: https://qip.iaqi.org/2026/programme/poster-sessions/,2026-01-27,,
QIP,2026,poster,Degeneracy Cutting: A Local and Efficient Post-Processing for Belief Propagation Decoding of Quantum Low-Density Parity-Check Codes,Shiro Tamiya,Shiro Tamiya;Hayata Yamasaki;Kento Tsubouchi,,,,,,,Poster Session 2,,Source: https://qip.iaqi.org/2026/programme/poster-sessions/,2026-01-27,,
QIP,2026,poster,Quantum Circuits for High-Dimensional Absolutely Maximally Entangled States,Berta Casa Font,Berta Casa Font;Grzegorz Rajchel-Mieldzioć;Suhail Ahmad Rather;Marcin Płodzień;Wojciech Bruzda;Alba Cervera-Lierta;Karol Życzkowski,,,,,,,Poster Session 2,,Source: https://qip.iaqi.org/2026/programme/poster-sessions/,2026-01-27,,
QIP,2026,poster,Isometric Tensor Networks for Quantum Simulation of Input-Output Processes,Rishi Sundar,Rishi Sundar;Thomas Elliott,,,,,,,Poster Session 2,,Source: https://qip.iaqi.org/2026/programme/poster-sessions/,2026-01-27,,
QIP,2026,poster,Visual tools to explain quantum algorithms,Sophie Laplante,Sophie Laplante;Loris Perez;Sylvie Tissot;Lou Vettier,,,,,,,Poster Session 2,,Source: https://qip.iaqi.org/2026/programme/poster-sessions/,2026-01-27,,
QIP,2026,poster,Extremal Structures for Quantum Measurements: Anticoherent Bases and Coherent State Designs,Marcin Rudziński,Marcin Rudziński;Adam Burchardt;Karol Życzkowski,,,,,,,Poster Session 2,,Source: https://qip.iaqi.org/2026/programme/poster-sessions/,2026-01-27,,
QIP,2026,poster,Symmetry and Asymmetry in Bosonic Gaussian Systems,Nikolaos Koukoulekidis,Nikolaos Koukoulekidis;Iman Marvian,,,,,,,Poster Session 2,,Source: https://qip.iaqi.org/2026/programme/poster-sessions/,2026-01-27,,
QIP,2026,poster,Quantum Key Distribution without Hidden Message Transmission,Yien Liang,Yien Liang;Anton Trushechkin;Hermann Kampermann;Dagmar Bruss,,,,,,,Poster Session 2,,Source: https://qip.iaqi.org/2026/programme/poster-sessions/,2026-01-27,,
QIP,2026,poster,Indecisive Voting and Bypassing Gibbard-Satterthwaite’s Impossibility Theorem,Ethan Dickey,Aidan Casey;Ethan Dickey,,,,,,,Poster Session 2,,Source: https://qip.iaqi.org/2026/programme/poster-sessions/,2026-01-27,,
QIP,2026,poster,Fast convergence of Dynamic Capacities of GNS-Symmetric Quantum Channels,Mostafa Taheri,Omar Fawzi;Li Gao;Mizanur Rahman;Mostafa Taheri,,,,,,,Poster Session 2,,Source: https://qip.iaqi.org/2026/programme/poster-sessions/,2026-01-27,,
QIP,2026,poster,Tight bounds on recurrence in closed quantum systems,Marcin Kotowski,Marcin Kotowski;Michał Oszmaniec,,,,,,,Poster Session 2,,Source: https://qip.iaqi.org/2026/programme/poster-sessions/,2026-01-27,,
QIP,2026,poster,Absolutely maximal entanglement in continuous variables,James Kwon,James Kwon;Anthony Brady;Victor V. Albert,,,,,,,Poster Session 2,,Source: https://qip.iaqi.org/2026/programme/poster-sessions/,2026-01-27,,
QIP,2026,poster,Private Classical and Quantum Capacities of Quantum Broadcast and Interference Channels,Sukanya Ghosal,Sukanya Ghosal;Farzin Salek;Graeme Smith,,,,,,,Poster Session 2,,Source: https://qip.iaqi.org/2026/programme/poster-sessions/,2026-01-27,,
QIP,2026,poster,Bounds in the Projective Unitary Group with Respect to Global Phase Invariant Metric,Mahdi Bayanifar,Bhanu Pratap Yadav;Mahdi Bayanifar;Olav Tirkkonen,,,,,,,Poster Session 2,,Source: https://qip.iaqi.org/2026/programme/poster-sessions/,2026-01-27,,
QIP,2026,poster,Speed limits of qutrit gates,Bora Basyildiz,Bora Basyildiz;Zhexuan Gong;Sahel Ashhab,,,,,,,Poster Session 2,,Source: https://qip.iaqi.org/2026/programme/poster-sessions/,2026-01-27,,
QIP,2026,poster,Two-block and multi-block hyperbolic algebra codes,Yifan Hong,Ali Fahimniya;Yifan Hong;Alexey Gorshkov,,,,,,,Poster Session 2,,Source: https://qip.iaqi.org/2026/programme/poster-sessions/,2026-01-27,,
QIP,2026,poster,Quantum Peeling with Guessing: Fast Stabilizer-Assisted Decoding for Quantum Erasures,Henry Pfister,Giulio Pech;Mert Gokduman;Henry Pfister,,,,,,,Poster Session 2,,Source: https://qip.iaqi.org/2026/programme/poster-sessions/,2026-01-27,,
QIP,2026,poster,Advancing Finite-Length Quantum Error Correction using Generalized Bicycle Codes,Olai Å. Mostad,Olai Å. Mostad;Hsuan-Yin Lin;Eirik Rosnes;De-Shih Lee;Ching-Yi Lai,,,,,,,Poster Session 2,,Source: https://qip.iaqi.org/2026/programme/poster-sessions/,2026-01-27,,
QIP,2026,poster,Device-independent Quantum Key Activation,Bora Ulu,Bora Ulu;Mirjam Weilenmann;Nicolas Brunner,,,,,,,Poster Session 2,,Source: https://qip.iaqi.org/2026/programme/poster-sessions/,2026-01-27,,
QIP,2026,poster,Parity erasure: a foundational principle for indefinite causal order,Zixuan Liu,Zixuan Liu;Ognyan Oreshkov,,,,,,,Poster Session 2,,Source: https://qip.iaqi.org/2026/programme/poster-sessions/,2026-01-27,,
QIP,2026,poster,Applying the Quason–Nosanow Hamiltonian to Optimize Oxygen for Phosphate Removal/Recovery from Wastewater,Yue Yin,Yue Yin;Jesse Nutt;Jen-Yu Chang;Po-heng Lee;Lily Lee;Kin Tung Michael Ho,,,,,,,Poster Session 2,,Source: https://qip.iaqi.org/2026/programme/poster-sessions/,2026-01-27,,
QIP,2026,poster,Measurement error in fusion-based quantum computing,Yink Loong Len,Yink Loong Len,,,,,,,Poster Session 2,,Source: https://qip.iaqi.org/2026/programme/poster-sessions/,2026-01-27,,
QIP,2026,poster,Speed up in solving Poisson and elliptic equations with perturbations via novel pseudospectral differential operator block encoding,Mariia Sobchuk,Mariia Sobchuk;Arsalan Motamedi;Grecia Castelazo;Pooya Ronagh,,,,,,,Poster Session 2,,Source: https://qip.iaqi.org/2026/programme/poster-sessions/,2026-01-27,,
QIP,2026,poster,Classical simulation of quantum circuits with noisy magic inputs,Jiwon Heo;Changhun Oh,Jiwon Heo;Sojeong Park;Changhun Oh,,,,,,,Poster Session 2,,Source: https://qip.iaqi.org/2026/programme/poster-sessions/,2026-01-27,,
QIP,2026,poster,Classical simulation of lossy boson sampling and noisy IQP circuit sampling using matrix product state,Sojeong Park,Sojeong Park;Changhun Oh,,,,,,,Poster Session 2,,Source: https://qip.iaqi.org/2026/programme/poster-sessions/,2026-01-27,,
QIP,2026,poster,Quantum Search on Bipartite Multigraphs,Gustavo Bezerra,Gustavo Bezerra;Andris Ambainis;Renato Portugal,,,,,,,Poster Session 2,,Source: https://qip.iaqi.org/2026/programme/poster-sessions/,2026-01-27,,
QIP,2026,poster,Quantum linear solvers on NISQ devices,Ashish Joshi,Ashish Joshi;Takahiko Koyama,,,,,,,Poster Session 2,,Source: https://qip.iaqi.org/2026/programme/poster-sessions/,2026-01-27,,
QIP,2026,poster,Efficient estimation of temporal correlation and memory length in quantum processes.,Abhinash Kumar Roy,Abhinash Kumar Roy;Varun Srivastava;Alexei Gilchrist,,,,,,,Poster Session 2,,Source: https://qip.iaqi.org/2026/programme/poster-sessions/,2026-01-27,,
QIP,2026,poster,Exponentially Decaying Quantum Simulation Error with Noisy Devices,Jue Xu,Jue Xu;Chu Zhao;Junyu Fan;Qi Zhao,,,,,,,Poster Session 2,,Source: https://qip.iaqi.org/2026/programme/poster-sessions/,2026-01-27,,
QIP,2026,poster,Introduction to Spectrally-Guided Algorithms: Integrating Spectral Feedback into Quantum Optimization,Hongyi Li,Hongyi Li,,,,,,,Poster Session 2,,Source: https://qip.iaqi.org/2026/programme/poster-sessions/,2026-01-27,,
QIP,2026,poster,Ergodiscord: An Operational and Distinct Notion of Quantumness of Correlations,Ram Krishna Patra,Mir Alimuddin;Snehasish Roy Chowdhury;Ram Krishna Patra;Subhendu Ghosh;Tommaso Tufarelli;Gerardo Adesso;Manik Banik,,,,,,,Poster Session 2,,Source: https://qip.iaqi.org/2026/programme/poster-sessions/,2026-01-27,,
QIP,2026,poster,Classification of Probabilistic Theories that are Stable Under Teleportation.,Lionel Jeevan Dmello,Lionel Jeevan Dmello;David Gross,,,,,,,Poster Session 2,,Source: https://qip.iaqi.org/2026/programme/poster-sessions/,2026-01-27,,
QIP,2026,poster,Quantum Jacobi Algorithm for the Pressure Poisson Equation in Lid-Driven Cavity Flow,Louisa Piskol,Louisa Piskol;Thorsten Grahs;Stefan Langer,,,,,,,Poster Session 2,,Source: https://qip.iaqi.org/2026/programme/poster-sessions/,2026-01-27,,
QIP,2026,poster,Can outcome communication explain Bell nonlocality?,Marco Túlio Quintino,Carlos Vieira;Carlos de Gois;Pedro Lauand;Lucas E. A. Porto;Sébastien Designolle;Marco Túlio Quintino,,,,,,,Poster Session 2,,Source: https://qip.iaqi.org/2026/programme/poster-sessions/,2026-01-27,,
QIP,2026,poster,Convergence time of Quantum Gibbs Samplers,Balázs Kabella,Balázs Kabella;András Gilyén;József Mák;Zoltán Zimborás,,,,,,,Poster Session 2,,Source: https://qip.iaqi.org/2026/programme/poster-sessions/,2026-01-27,,
QIP,2026,poster,"Asymmetric cloning of steering, quantum discord and coherence",Irina Ion,Irina Ion;Iulia Ghiu,,,,,,,Poster Session 2,,Source: https://qip.iaqi.org/2026/programme/poster-sessions/,2026-01-27,,
QIP,2026,poster,Statistical Mechanics–Informed Post-Selection for qLDPC Codes under Circuit-Level Noise,Conor Carty,Conor Carty;Tamas Noszko;Joschka Roffe;Roberto Bondesan,,,,,,,Poster Session 2,,Source: https://qip.iaqi.org/2026/programme/poster-sessions/,2026-01-27,,
QIP,2026,poster,A quantum semidefinite programming approach to cardinality-constrained portfolio optimization,Daniel J. Spencer,Daniel J. Spencer;M. Isabel Franco-Garrido;Alexey V. Gorshkov,,,,,,,Poster Session 2,,Source: https://qip.iaqi.org/2026/programme/poster-sessions/,2026-01-27,,
QIP,2026,poster,Hyperbolicity In Graphene/hBN Multilayers-Enabled Remote Quantum Interference,Jabir Hakami,Jabir Hakami,,,,,,,Poster Session 2,,Source: https://qip.iaqi.org/2026/programme/poster-sessions/,2026-01-27,,
QIP,2026,poster,Computing entanglement costs of non-local operations on the basis of algebraic geometry,Seiseki Akibue,Seiseki Akibue;Jisho Miyazaki;Hiroyuki Osaka,,,,,,,Poster Session 2,,Source: https://qip.iaqi.org/2026/programme/poster-sessions/,2026-01-27,,
QIP,2026,poster,Recovery of the second law in fully quantum thermodynamics,Naoto Shiraishi,Naoto Shiraishi;Ryuji Takagi,,,,,,,Poster Session 2,,Source: https://qip.iaqi.org/2026/programme/poster-sessions/,2026-01-27,,
QIP,2026,poster,Quantum Doeblin Coefficients: Interpretations and Applications,Ian George,Ian George;Christoph Hirche;Theshani Nuradha Piliththuwasam Gallage;Mark Wilde,,,,,,,Poster Session 2,,Source: https://qip.iaqi.org/2026/programme/poster-sessions/,2026-01-27,,
QIP,2026,poster,Measuring non-Gaussianity with correlation,Oliver Hahn,Oliver Hahn;Ryuji Takagi,,,,,,,Poster Session 2,,Source: https://qip.iaqi.org/2026/programme/poster-sessions/,2026-01-27,,
QIP,2026,poster,"Hybrid oscillator-qudit quantum processors: stabilizer states, stabilizer codes, and symplectic operations",Victor V. Albert,Sayan Chakraborty;Victor V. Albert,,,,,,,Poster Session 2,,Source: https://qip.iaqi.org/2026/programme/poster-sessions/,2026-01-27,,
