venue,year,paper_type,title,speakers,authors,affiliations,abstract,arxiv_ids,presentation_url,video_url,youtube_id,session_name,award,notes,scheduled_date,scheduled_time,duration_minutes
QIP,2024,poster,Quantum Advantage from One-Way Functions,,Tomoyuki Morimae;Takashi Yamakawa,,,,,,,Poster Presentation Session on Jan. 15 (Monday),,Source: https://qip.iaqi.org/2024/site/mypage.aspx?pid=263&lang=en&sid=1522.html,2024-01-15,,
QIP,2024,poster,Explicability and Inexplicability in the Interpretation of Quantum Neural Networks,,Lirandë Pira;Chris Ferrie,,,,,,,Poster Presentation Session on Jan. 15 (Monday),,Source: https://qip.iaqi.org/2024/site/mypage.aspx?pid=263&lang=en&sid=1522.html,2024-01-15,,
QIP,2024,poster,The Dynamical Resource Theory of Informational Non-Equilibrium,,Benjamin Stratton;Chung-Yun Hsieh;Paul Skrzypczyk,,,,,,,Poster Presentation Session on Jan. 15 (Monday),,Source: https://qip.iaqi.org/2024/site/mypage.aspx?pid=263&lang=en&sid=1522.html,2024-01-15,,
QIP,2024,poster,Generating function for projected entangled-pair states,,Wei-Lin Tu;Laurens Vanderstraeten;Norbert Schuch;Hyun-Yong Lee;Naoki Kawashima;Ji-Yao Chen,,,,,,,Poster Presentation Session on Jan. 15 (Monday),,Source: https://qip.iaqi.org/2024/site/mypage.aspx?pid=263&lang=en&sid=1522.html,2024-01-15,,
QIP,2024,poster,Fundamental limits on quantum cloning from the no-signalling principle,,Yanglin Hu;Marco Tomamichel,,,,,,,Poster Presentation Session on Jan. 15 (Monday),,Source: https://qip.iaqi.org/2024/site/mypage.aspx?pid=263&lang=en&sid=1522.html,2024-01-15,,
QIP,2024,poster,One-Wayness in Quantum Cryptography,,Tomoyuki Morimae;Takashi Yamakawa,,,,,,,Poster Presentation Session on Jan. 15 (Monday),,Source: https://qip.iaqi.org/2024/site/mypage.aspx?pid=263&lang=en&sid=1522.html,2024-01-15,,
QIP,2024,poster,Efficient Long-Range Entanglement using Dynamic Circuits,,Elisa Bäumer;Vinay Tripathi;Derek Wang;Patrick Rall;Edward Chen;Swarnadeep Majumder;Alireza Seif;Zlatko Minev,,,,,,,Poster Presentation Session on Jan. 15 (Monday),,Source: https://qip.iaqi.org/2024/site/mypage.aspx?pid=263&lang=en&sid=1522.html,2024-01-15,,
QIP,2024,poster,High-fidelity realization of the AKLT state on a NISQ-era quantum processor,,Tianqi Chen;Ruizhe Shen;Ching Hua Lee;Bo Yang,,,,,,,Poster Presentation Session on Jan. 15 (Monday),,Source: https://qip.iaqi.org/2024/site/mypage.aspx?pid=263&lang=en&sid=1522.html,2024-01-15,,
QIP,2024,poster,Long-distance measurement-device-independent quantum key distribution using hybrid-entangled states,,Soumyakanti Bose;Jaskaran Singh Nirankari;Adán Cabello;Hyunseok Jeong,,,,,,,Poster Presentation Session on Jan. 15 (Monday),,Source: https://qip.iaqi.org/2024/site/mypage.aspx?pid=263&lang=en&sid=1522.html,2024-01-15,,
QIP,2024,poster,Digital Quantum Simulation of Quench-Induced State Transition and the Spectroscopy of Lattice Field Theory,,Dongwook Ghim;Masazumi Honda,,,,,,,Poster Presentation Session on Jan. 15 (Monday),,Source: https://qip.iaqi.org/2024/site/mypage.aspx?pid=263&lang=en&sid=1522.html,2024-01-15,,
QIP,2024,poster,Promise Clique Homology on weighted graphs is QMA1-hard and contained in QMA,,Robbie King;Tamara Kohler,,,,,,,Poster Presentation Session on Jan. 15 (Monday),,Source: https://qip.iaqi.org/2024/site/mypage.aspx?pid=263&lang=en&sid=1522.html,2024-01-15,,
QIP,2024,poster,Toward Quantum Machine Translation via Quantum Natural Language Processing,,Mina Abbaszade;Mariam Zomorodi;Vahid Salari;Philip Kurian,,,,,,,Poster Presentation Session on Jan. 15 (Monday),,Source: https://qip.iaqi.org/2024/site/mypage.aspx?pid=263&lang=en&sid=1522.html,2024-01-15,,
QIP,2024,poster,Space-bounded quantum state testing via space-efficient quantum singular value transformation,,François Le Gall;Yupan Liu;Qisheng Wang,,,,,,,Poster Presentation Session on Jan. 15 (Monday),,Source: https://qip.iaqi.org/2024/site/mypage.aspx?pid=263&lang=en&sid=1522.html,2024-01-15,,
QIP,2024,poster,Efficient quantum amplitude encoding of polynomial functions,,Javier González Conde;Thomas W. Watts;Pablo Rodriguez-Grasa;Mikel Sanz,,,,,,,Poster Presentation Session on Jan. 15 (Monday),,Source: https://qip.iaqi.org/2024/site/mypage.aspx?pid=263&lang=en&sid=1522.html,2024-01-15,,
QIP,2024,poster,Evidence of Scaling Advantage for the Quantum Approximate Optimization Algorithm on a Classically Intractable Problem,,Ruslan Shaydulin;Changhao Li;Shouvanik Chakrabarti;Matthew DeCross;Dylan Herman;Niraj Kumar;Jeffrey Larson;Danylo Lykov;Pierre Minssen;Yue Sun;Yuri Alexeev;Joan Dreiling;John Gaebler;Thomas Gatterman;Justin Gerber;Kevin Gilmore;Dan Gresh;Nathan Hewitt;Chandler Horst;Shaohan Hu;Jacob Johansen;Mitchell Matheny;Tanner Mengle;Michael Mills;Steven Moses;Brian Neyenhuis;Peter Siegfried;Romina Yalovetzky;Marco Pistoia,,,,,,,Poster Presentation Session on Jan. 15 (Monday),,Source: https://qip.iaqi.org/2024/site/mypage.aspx?pid=263&lang=en&sid=1522.html,2024-01-15,,
QIP,2024,poster,Quantum Lower Bounds by Sample-to-Query Lifting,,Qisheng Wang;Zhicheng Zhang,,,,,,,Poster Presentation Session on Jan. 15 (Monday),,Source: https://qip.iaqi.org/2024/site/mypage.aspx?pid=263&lang=en&sid=1522.html,2024-01-15,,
QIP,2024,poster,Unified framework for continuity of sandwiched Rényi divergences,,Andreas Bluhm;Ángela Capel;Paul Gondolf;Tim Möbus,,,,,,,Poster Presentation Session on Jan. 15 (Monday),,Source: https://qip.iaqi.org/2024/site/mypage.aspx?pid=263&lang=en&sid=1522.html,2024-01-15,,
QIP,2024,poster,Hierarchical memories: Simulating quantum LDPC codes with local gates,,Christopher Pattison;Anirudh Krishna;John Preskill,,,,,,,Poster Presentation Session on Jan. 15 (Monday),,Source: https://qip.iaqi.org/2024/site/mypage.aspx?pid=263&lang=en&sid=1522.html,2024-01-15,,
QIP,2024,poster,Oracle Separation of NISQ and Classical Complexity Classes,,En-Jui Kuo;Shih-Han Hung;Nai-Hui Chia;Min-Hsiu Hsieh,,,,,,,Poster Presentation Session on Jan. 15 (Monday),,Source: https://qip.iaqi.org/2024/site/mypage.aspx?pid=263&lang=en&sid=1522.html,2024-01-15,,
QIP,2024,poster,Randomized semi-quantum matrix processing,,Allan Tosta;Thais de Lima Silva;Giancarlo Camilo;Leandro Aolita,,,,,,,Poster Presentation Session on Jan. 15 (Monday),,Source: https://qip.iaqi.org/2024/site/mypage.aspx?pid=263&lang=en&sid=1522.html,2024-01-15,,
QIP,2024,poster,Efficient Quantum Agnostic Improper Learning of Decision Trees,,Sagnik Chatterjee;Sapv Tharrmashastha;Debajyoti Bera,,,,,,,Poster Presentation Session on Jan. 15 (Monday),,Source: https://qip.iaqi.org/2024/site/mypage.aspx?pid=263&lang=en&sid=1522.html,2024-01-15,,
QIP,2024,poster,Quantum-enhanced metrology with network states,,Yuxiang Yang;Benjamin Yadin;Zhen-Peng Xu,,,,,,,Poster Presentation Session on Jan. 15 (Monday),,Source: https://qip.iaqi.org/2024/site/mypage.aspx?pid=263&lang=en&sid=1522.html,2024-01-15,,
QIP,2024,poster,Quantum reservoir probing of the spatiotemporal profile of information scrambling,,Kaito Kobayashi;Yukitoshi Motome,,,,,,,Poster Presentation Session on Jan. 15 (Monday),,Source: https://qip.iaqi.org/2024/site/mypage.aspx?pid=263&lang=en&sid=1522.html,2024-01-15,,
QIP,2024,poster,Alchemy of quantum coherence: Arbitrary amplification in asymptotic and catalytic coherence manipulation,,Naoto Shiraishi;Ryuji Takagi,,,,,,,Poster Presentation Session on Jan. 15 (Monday),,Source: https://qip.iaqi.org/2024/site/mypage.aspx?pid=263&lang=en&sid=1522.html,2024-01-15,,
QIP,2024,poster,On the Sample Complexity of Quantum Boltzmann Machine Learning,,Luuk Coopmans;Marcello Benedetti,,,,,,,Poster Presentation Session on Jan. 15 (Monday),,Source: https://qip.iaqi.org/2024/site/mypage.aspx?pid=263&lang=en&sid=1522.html,2024-01-15,,
QIP,2024,poster,Good Gottesman-Kitaev-Preskill codes from the NTRU cryptosystem,,Jonathan Conrad;Jens Eisert;Jean-Pierre Seifert,,,,,,,Poster Presentation Session on Jan. 15 (Monday),,Source: https://qip.iaqi.org/2024/site/mypage.aspx?pid=263&lang=en&sid=1522.html,2024-01-15,,
QIP,2024,poster,General $d$-level quantum multi-secret sharing scheme with cheating identification,,Deepa Rathi;Sanjeev Kumar,,,,,,,Poster Presentation Session on Jan. 15 (Monday),,Source: https://qip.iaqi.org/2024/site/mypage.aspx?pid=263&lang=en&sid=1522.html,2024-01-15,,
QIP,2024,poster,Benchmarking Metaheuristic-Integrated QAOA against Quantum Annealing,,Arul Mazumder;Anuvab Sen;Udayon Sen,,,,,,,Poster Presentation Session on Jan. 15 (Monday),,Source: https://qip.iaqi.org/2024/site/mypage.aspx?pid=263&lang=en&sid=1522.html,2024-01-15,,
QIP,2024,poster,Learning Pauli channels: from general lower bounds to efficient structure estimation,,Daniel Stilck França;Cambyse Rouze;Aadil Oufkir;Omar Fawzi,,,,,,,Poster Presentation Session on Jan. 15 (Monday),,Source: https://qip.iaqi.org/2024/site/mypage.aspx?pid=263&lang=en&sid=1522.html,2024-01-15,,
QIP,2024,poster,Local algorithms and the failure of log-depth quantum advantage on sparse random CSPs,,Antares Chen;Neng Huang;Kunal Marwaha,,,,,,,Poster Presentation Session on Jan. 15 (Monday),,Source: https://qip.iaqi.org/2024/site/mypage.aspx?pid=263&lang=en&sid=1522.html,2024-01-15,,
QIP,2024,poster,Localized Virtual Purification,,Hideaki Hakoshima;Suguru Endo;Kaoru Yamamoto;Yuichiro Matsuzaki;Nobuyuki Yoshioka,,,,,,,Poster Presentation Session on Jan. 15 (Monday),,Source: https://qip.iaqi.org/2024/site/mypage.aspx?pid=263&lang=en&sid=1522.html,2024-01-15,,
QIP,2024,poster,Quantum secret sharing protocol using Grover's Search Algorithm with noisy environments,,Deepa Rathi;Sanjeev Kumar;Farhan Musanna;Deepak Singh,,,,,,,Poster Presentation Session on Jan. 15 (Monday),,Source: https://qip.iaqi.org/2024/site/mypage.aspx?pid=263&lang=en&sid=1522.html,2024-01-15,,
QIP,2024,poster,Tradeoff Constructions for Quantum Locally Testable Codes,,Adam Wills;Ting-Chun Lin;Min-Hsiu Hsieh,,,,,,,Poster Presentation Session on Jan. 15 (Monday),,Source: https://qip.iaqi.org/2024/site/mypage.aspx?pid=263&lang=en&sid=1522.html,2024-01-15,,
QIP,2024,poster,"BQP, meet NP: Search-to-decision reductions and approximate counting",,Jonas Kamminga;Sevag Gharibian,,,,,,,Poster Presentation Session on Jan. 15 (Monday),,Source: https://qip.iaqi.org/2024/site/mypage.aspx?pid=263&lang=en&sid=1522.html,2024-01-15,,
QIP,2024,poster,Security of a Continuous-Variable based Quantum Position Verification Protocol,,Rene Allerstorfer;Llorenc Escola Farras;Arpan Akash Ray;Boris Skoric;Florian Speelman;Philip Verduyn Lunel,,,,,,,Poster Presentation Session on Jan. 15 (Monday),,Source: https://qip.iaqi.org/2024/site/mypage.aspx?pid=263&lang=en&sid=1522.html,2024-01-15,,
QIP,2024,poster,Certified Randomness from Quantum Supremacy,,Scott Aaronson;Shih-Han Hung,,,,,,,Poster Presentation Session on Jan. 15 (Monday),,Source: https://qip.iaqi.org/2024/site/mypage.aspx?pid=263&lang=en&sid=1522.html,2024-01-15,,
QIP,2024,poster,Energy-Consumption Advantage of Quantum Computation,,Florian Meier;Hayata Yamasaki,,,,,,,Poster Presentation Session on Jan. 15 (Monday),,Source: https://qip.iaqi.org/2024/site/mypage.aspx?pid=263&lang=en&sid=1522.html,2024-01-15,,
QIP,2024,poster,Classical Verification of Quantum Learning,,Matthias C. Caro;Marcel Hinsche;Marios Ioannou;Alexander Nietner;Ryan Sweke,,,,,,,Poster Presentation Session on Jan. 15 (Monday),,Source: https://qip.iaqi.org/2024/site/mypage.aspx?pid=263&lang=en&sid=1522.html,2024-01-15,,
QIP,2024,poster,Quantum Analog of Shannon's Lower Bound Theorem,,Saugata Basu;Laxmi Parida,,,,,,,Poster Presentation Session on Jan. 15 (Monday),,Source: https://qip.iaqi.org/2024/site/mypage.aspx?pid=263&lang=en&sid=1522.html,2024-01-15,,
QIP,2024,poster,Classical vs Quantum Advice and Proofs under Classically-Accessible Oracle,,Xingjian Li;Qipeng Liu;Angelos Pelecanos;Takashi Yamakawa,,,,,,,Poster Presentation Session on Jan. 15 (Monday),,Source: https://qip.iaqi.org/2024/site/mypage.aspx?pid=263&lang=en&sid=1522.html,2024-01-15,,
QIP,2024,poster,Modal analysis on quantum computers via qubitization,,Yasunori Lee;Keita Kanno,,,,,,,Poster Presentation Session on Jan. 15 (Monday),,Source: https://qip.iaqi.org/2024/site/mypage.aspx?pid=263&lang=en&sid=1522.html,2024-01-15,,
QIP,2024,poster,"Quantum SAT on (2,5)- and (3,4)-dimensional qudit pairs is QMA1-complete",,Sevag Gharibian;Daniel Nagaj;Dorian Rudolph,,,,,,,Poster Presentation Session on Jan. 15 (Monday),,Source: https://qip.iaqi.org/2024/site/mypage.aspx?pid=263&lang=en&sid=1522.html,2024-01-15,,
QIP,2024,poster,Large-scale simulations of Floquet physics on near-term quantum computers,,Timo Eckstein;Refik Mansuroglu;Piotr Czarnik;Jian-Xin Zhu;Michael J. Hartmann;Lukasz Cincio;Andrew T. Sornborger;Zoë Holmes,,,,,,,Poster Presentation Session on Jan. 15 (Monday),,Source: https://qip.iaqi.org/2024/site/mypage.aspx?pid=263&lang=en&sid=1522.html,2024-01-15,,
QIP,2024,poster,Quantum Locally Recoverable Codes,,Louis Golowich;Venkatesan Guruswami,,,,,,,Poster Presentation Session on Jan. 15 (Monday),,Source: https://qip.iaqi.org/2024/site/mypage.aspx?pid=263&lang=en&sid=1522.html,2024-01-15,,
QIP,2024,poster,Sufficient condition for universal quantum computation using bosonic circuits,,Cameron Calcluth;Nicolas Reichel;Alessandro Ferraro;Giulia Ferrini,,,,,,,Poster Presentation Session on Jan. 15 (Monday),,Source: https://qip.iaqi.org/2024/site/mypage.aspx?pid=263&lang=en&sid=1522.html,2024-01-15,,
QIP,2024,poster,Unleashing Quantum Simulation Advantages: Hamiltonian Subspace Encoding for Resource Efficient Quantum Simulation,,Man Hei Cheng;Yu Cheng Chen;Qian Wang;Valeria Bartsch;Myungshik Kim;Alice Hu;Min Hsiu Hsieh,,,,,,,Poster Presentation Session on Jan. 15 (Monday),,Source: https://qip.iaqi.org/2024/site/mypage.aspx?pid=263&lang=en&sid=1522.html,2024-01-15,,
QIP,2024,poster,Quantum Complexity for Discrete Logarithms and Related Problems,,Minki Hhan;Takashi Yamakawa;Aaram Yun,,,,,,,Poster Presentation Session on Jan. 15 (Monday),,Source: https://qip.iaqi.org/2024/site/mypage.aspx?pid=263&lang=en&sid=1522.html,2024-01-15,,
QIP,2024,poster,Polytope compatibility -- from quantum measurements to magic squares,,Andreas Bluhm;Ion Nechita;Simon Schmidt,,,,,,,Poster Presentation Session on Jan. 15 (Monday),,Source: https://qip.iaqi.org/2024/site/mypage.aspx?pid=263&lang=en&sid=1522.html,2024-01-15,,
QIP,2024,poster,Towards Quantum Locally Testable Codes from Cubical Complexes,,Irit Dinur;Ting-Chun Lin;Thomas Vidick,,,,,,,Poster Presentation Session on Jan. 15 (Monday),,Source: https://qip.iaqi.org/2024/site/mypage.aspx?pid=263&lang=en&sid=1522.html,2024-01-15,,
QIP,2024,poster,Exponential separations between classical and quantum learners,,Casper Gyurik;Vedran Dunjko,,,,,,,Poster Presentation Session on Jan. 15 (Monday),,Source: https://qip.iaqi.org/2024/site/mypage.aspx?pid=263&lang=en&sid=1522.html,2024-01-15,,
QIP,2024,poster,A Hamming-Like Bound for Degenerate Stabilizer Codes,,Andrew Nemec;Theerapat Tansuwannont,,,,,,,Poster Presentation Session on Jan. 15 (Monday),,Source: https://qip.iaqi.org/2024/site/mypage.aspx?pid=263&lang=en&sid=1522.html,2024-01-15,,
QIP,2024,poster,Constant-depth circuits for Uniformly Controlled Gates and Boolean functions with application to quantum memory circuits,,Jonathan Allcock;Jinge Bao;João F. Doriguello;Alessandro Luongo;Miklos Santha,,,,,,,Poster Presentation Session on Jan. 15 (Monday),,Source: https://qip.iaqi.org/2024/site/mypage.aspx?pid=263&lang=en&sid=1522.html,2024-01-15,,
QIP,2024,poster,The Hadamard gate cannot be replaced by a resource state in universal quantum computation,,Benjamin Jones;Paul Skrzypczyk;Noah Linden,,,,,,,Poster Presentation Session on Jan. 15 (Monday),,Source: https://qip.iaqi.org/2024/site/mypage.aspx?pid=263&lang=en&sid=1522.html,2024-01-15,,
QIP,2024,poster,Quantum Delegation with an Off-the-shelf Device,,Anne Broadbent;Arthur Mehta;Yuming Zhao,,,,,,,Poster Presentation Session on Jan. 15 (Monday),,Source: https://qip.iaqi.org/2024/site/mypage.aspx?pid=263&lang=en&sid=1522.html,2024-01-15,,
QIP,2024,poster,A quantum advantage over classical for local max cut,,Steven Kordonowy;Alexandra Kolla;Charlie Carlson;Zackary Jorquera,,,,,,,Poster Presentation Session on Jan. 15 (Monday),,Source: https://qip.iaqi.org/2024/site/mypage.aspx?pid=263&lang=en&sid=1522.html,2024-01-15,,
QIP,2024,poster,Quantum State Preparation via Efficiently Represented Boolean Function,,Yu Tanaka;Hayata Yamasaki;Mio Murao,,,,,,,Poster Presentation Session on Jan. 15 (Monday),,Source: https://qip.iaqi.org/2024/site/mypage.aspx?pid=263&lang=en&sid=1522.html,2024-01-15,,
QIP,2024,poster,Variational Quantum Linear Solver enhanced Quantum Support Vector Machine,,Jianming Yi;Kalyani Suresh;Ali Moghiseh;Norbert Wehn,,,,,,,Poster Presentation Session on Jan. 15 (Monday),,Source: https://qip.iaqi.org/2024/site/mypage.aspx?pid=263&lang=en&sid=1522.html,2024-01-15,,
QIP,2024,poster,Every quantum helps: Operational advantage of quantum resources beyond convexity,,Kohdai Kuroiwa;Ryuji Takagi;Gerardo Adesso;Hayata Yamasaki,,,,,,,Poster Presentation Session on Jan. 15 (Monday),,Source: https://qip.iaqi.org/2024/site/mypage.aspx?pid=263&lang=en&sid=1522.html,2024-01-15,,
QIP,2024,poster,A framework of partial error correction for intermediate-scale quantum computers,,Nikolaos Koukoulekidis;Samson Wang;Tom O'Leary;Daniel Bultrini;Lukasz Cincio;Piotr Czarnik,,,,,,,Poster Presentation Session on Jan. 15 (Monday),,Source: https://qip.iaqi.org/2024/site/mypage.aspx?pid=263&lang=en&sid=1522.html,2024-01-15,,
QIP,2024,poster,Robust ground-state energy estimation under depolarizing noise,,Zhiyan Ding;Yulong Dong;Yu Tong;Lin,,,,,,,Poster Presentation Session on Jan. 15 (Monday),,Source: https://qip.iaqi.org/2024/site/mypage.aspx?pid=263&lang=en&sid=1522.html,2024-01-15,,
QIP,2024,poster,Stochastic error cancellation in analog quantum simulation,,Yiyi Cai;Yu Tong;John Preskill,,,,,,,Poster Presentation Session on Jan. 15 (Monday),,Source: https://qip.iaqi.org/2024/site/mypage.aspx?pid=263&lang=en&sid=1522.html,2024-01-15,,
QIP,2024,poster,Classical simulators as quantum error mitigators via circuit cutting,,Ji Liu;Alvin Gonzales;Zain Saleem,,,,,,,Poster Presentation Session on Jan. 15 (Monday),,Source: https://qip.iaqi.org/2024/site/mypage.aspx?pid=263&lang=en&sid=1522.html,2024-01-15,,
QIP,2024,poster,Quantum and Quantum-Inspired Stereographic K Nearest-Neighbour Clustering,,Ark Modi;Alonso Viladomat Jasso;Roberto Ferrara;Christian Deppe;Janis Noetzel;Fred Fung;Maximilian Schaedler,,,,,,,Poster Presentation Session on Jan. 15 (Monday),,Source: https://qip.iaqi.org/2024/site/mypage.aspx?pid=263&lang=en&sid=1522.html,2024-01-15,,
QIP,2024,poster,End-to-end analysis for quantum interior point methods with improved block-encodings,,Alexander Dalzell;B. David Clader;Grant Salton;Mario Berta;Cedric Yen-Yu Lin;David Bader;Nikitas Stamatopoulos;Martin Schuetz;Fernando Brandao;Helmut Katzgraber;William Zeng,,,,,,,Poster Presentation Session on Jan. 15 (Monday),,Source: https://qip.iaqi.org/2024/site/mypage.aspx?pid=263&lang=en&sid=1522.html,2024-01-15,,
QIP,2024,poster,Resource-efficient shadow tomography using equatorial measurements,,Guedong Park;Yong Siah Teo;Hyunseok Jeong,,,,,,,Poster Presentation Session on Jan. 15 (Monday),,Source: https://qip.iaqi.org/2024/site/mypage.aspx?pid=263&lang=en&sid=1522.html,2024-01-15,,
QIP,2024,poster,Analyzing quantum machine learning with tensor networks,,Seongwook Shin;Yong Siah Teo;Hyunseok Jeong,,,,,,,Poster Presentation Session on Jan. 15 (Monday),,Source: https://qip.iaqi.org/2024/site/mypage.aspx?pid=263&lang=en&sid=1522.html,2024-01-15,,
QIP,2024,poster,Des-q: a quantum algorithm to construct and efficiently retrain decision trees for regression and binary classification,,Romina Yalovetzky;Niraj Kumar;Changhao Li;Pierre Minssen;Marco Pistoia,,,,,,,Poster Presentation Session on Jan. 15 (Monday),,Source: https://qip.iaqi.org/2024/site/mypage.aspx?pid=263&lang=en&sid=1522.html,2024-01-15,,
QIP,2024,poster,Quantum weight enumerators and tensor networks,,Chunjun Cao;Michael Gullans;Brad Lackey;Zitao Wang,,,,,,,Poster Presentation Session on Jan. 15 (Monday),,Source: https://qip.iaqi.org/2024/site/mypage.aspx?pid=263&lang=en&sid=1522.html,2024-01-15,,
QIP,2024,poster,Existence of Pauli-like stabilizers for every quantum error-correcting code,,Jhih-Yuan Kao;Hsi-Sheng Goan,,,,,,,Poster Presentation Session on Jan. 15 (Monday),,Source: https://qip.iaqi.org/2024/site/mypage.aspx?pid=263&lang=en&sid=1522.html,2024-01-15,,
QIP,2024,poster,Distributed Scheduling of Quantum Circuits with Noise and Time Optimization,,Debasmita Bhoumik;Ritajit Majumdar;Amit Saha;Susmita Sur-Kolay,,,,,,,Poster Presentation Session on Jan. 15 (Monday),,Source: https://qip.iaqi.org/2024/site/mypage.aspx?pid=263&lang=en&sid=1522.html,2024-01-15,,
QIP,2024,poster,Fault tolerance analysis of error correction circuits for cat codes,,Long Duy Hoang My;Hui Khoon Ng;Shushen Qin,,,,,,,Poster Presentation Session on Jan. 15 (Monday),,Source: https://qip.iaqi.org/2024/site/mypage.aspx?pid=263&lang=en&sid=1522.html,2024-01-15,,
QIP,2024,poster,Learning quantum states and unitaries of bounded gate complexity,,Haimeng Zhao;Laura Lewis;Ishaan Kannan;Yihui Quek;Hsin-Yuan Huang;Matthias Caro,,,,,,,Poster Presentation Session on Jan. 15 (Monday),,Source: https://qip.iaqi.org/2024/site/mypage.aspx?pid=263&lang=en&sid=1522.html,2024-01-15,,
QIP,2024,poster,Complete criteria for the detection of the initial system-environment entanglement via the system alone,,Yun-Yi Hsieh;Hsi-Sheng Goan,,,,,,,Poster Presentation Session on Jan. 15 (Monday),,Source: https://qip.iaqi.org/2024/site/mypage.aspx?pid=263&lang=en&sid=1522.html,2024-01-15,,
QIP,2024,poster,Device independent security for quantum key distribution from arbitrary monogamy-of-entanglement games,,Enrique Cervero;Marco Tomamichel,,,,,,,Poster Presentation Session on Jan. 15 (Monday),,Source: https://qip.iaqi.org/2024/site/mypage.aspx?pid=263&lang=en&sid=1522.html,2024-01-15,,
QIP,2024,poster,Improved precision scaling for simulating coupled quantum-classical dynamics,,Sophia Simon;Raffaele Santagati;Matthias Degroote;Nikolaj Moll;Michael Streif;Nathan Wiebe,,,,,,,Poster Presentation Session on Jan. 15 (Monday),,Source: https://qip.iaqi.org/2024/site/mypage.aspx?pid=263&lang=en&sid=1522.html,2024-01-15,,
QIP,2024,poster,"Quantum Polynomial Hierarchies: Collapses, Karp-Lipton, and More",,Avantika Agarwal;Sevag Gharibian;Sabee Grewal;Venkata Koppula;Dorian Rudolph;Justin Yirka,,,,,,,Poster Presentation Session on Jan. 15 (Monday),,Source: https://qip.iaqi.org/2024/site/mypage.aspx?pid=263&lang=en&sid=1522.html,2024-01-15,,
QIP,2024,poster,Learning conservation laws in unknown quantum dynamics,,Yongtao Zhan;Andreas Elben;Hsin-Yuan Huang;Yu Tong,,,,,,,Poster Presentation Session on Jan. 15 (Monday),,Source: https://qip.iaqi.org/2024/site/mypage.aspx?pid=263&lang=en&sid=1522.html,2024-01-15,,
QIP,2024,poster,Optimal protocols for universal adjointation of isometry operations,,Satoshi Yoshida;Akihito Soeda;Mio Murao,,,,,,,Poster Presentation Session on Jan. 15 (Monday),,Source: https://qip.iaqi.org/2024/site/mypage.aspx?pid=263&lang=en&sid=1522.html,2024-01-15,,
QIP,2024,poster,Exploring shallow-depth boson sampling for scalable quantum supremacy,,Byeongseon Go;Hyunseok Jeong;Changhun Oh;Liang Jiang,,,,,,,Poster Presentation Session on Jan. 15 (Monday),,Source: https://qip.iaqi.org/2024/site/mypage.aspx?pid=263&lang=en&sid=1522.html,2024-01-15,,
QIP,2024,poster,A Feasibility-Preserved Quantum Approximate Solver for the Capacitated Vehicle Routing Problem,,Ningyi Xie;Xinwei Lee;Dongsheng Cai;Yoshiyuki Saito;Nobuyoshi Asai;Hoong Chuin Lau,,,,,,,Poster Presentation Session on Jan. 15 (Monday),,Source: https://qip.iaqi.org/2024/site/mypage.aspx?pid=263&lang=en&sid=1522.html,2024-01-15,,
QIP,2024,poster,Sufficient statistic and approximate recovery via Quantum Fisher Information,,Li Gao;Haojian Li;Iman Marvian;Cambyse Rouzé,,,,,,,Poster Presentation Session on Jan. 15 (Monday),,Source: https://qip.iaqi.org/2024/site/mypage.aspx?pid=263&lang=en&sid=1522.html,2024-01-15,,
QIP,2024,poster,Measurement-based quantum simulation of Abelian lattice gauge theories,,Hiroki Sukeno;Takuya Okuda,,,,,,,Poster Presentation Session on Jan. 15 (Monday),,Source: https://qip.iaqi.org/2024/site/mypage.aspx?pid=263&lang=en&sid=1522.html,2024-01-15,,
QIP,2024,poster,Majorization in large samples,,Erkka Haapasalo;Muhammad Usman Farooq;Tobias Fritz;Marco Tomamichel;Frits Verhagen,,,,,,,Poster Presentation Session on Jan. 15 (Monday),,Source: https://qip.iaqi.org/2024/site/mypage.aspx?pid=263&lang=en&sid=1522.html,2024-01-15,,
QIP,2024,poster,Overlapping qubits from non-isometric maps and de Sitter tensor networks,,Chunjun Cao;Wissam Chemissany;Alexander Jahn;Zoltan Zimboras,,,,,,,Poster Presentation Session on Jan. 15 (Monday),,Source: https://qip.iaqi.org/2024/site/mypage.aspx?pid=263&lang=en&sid=1522.html,2024-01-15,,
QIP,2024,poster,Can we stochastically distil quantum steering and measurement incompatibility?,,Chung-Yun Hsieh;Huan-Yu Ku;Shin-Liang Chen;Yueh-Nan Chen;Costantino Budroni,,,,,,,Poster Presentation Session on Jan. 15 (Monday),,Source: https://qip.iaqi.org/2024/site/mypage.aspx?pid=263&lang=en&sid=1522.html,2024-01-15,,
QIP,2024,poster,Quantum error correction on symmetric quantum sensors,,Yingkai Ouyang;Gavin Brennen,,,,,,,Poster Presentation Session on Jan. 15 (Monday),,Source: https://qip.iaqi.org/2024/site/mypage.aspx?pid=263&lang=en&sid=1522.html,2024-01-15,,
QIP,2024,poster,Classical algorithm for simulating experimental Gaussian boson sampling,,Changhun Oh;Minzhao Liu;Yuri Alexeev;Bill Fefferman;Liang Jiang,,,,,,,Poster Presentation Session on Jan. 15 (Monday),,Source: https://qip.iaqi.org/2024/site/mypage.aspx?pid=263&lang=en&sid=1522.html,2024-01-15,,
QIP,2024,poster,Noise is resource-contextual in quantum communication.,,Aditya Nema;Ananda Gopal Maity;Sergii Strelchuk;David Elkouss,,,,,,,Poster Presentation Session on Jan. 15 (Monday),,Source: https://qip.iaqi.org/2024/site/mypage.aspx?pid=263&lang=en&sid=1522.html,2024-01-15,,
QIP,2024,poster,A sublinear time quantum algorithm for longest common substring problem between run-length encoded strings,,Han-Hsuan Lin;Tzu-Ching Lee,,,,,,,Poster Presentation Session on Jan. 15 (Monday),,Source: https://qip.iaqi.org/2024/site/mypage.aspx?pid=263&lang=en&sid=1522.html,2024-01-15,,
QIP,2024,poster,Higher-order quantum transformations of Hamiltonian dynamics,,Tatsuki Odake;Hlér Kristjánsson;Akihito Soeda;Mio Murao,,,,,,,Poster Presentation Session on Jan. 15 (Monday),,Source: https://qip.iaqi.org/2024/site/mypage.aspx?pid=263&lang=en&sid=1522.html,2024-01-15,,
QIP,2024,poster,Fundamental Limitations on Communication over a Quantum Network,,Junjing Xing;Tianfeng Feng;Fan Zhaobing;Haitao Ma;Kishor Bharti;Dax Koh;Yunlong Xiao,,,,,,,Poster Presentation Session on Jan. 15 (Monday),,Source: https://qip.iaqi.org/2024/site/mypage.aspx?pid=263&lang=en&sid=1522.html,2024-01-15,,
QIP,2024,poster,Derivation of Standard Quantum Theory via State Discrimination,,Hayato Arai;Masahito Hayashi,,,,,,,Poster Presentation Session on Jan. 15 (Monday),,Source: https://qip.iaqi.org/2024/site/mypage.aspx?pid=263&lang=en&sid=1522.html,2024-01-15,,
QIP,2024,poster,Complete quantum-inspired framework for computational fluid dynamics,,Raghavendra Peddinti;Stefano Pisoni;Alessandro Marini;Philippe Lott;Henrique Argentieri;Egor Tiunov;Leandro Aolita,,,,,,,Poster Presentation Session on Jan. 15 (Monday),,Source: https://qip.iaqi.org/2024/site/mypage.aspx?pid=263&lang=en&sid=1522.html,2024-01-15,,
QIP,2024,poster,Towards the realization of universal quantum teleportation using weak measurements.,,Vivek Balasaheb Sabale;Atul Kumar;Subhashish Banerjee,,,,,,,Poster Presentation Session on Jan. 15 (Monday),,Source: https://qip.iaqi.org/2024/site/mypage.aspx?pid=263&lang=en&sid=1522.html,2024-01-15,,
QIP,2024,poster,The relative entropy of coherence quantifies performance in Bayesian estimation,,Ruvi Lecamwasam;Syed Assad;Joseph Hope;Ping Koy Lam;Jayne Thompson;Mile Gu,,,,,,,Poster Presentation Session on Jan. 15 (Monday),,Source: https://qip.iaqi.org/2024/site/mypage.aspx?pid=263&lang=en&sid=1522.html,2024-01-15,,
QIP,2024,poster,Quantum Channel Simulation under Purified Distance is no more difficult than State Splitting,,Michael Xuan Cao;Rahul Jain;Marco Tomamichel,,,,,,,Poster Presentation Session on Jan. 15 (Monday),,Source: https://qip.iaqi.org/2024/site/mypage.aspx?pid=263&lang=en&sid=1522.html,2024-01-15,,
QIP,2024,poster,Data-driven approach to mixed-state multipartite entanglement characterisation,,Eric Brunner;Aaron Xie;Gabriel Dufour;Andreas Buchleitner,,,,,,,Poster Presentation Session on Jan. 15 (Monday),,Source: https://qip.iaqi.org/2024/site/mypage.aspx?pid=263&lang=en&sid=1522.html,2024-01-15,,
QIP,2024,poster,Maximum tolerable excess noise in CV-QKD and improved lower bound on two-way capacities,,Francesco Anna Mele;Ludovico Lami;Vittorio Giovannetti,,,,,,,Poster Presentation Session on Jan. 15 (Monday),,Source: https://qip.iaqi.org/2024/site/mypage.aspx?pid=263&lang=en&sid=1522.html,2024-01-15,,
QIP,2024,poster,Simulating LDPC code Hamiltonians on 2D lattices,,Harriet Apel;Nouédyn Baspin,,,,,,,Poster Presentation Session on Jan. 15 (Monday),,Source: https://qip.iaqi.org/2024/site/mypage.aspx?pid=263&lang=en&sid=1522.html,2024-01-15,,
QIP,2024,poster,"QSETH strikes again: finer quantum lower bounds for lattice problem, strong simulation, hitting set problem, and more",,Subhasree Patro;Yanlin Chen;Florian Speelman;Yilei Chen;Rajendra Kumar,,,,,,,Poster Presentation Session on Jan. 15 (Monday),,Source: https://qip.iaqi.org/2024/site/mypage.aspx?pid=263&lang=en&sid=1522.html,2024-01-15,,
QIP,2024,poster,Hybrid quantum-classical and quantum-inspired classical algorithms for solving banded circulant linear systems,,Po-Wei Huang;Xiufan Li;Kelvin Koor;Patrick Rebentrost,,,,,,,Poster Presentation Session on Jan. 15 (Monday),,Source: https://qip.iaqi.org/2024/site/mypage.aspx?pid=263&lang=en&sid=1522.html,2024-01-15,,
QIP,2024,poster,Bounding the joint numerical range of Pauli strings by graph parameters,,Zhen-Peng Xu;René Schwonnek;Andreas Winter,,,,,,,Poster Presentation Session on Jan. 15 (Monday),,Source: https://qip.iaqi.org/2024/site/mypage.aspx?pid=263&lang=en&sid=1522.html,2024-01-15,,
QIP,2024,poster,Causal Classification of Spatiotemporal Quantum Correlations,,Minjeong Song;Varun Narasimhachar;Bartosz Regula;Thomas Elliott;Mile Gu,,,,,,,Poster Presentation Session on Jan. 15 (Monday),,Source: https://qip.iaqi.org/2024/site/mypage.aspx?pid=263&lang=en&sid=1522.html,2024-01-15,,
QIP,2024,poster,New Approaches to Complexity via Quantum Graphs,,Eric Culf;Arthur Mehta,,,,,,,Poster Presentation Session on Jan. 15 (Monday),,Source: https://qip.iaqi.org/2024/site/mypage.aspx?pid=263&lang=en&sid=1522.html,2024-01-15,,
QIP,2024,poster,Generalized Quantum Signal Processing,,Danial Motlagh;Nathan Wiebe,,,,,,,Poster Presentation Session on Jan. 15 (Monday),,Source: https://qip.iaqi.org/2024/site/mypage.aspx?pid=263&lang=en&sid=1522.html,2024-01-15,,
QIP,2024,poster,Optical fibres with memory effects and their quantum communication capacities,,Francesco Anna Mele;Giacomo De Palma;Marco Fanizza;Vittorio Giovannetti;Ludovico Lami,,,,,,,Poster Presentation Session on Jan. 15 (Monday),,Source: https://qip.iaqi.org/2024/site/mypage.aspx?pid=263&lang=en&sid=1522.html,2024-01-15,,
QIP,2024,poster,Lower Bounds on Quantum Annealing Times,,Luis Pedro García-Pintos;Lucas Brady;Jacob Bringewatt;Yi-Kai Liu,,,,,,,Poster Presentation Session on Jan. 15 (Monday),,Source: https://qip.iaqi.org/2024/site/mypage.aspx?pid=263&lang=en&sid=1522.html,2024-01-15,,
QIP,2024,poster,Dissipative Quantum Gibbs Sampling,,Jan Lukas Bosse;Daniel Zhang;Toby Cubitt,,,,,,,Poster Presentation Session on Jan. 15 (Monday),,Source: https://qip.iaqi.org/2024/site/mypage.aspx?pid=263&lang=en&sid=1522.html,2024-01-15,,
QIP,2024,poster,"On quantum backpropagation, information reuse, and cheating measurement collapse",,Amira Abbas;Robbie King;Hsin-Yuan Huang;William Huggins;Dar Gilboa;Ramis Movassagh;Jarrod McClean,,,,,,,Poster Presentation Session on Jan. 15 (Monday),,Source: https://qip.iaqi.org/2024/site/mypage.aspx?pid=263&lang=en&sid=1522.html,2024-01-15,,
QIP,2024,poster,Alleviating the quantum Big-M problem,,Edoardo Alessandroni;Sergi Ramos-Calderer;Ingo Roth;Emiliano Traversi;Leandro Aolita,,,,,,,Poster Presentation Session on Jan. 15 (Monday),,Source: https://qip.iaqi.org/2024/site/mypage.aspx?pid=263&lang=en&sid=1522.html,2024-01-15,,
QIP,2024,poster,Gaussian decomposition of magic states for matchgate computations,,Joshua Cudby;Sergii Strelchuk,,,,,,,Poster Presentation Session on Jan. 15 (Monday),,Source: https://qip.iaqi.org/2024/site/mypage.aspx?pid=263&lang=en&sid=1522.html,2024-01-15,,
QIP,2024,poster,On the Hardness of S|LWE⟩ with Gaussian and Other Amplitudes,,Yilei Chen;Zihan Hu;Qipeng Liu;Han Luo;Yaxin Tu,,,,,,,Poster Presentation Session on Jan. 15 (Monday),,Source: https://qip.iaqi.org/2024/site/mypage.aspx?pid=263&lang=en&sid=1522.html,2024-01-15,,
QIP,2024,poster,Understanding quantum machine learning also requires rethinking generalization,,Elies Gil-Fuster;Jens Eisert;Carlos Bravo-Prieto,,,,,,,Poster Presentation Session on Jan. 15 (Monday),,Source: https://qip.iaqi.org/2024/site/mypage.aspx?pid=263&lang=en&sid=1522.html,2024-01-15,,
QIP,2024,poster,Quantum contextuality provides communication complexity advantage,,Shashank Gupta;Debashis Saha;Zhen-Peng Xu;Adan Cabello;Archan S. Majumdar,,,,,,,Poster Presentation Session on Jan. 15 (Monday),,Source: https://qip.iaqi.org/2024/site/mypage.aspx?pid=263&lang=en&sid=1522.html,2024-01-15,,
QIP,2024,poster,Mixed-state additivity properties of magic monotones based on quantum relative entropies for single-qubit states and beyond,,Roberto Rubboli;Ryuji Takagi;Marco Tomamichel,,,,,,,Poster Presentation Session on Jan. 15 (Monday),,Source: https://qip.iaqi.org/2024/site/mypage.aspx?pid=263&lang=en&sid=1522.html,2024-01-15,,
QIP,2024,poster,Quantum Bohnenblust--Hille inequalities and applications to learning low-degree quantum observables,,Haonan Zhang;Ohad Klein;Joseph Slote;Alexander Volberg,,,,,,,Poster Presentation Session on Jan. 15 (Monday),,Source: https://qip.iaqi.org/2024/site/mypage.aspx?pid=263&lang=en&sid=1522.html,2024-01-15,,
QIP,2024,poster,Improved Dimension and Sample Size Scalability for Maximum-Likelihood State Tomography and Approximating PSD Permanents,,Chung-En Tsai;Hao-Chung Cheng;Yen-Huan Li,,,,,,,Poster Presentation Session on Jan. 15 (Monday),,Source: https://qip.iaqi.org/2024/site/mypage.aspx?pid=263&lang=en&sid=1522.html,2024-01-15,,
QIP,2024,poster,Guidable Local Hamiltonian Problems with Implications to Heuristic Ansatz State Preparation and the Quantum PCP Conjecture,,Jordi Weggemans;Marten Folkersma;Christopher Cade,,,,,,,Poster Presentation Session on Jan. 15 (Monday),,Source: https://qip.iaqi.org/2024/site/mypage.aspx?pid=263&lang=en&sid=1522.html,2024-01-15,,
QIP,2024,poster,Quantum algorithms for solving linear and nonlinear differential equations,,Yuki Ito;Yu Tanaka;Keisuke Fujii,,,,,,,Poster Presentation Session on Jan. 15 (Monday),,Source: https://qip.iaqi.org/2024/site/mypage.aspx?pid=263&lang=en&sid=1522.html,2024-01-15,,
QIP,2024,poster,Fidelity and Entanglement of Random Bipartite Pure States: Insights and Applications,,George Biswas;Shao-Hua Hu;Jun-Yi Wu;Debasish Biswas;Anindya Biswas,,,,,,,Poster Presentation Session on Jan. 15 (Monday),,Source: https://qip.iaqi.org/2024/site/mypage.aspx?pid=263&lang=en&sid=1522.html,2024-01-15,,
QIP,2024,poster,Learning Quantum Processes with Quantum Statistical Queries,,Chirag Wadhwa;Armando Angrisani;Mina Doosti,,,,,,,Poster Presentation Session on Jan. 15 (Monday),,Source: https://qip.iaqi.org/2024/site/mypage.aspx?pid=263&lang=en&sid=1522.html,2024-01-15,,
QIP,2024,poster,Provable Advantage in Quantum PAC Learning,,Wilfred Salmon;Sergii Strelchuk;Tom Gur,,,,,,,Poster Presentation Session on Jan. 15 (Monday),,Source: https://qip.iaqi.org/2024/site/mypage.aspx?pid=263&lang=en&sid=1522.html,2024-01-15,,
QIP,2024,poster,Fixed-point iterative algorithm for barycenters in Wasserstein space: a new generalization with applications in quantum information theory,,Shrigyan Brahmachari;Roberto Rubboli;Marco Tomamichel,,,,,,,Poster Presentation Session on Jan. 15 (Monday),,Source: https://qip.iaqi.org/2024/site/mypage.aspx?pid=263&lang=en&sid=1522.html,2024-01-15,,
QIP,2024,poster,Seedless Extractors for Device-Independent Quantum Cryptography,,Cameron Foreman;Lluis Masanes,,,,,,,Poster Presentation Session on Jan. 15 (Monday),,Source: https://qip.iaqi.org/2024/site/mypage.aspx?pid=263&lang=en&sid=1522.html,2024-01-15,,
QIP,2024,poster,"More Optimistic, Less Regret: Quantum Optimistic Update Algorithms for Zero-Sum Games and Linear Programming",,Minbo Gao;Zhengfeng Ji;Tongyang Li;Qisheng Wang,,,,,,,Poster Presentation Session on Jan. 15 (Monday),,Source: https://qip.iaqi.org/2024/site/mypage.aspx?pid=263&lang=en&sid=1522.html,2024-01-15,,
QIP,2024,poster,"Simulating quantum computation: how many ""bits"" for ""it""?",,Michael Zurel;Cihan Okay;Robert Raussendorf,,,,,,,Poster Presentation Session on Jan. 15 (Monday),,Source: https://qip.iaqi.org/2024/site/mypage.aspx?pid=263&lang=en&sid=1522.html,2024-01-15,,
QIP,2024,poster,A More Efficient Postprocessing Procedure for Evaluating Hamiltonian Expectation Values in VQE,,Chi-Chun Chen;Hsi-Sheng Goan,,,,,,,Poster Presentation Session on Jan. 15 (Monday),,Source: https://qip.iaqi.org/2024/site/mypage.aspx?pid=263&lang=en&sid=1522.html,2024-01-15,,
QIP,2024,poster,Distance-preserving stabilizer measurements in hypergraph product codes,,Argyris Manes;Jahan Claes,,,,,,,Poster Presentation Session on Jan. 15 (Monday),,Source: https://qip.iaqi.org/2024/site/mypage.aspx?pid=263&lang=en&sid=1522.html,2024-01-15,,
QIP,2024,poster,Dissipation-enabled bosonic Hamiltonian learning via new information-propagation bounds,,Tim Möbus;Andreas Bluhm;Matthias C. Caro;Albert H. Werner;Cambyse Rouzé,,,,,,,Poster Presentation Session on Jan. 15 (Monday),,Source: https://qip.iaqi.org/2024/site/mypage.aspx?pid=263&lang=en&sid=1522.html,2024-01-15,,
QIP,2024,poster,Arbitrary Polynomial Separations in Trainable Quantum Machine Learning,,Eric Anschuetz;Xun Gao,,,,,,,Poster Presentation Session on Jan. 15 (Monday),,Source: https://qip.iaqi.org/2024/site/mypage.aspx?pid=263&lang=en&sid=1522.html,2024-01-15,,
QIP,2024,poster,Quantum Event Learning and Gentle Random Measurements,,Adam Bene Watts;John Bostanci,,,,,,,Poster Presentation Session on Jan. 15 (Monday),,Source: https://qip.iaqi.org/2024/site/mypage.aspx?pid=263&lang=en&sid=1522.html,2024-01-15,,
QIP,2024,poster,Combinatorial NLTS From the Overlap Gap Property,,Eric Anschuetz;David Gamarnik;Bobak Kiani,,,,,,,Poster Presentation Session on Jan. 15 (Monday),,Source: https://qip.iaqi.org/2024/site/mypage.aspx?pid=263&lang=en&sid=1522.html,2024-01-15,,
QIP,2024,poster,High threshold codes for neutral atom qubits with biased erasure errors,,Kaavya Sahay;Junlan Jin;Jahan Claes;Jeff Thompson;Shruti Puri,,,,,,,Poster Presentation Session on Jan. 15 (Monday),,Source: https://qip.iaqi.org/2024/site/mypage.aspx?pid=263&lang=en&sid=1522.html,2024-01-15,,
QIP,2024,poster,Postselected quantum Shannon theory,,Kaiyuan Ji;Bartosz Regula;Ludovico Lami;Mark Wilde,,,,,,,Poster Presentation Session on Jan. 15 (Monday),,Source: https://qip.iaqi.org/2024/site/mypage.aspx?pid=263&lang=en&sid=1522.html,2024-01-15,,
QIP,2024,poster,A Knowledge Compilation Map for Quantum Information,,Lieuwe Vinkhuijzen;Tim Coopmans;Alfons Laarman,,,,,,,Poster Presentation Session on Jan. 15 (Monday),,Source: https://qip.iaqi.org/2024/site/mypage.aspx?pid=263&lang=en&sid=1522.html,2024-01-15,,
QIP,2024,poster,From barren plateaus through fertile valleys: Conic extensions of parameterised quantum circuits,,Lennart Binkowski;Gereon Koßmann;Tobias J. Osborne;René Schwonnek;Timo Ziegler,,,,,,,Poster Presentation Session on Jan. 15 (Monday),,Source: https://qip.iaqi.org/2024/site/mypage.aspx?pid=263&lang=en&sid=1522.html,2024-01-15,,
QIP,2024,poster,Expressive quantum circuits provide inherent privacy in federated learning,,Niraj Kumar;Jamie Heredge;Shaltiel Eloul;Changhao Li;Marco Pistoia;Shree Hari Sureshbabu,,,,,,,Poster Presentation Session on Jan. 15 (Monday),,Source: https://qip.iaqi.org/2024/site/mypage.aspx?pid=263&lang=en&sid=1522.html,2024-01-15,,
QIP,2024,poster,Real-time error mitigation for variational optimization on quantum hardware,,Matteo Robbiati;Andrea Papaluca;Alejandro Sopena;Stefano Carrazza,,,,,,,Poster Presentation Session on Jan. 15 (Monday),,Source: https://qip.iaqi.org/2024/site/mypage.aspx?pid=263&lang=en&sid=1522.html,2024-01-15,,
QIP,2024,poster,On the Quantum Automatability of Propositional Proof Systems,,Noel Arteche;Gaia Carenini;Matthew Gray,,,,,,,Poster Presentation Session on Jan. 15 (Monday),,Source: https://qip.iaqi.org/2024/site/mypage.aspx?pid=263&lang=en&sid=1522.html,2024-01-15,,
QIP,2024,poster,Fidelity-Based Divergence and Its Applications in Bounding Resource Distillation Rates,,Ludovico Lami;Theshani Nuradha Piliththuwasam Gallage;Bartosz Regula;Xin Wang;Mark Wilde,,,,,,,Poster Presentation Session on Jan. 15 (Monday),,Source: https://qip.iaqi.org/2024/site/mypage.aspx?pid=263&lang=en&sid=1522.html,2024-01-15,,
QIP,2024,poster,Bounds on the Rational Degree of Boolean Functions with Applications,,Vishnu Iyer;Siddhartha Jain;Vinayak Kumar;Michael Whitmeyer;Matt Kovacs-Deak;Luke Schaeffer;Daochen Wang,,,,,,,Poster Presentation Session on Jan. 15 (Monday),,Source: https://qip.iaqi.org/2024/site/mypage.aspx?pid=263&lang=en&sid=1522.html,2024-01-15,,
QIP,2024,poster,Simulation of quantum computation with magic states via Jordan-Wigner transformations,,Michael Zurel;Lawrence Cohen;Robert Raussendorf,,,,,,,Poster Presentation Session on Jan. 15 (Monday),,Source: https://qip.iaqi.org/2024/site/mypage.aspx?pid=263&lang=en&sid=1522.html,2024-01-15,,
QIP,2024,poster,Infinite Dimensional Asymmetric Quantum Channel Discrimination,,Bjarne Bergh;Jan Kochanowski;Robert Salzmann;Nilanjana Datta,,,,,,,Poster Presentation Session on Jan. 15 (Monday),,Source: https://qip.iaqi.org/2024/site/mypage.aspx?pid=263&lang=en&sid=1522.html,2024-01-15,,
QIP,2024,poster,Single-shot decoding of good quantum LDPC codes,,Shouzhen Gu;Eugene Tang;Libor Caha;Shin Ho Choe;Zhiyang He;Aleksander Kubica,,,,,,,Poster Presentation Session on Jan. 15 (Monday),,Source: https://qip.iaqi.org/2024/site/mypage.aspx?pid=263&lang=en&sid=1522.html,2024-01-15,,
QIP,2024,poster,Fault-tolerant hyperbolic Floquet quantum error correcting codes,,Ali Fahimniya;Hossein Dehghani;Kishor Bharti;Sheryl Mathew;Alicia Kollár;Alexey Gorshkov;Michael Gullans,,,,,,,Poster Presentation Session on Jan. 15 (Monday),,Source: https://qip.iaqi.org/2024/site/mypage.aspx?pid=263&lang=en&sid=1522.html,2024-01-15,,
QIP,2024,poster,Correcting spanning errors with a fractal code,,Georgia Nixon;Benjamin Brown,,,,,,,Poster Presentation Session on Jan. 15 (Monday),,Source: https://qip.iaqi.org/2024/site/mypage.aspx?pid=263&lang=en&sid=1522.html,2024-01-15,,
QIP,2024,poster,Understanding The QCNN Phase Recognition Algorithm,,Nathan McMahon;Michael J Hartmann,,,,,,,Poster Presentation Session on Jan. 15 (Monday),,Source: https://qip.iaqi.org/2024/site/mypage.aspx?pid=263&lang=en&sid=1522.html,2024-01-15,,
QIP,2024,poster,Sufficiency of Rényi divergences,,Niklas Galke;Lauritz van Luijk;Henrik Wilming,,,,,,,Poster Presentation Session on Jan. 15 (Monday),,Source: https://qip.iaqi.org/2024/site/mypage.aspx?pid=263&lang=en&sid=1522.html,2024-01-15,,
QIP,2024,poster,The importance of being Equivariant,,Paolo Braccia;Marco Cerezo;Frederic Sauvage;Martin Larocca;Quynh The Nguyen;Louis Schatzki;Micheal Ragone,,,,,,,Poster Presentation Session on Jan. 15 (Monday),,Source: https://qip.iaqi.org/2024/site/mypage.aspx?pid=263&lang=en&sid=1522.html,2024-01-15,,
QIP,2024,poster,Quantum wavelet transforms and fast quantum algorithm for differential equations,,Mohsen Bagherimehrab;Kouhei Nakaji;Nathan Wiebe;Alan Aspuru-Guzik,,,,,,,Poster Presentation Session on Jan. 15 (Monday),,Source: https://qip.iaqi.org/2024/site/mypage.aspx?pid=263&lang=en&sid=1522.html,2024-01-15,,
QIP,2024,poster,Approximation Algorithms for Quantum Max-d-Cut,,Zackary Jorquera;Steven Kordonowy;Stuart Wayland;Alexandra Kolla;Charlie Carlson,,,,,,,Poster Presentation Session on Jan. 15 (Monday),,Source: https://qip.iaqi.org/2024/site/mypage.aspx?pid=263&lang=en&sid=1522.html,2024-01-15,,
QIP,2024,poster,Hamiltonians whose low-energy states require Ω(n) T gates,,Nolan Coble;Matthew Coudron;Jon Nelson;Seyed Sajjad Nezhadi,,,,,,,Poster Presentation Session on Jan. 15 (Monday),,Source: https://qip.iaqi.org/2024/site/mypage.aspx?pid=263&lang=en&sid=1522.html,2024-01-15,,
QIP,2024,poster,Quantum secure non-malleable randomness encoder and its applications,,Rishabh Batra;Naresh Boddu;Rahul Jain,,,,,,,Poster Presentation Session on Jan. 15 (Monday),,Source: https://qip.iaqi.org/2024/site/mypage.aspx?pid=263&lang=en&sid=1522.html,2024-01-15,,
QIP,2024,poster,An efficient classical algorithm for expectation values in any noisy quantum circuit,,Thomas Schuster;Norman Y. Yao,,,,,,,Poster Presentation Session on Jan. 15 (Monday),,Source: https://qip.iaqi.org/2024/site/mypage.aspx?pid=263&lang=en&sid=1522.html,2024-01-15,,
QIP,2024,poster,Bell sampling from quantum circuits,,Dominik Hangleiter;Michael Gullans,,,,,,,Poster Presentation Session on Jan. 15 (Monday),,Source: https://qip.iaqi.org/2024/site/mypage.aspx?pid=263&lang=en&sid=1522.html,2024-01-15,,
QIP,2024,poster,Revocable Quantum Digital Signatures,,Tomoyuki Morimae;Alexander Poremba;Takashi Yamakawa,,,,,,,Poster Presentation Session on Jan. 15 (Monday),,Source: https://qip.iaqi.org/2024/site/mypage.aspx?pid=263&lang=en&sid=1522.html,2024-01-15,,
QIP,2024,poster,Tight bounds on Pauli channel learning without entanglement,,Senrui Chen;Changhun Oh;Sisi Zhou;Hsin-Yuan Huang;Liang Jiang,,,,,,,Poster Presentation Session on Jan. 15 (Monday),,Source: https://qip.iaqi.org/2024/site/mypage.aspx?pid=263&lang=en&sid=1522.html,2024-01-15,,
QIP,2024,poster,A Theory of Digital Quantum Simulations in the Low-Energy Subspace,,Weiyuan Gong;Tongyang Li;Shuo Zhou,,,,,,,Poster Presentation Session on Jan. 15 (Monday),,Source: https://qip.iaqi.org/2024/site/mypage.aspx?pid=263&lang=en&sid=1522.html,2024-01-15,,
QIP,2024,poster,Explicit orthogonal and unitary designs,,Ryan O'Donnell;Rocco Servedio;Pedro Paredes,,,,,,,Poster Presentation Session on Jan. 15 (Monday),,Source: https://qip.iaqi.org/2024/site/mypage.aspx?pid=263&lang=en&sid=1522.html,2024-01-15,,
QIP,2024,poster,Modular quantum signal processing in many variables,,Zane Rossi;Jack Ceroni;Isaac Chuang,,,,,,,Poster Presentation Session on Jan. 15 (Monday),,Source: https://qip.iaqi.org/2024/site/mypage.aspx?pid=263&lang=en&sid=1522.html,2024-01-15,,
QIP,2024,poster,QRAM: A survey and critique,,Samuel Jaques;Arthur Rattew,,,,,,,Poster Presentation Session on Jan. 15 (Monday),,Source: https://qip.iaqi.org/2024/site/mypage.aspx?pid=263&lang=en&sid=1522.html,2024-01-15,,
QIP,2024,poster,Pretty good measurement for bosonic Gaussian ensembles,,Hemant Mishra;Ludovico Lami;Prabha Mandayam;Mark Wilde,,,,,,,Poster Presentation Session on Jan. 15 (Monday),,Source: https://qip.iaqi.org/2024/site/mypage.aspx?pid=263&lang=en&sid=1522.html,2024-01-15,,
QIP,2024,poster,Propagation of Quantum Information in Tree Networks: Noise Thresholds for Infinite Propagation,,Shiv Akshar Yadavalli;Iman Marvian,,,,,,,Poster Presentation Session on Jan. 15 (Monday),,Source: https://qip.iaqi.org/2024/site/mypage.aspx?pid=263&lang=en&sid=1522.html,2024-01-15,,
QIP,2024,poster,Simulating Entanglement beyond Quantum Steering,,Yujie Zhang;Jiaxuan Zhang;Eric Chitambar,,,,,,,Poster Presentation Session on Jan. 15 (Monday),,Source: https://qip.iaqi.org/2024/site/mypage.aspx?pid=263&lang=en&sid=1522.html,2024-01-15,,
QIP,2024,poster,Time-Constrained Local Quantum State Discrimination,,Ian George;Rene Allerstorfer;Philip Verduyn Lunel;Eric Chitambar,,,,,,,Poster Presentation Session on Jan. 15 (Monday),,Source: https://qip.iaqi.org/2024/site/mypage.aspx?pid=263&lang=en&sid=1522.html,2024-01-15,,
QIP,2024,poster,An SU(2)-symmetric Semidefinite Programming Hierarchy for Quantum Max Cut,,Jun Takahashi;Chaithanya Rayudu;Cunlu Zhou;Robbie King;Kevin Thompson;Ojas Parekh,,,,,,,Poster Presentation Session on Jan. 15 (Monday),,Source: https://qip.iaqi.org/2024/site/mypage.aspx?pid=263&lang=en&sid=1522.html,2024-01-15,,
QIP,2024,poster,Topological signal processing on quantum computers for higher-order network analysis,,Caesnan M. G. Leditto;Angus Southwell;Behnam Tonekaboni;Gregory A. L. White;Muhammad Usman;Kavan Modi,,,,,,,Poster Presentation Session on Jan. 15 (Monday),,Source: https://qip.iaqi.org/2024/site/mypage.aspx?pid=263&lang=en&sid=1522.html,2024-01-15,,
QIP,2024,poster,A Cryptographic Perspective on the Verifiability of Quantum Advantage,,Nai-Hui Chia;Honghao Fu;Fang Song;Penghui Yao,,,,,,,Poster Presentation Session on Jan. 15 (Monday),,Source: https://qip.iaqi.org/2024/site/mypage.aspx?pid=263&lang=en&sid=1522.html,2024-01-15,,
QIP,2024,poster,Provable learning of quantum states with graphical models,,Liming Zhao;Naixu Guo;Ming-Xing Luo;Patrick Rebentrost,,,,,,,Poster Presentation Session on Jan. 15 (Monday),,Source: https://qip.iaqi.org/2024/site/mypage.aspx?pid=263&lang=en&sid=1522.html,2024-01-15,,
QIP,2024,poster,Quadratic Speedup in Finding Nash Equilibria of Quantum Zero-Sum Games,,Francisca Vasconcelos;Emmanouil-Vasileios Vlatakis-Gkaragkounis;Panayotis Mertikopoulos;Georgios Piliouras;Michael I. Jordan,,,,,,,Poster Presentation Session on Jan. 15 (Monday),,Source: https://qip.iaqi.org/2024/site/mypage.aspx?pid=263&lang=en&sid=1522.html,2024-01-15,,
QIP,2024,poster,"Error and Disturbance as Irreversibility with Applications: Unified Definition, Wigner—Araki—Yanase Theorem and Out-of-Time-Order Correlator",,Haruki Emori;Hiroyasu Tajima,,,,,,,Poster Presentation Session on Jan. 15 (Monday),,Source: https://qip.iaqi.org/2024/site/mypage.aspx?pid=263&lang=en&sid=1522.html,2024-01-15,,
QIP,2024,poster,The nonequilibrium cost of accurate information processing,,Giulio Chiribella;Fei Meng;Renato Renner;Man-Hong Yung,,,,,,,Poster Presentation Session on Jan. 15 (Monday),,Source: https://qip.iaqi.org/2024/site/mypage.aspx?pid=263&lang=en&sid=1522.html,2024-01-15,,
QIP,2024,poster,Split-State Non-Malleable Codes and Secret Sharing Schemes for Quantum Messages,,Naresh Goud Boddu;Vipul Goyal;Rahul Jain;Joao Ribeiro,,,,,,,Poster Presentation Session on Jan. 15 (Monday),,Source: https://qip.iaqi.org/2024/site/mypage.aspx?pid=263&lang=en&sid=1522.html,2024-01-15,,
QIP,2024,poster,Parity vs. shallow quantum circuits with simple classical postprocessing,,Joseph Slote,,,,,,,Poster Presentation Session on Jan. 15 (Monday),,Source: https://qip.iaqi.org/2024/site/mypage.aspx?pid=263&lang=en&sid=1522.html,2024-01-15,,
QIP,2024,poster,Local random quantum circuits form approximate designs on arbitrary architectures,,Shivan Mittal;Nicholas Hunter-Jones,,,,,,,Poster Presentation Session on Jan. 15 (Monday),,Source: https://qip.iaqi.org/2024/site/mypage.aspx?pid=263&lang=en&sid=1522.html,2024-01-15,,
QIP,2024,poster,Hardy-type paradoxes for an arbitrary symmetric bipartite Bell scenario,,Kai-Siang Chen;Shiladitya Mal;Gelo Noel Tabia;Yeong-Cherng Liang,,,,,,,Poster Presentation Session on Jan. 15 (Monday),,Source: https://qip.iaqi.org/2024/site/mypage.aspx?pid=263&lang=en&sid=1522.html,2024-01-15,,
QIP,2024,poster,Generalized Framework for Fermion-to-Qubit Mappings through Clifford Transformations,,Jeffery Yu;Yuan Liu;Sina Zeytinoglu;Troy Van Voorhis;Sho Sugiura,,,,,,,Poster Presentation Session on Jan. 15 (Monday),,Source: https://qip.iaqi.org/2024/site/mypage.aspx?pid=263&lang=en&sid=1522.html,2024-01-15,,
QIP,2024,poster,Hunting the Quantum Polymorphism,,Alexander Meiburg,,,,,,,Poster Presentation Session on Jan. 15 (Monday),,Source: https://qip.iaqi.org/2024/site/mypage.aspx?pid=263&lang=en&sid=1522.html,2024-01-15,,
QIP,2024,poster,Quantum Enhanced-Simulation Based Optimization for Newsvendor Problems,,Monit Sharma;Hoong Chuin Lau;Rudy Raymond,,,,,,,Poster Presentation Session on Jan. 15 (Monday),,Source: https://qip.iaqi.org/2024/site/mypage.aspx?pid=263&lang=en&sid=1522.html,2024-01-15,,
QIP,2024,poster,"How to Use Quantum State Indistinguishability Obfuscation: Copy-Protection, and More",,Sam Gunn;Andrea Coladangelo,,,,,,,Poster Presentation Session on Jan. 15 (Monday),,Source: https://qip.iaqi.org/2024/site/mypage.aspx?pid=263&lang=en&sid=1522.html,2024-01-15,,
QIP,2024,poster,Learning finitely correlated states: stability of the spectral reconstruction,,Marco Fanizza;Niklas Galke;Josep Lumbreras;Cambyse Rouzé;Andreas Winter,,,,,,,Poster Presentation Session on Jan. 15 (Monday),,Source: https://qip.iaqi.org/2024/site/mypage.aspx?pid=263&lang=en&sid=1522.html,2024-01-15,,
QIP,2024,poster,A little magic means a lot,,Andi Gu;Lorenzo Leone;Soumik Ghosh;Jens Eisert;Susanne Yelin;Yihui Quek,,,,,,,Poster Presentation Session on Jan. 15 (Monday),,Source: https://qip.iaqi.org/2024/site/mypage.aspx?pid=263&lang=en&sid=1522.html,2024-01-15,,
QIP,2024,poster,Device-independent certification of quantum devices beyond Born's rule,,Gelo Noel Tabia;Yeong-Cherng Liang;Jin-Yuan Zheng;Yueh-Ting Shih,,,,,,,Poster Presentation Session on Jan. 15 (Monday),,Source: https://qip.iaqi.org/2024/site/mypage.aspx?pid=263&lang=en&sid=1522.html,2024-01-15,,
QIP,2024,poster,Clifford Group and Unitary Designs under Symmetry,,Yosuke Mitsuhashi;Nobuyuki Yoshioka,,,,,,,Poster Presentation Session on Jan. 15 (Monday),,Source: https://qip.iaqi.org/2024/site/mypage.aspx?pid=263&lang=en&sid=1522.html,2024-01-15,,
QIP,2024,poster,Detecting Entanglement by State Preparation and a Fixed Measurement,,Jaemin Kim;Anindita Bera;Joonwoo Bae;Dariusz Chruscinski,,,,,,,Poster Presentation Session on Jan. 15 (Monday),,Source: https://qip.iaqi.org/2024/site/mypage.aspx?pid=263&lang=en&sid=1522.html,2024-01-15,,
QIP,2024,poster,On the Impossibility of General Parallel Fast-forwarding of Hamiltonian Simulation,,Nai-Hui Chia;Kai-Min Chung;Yao-Ching Hsieh;Han-Hsuan Lin;Yao-Ting Lin;Yu-Ching Shen,,,,,,,Poster Presentation Session on Jan. 15 (Monday),,Source: https://qip.iaqi.org/2024/site/mypage.aspx?pid=263&lang=en&sid=1522.html,2024-01-15,,
QIP,2024,poster,Total correlation as a touchstone of dynamical quantum phase transition,,Debasis Sadhukhan,,,,,,,Poster Presentation Session on Jan. 15 (Monday),,Source: https://qip.iaqi.org/2024/site/mypage.aspx?pid=263&lang=en&sid=1522.html,2024-01-15,,
QIP,2024,poster,A sharp phase transition in linear cross-entropy benchmarking,,Brayden Ware;Abhinav Deshpande;Dominik Hangleiter;Pradeep Niroula;Bill Fefferman;Alexey Gorshkov;Michael Gullans,,,,,,,Poster Presentation Session on Jan. 15 (Monday),,Source: https://qip.iaqi.org/2024/site/mypage.aspx?pid=263&lang=en&sid=1522.html,2024-01-15,,
QIP,2024,poster,A robust device-independent quantum protocol for bit commitment,,Rishabh Batra;Sayantan Chakraborty;Rahul Jain;Upendra Kapshikar,,,,,,,Poster Presentation Session on Jan. 15 (Monday),,Source: https://qip.iaqi.org/2024/site/mypage.aspx?pid=263&lang=en&sid=1522.html,2024-01-15,,
QIP,2024,poster,Near-Optimal Quantum Algorithm for Minimizing the Maximal Loss,,Hao Wang;Chenyi Zhang;Tongyang Li,,,,,,,Poster Presentation Session on Jan. 15 (Monday),,Source: https://qip.iaqi.org/2024/site/mypage.aspx?pid=263&lang=en&sid=1522.html,2024-01-15,,
QIP,2024,poster,On the power of geometrically-local classical and quantum circuits,,Kishor Bharti;Rahul Jain,,,,,,,Poster Presentation Session on Jan. 15 (Monday),,Source: https://qip.iaqi.org/2024/site/mypage.aspx?pid=263&lang=en&sid=1522.html,2024-01-15,,
QIP,2024,poster,Retrieving non-linear features from noisy quantum states,,Benchi Zhao;Mingrui Jing;Lei Zhang;Xuanqiang Zhao;Kun Wang;Xin Wang,,,,,,,Poster Presentation Session on Jan. 15 (Monday),,Source: https://qip.iaqi.org/2024/site/mypage.aspx?pid=263&lang=en&sid=1522.html,2024-01-15,,
QIP,2024,poster,Tractable nonlocal games and their theory of approximation algorithms,,Eric Culf;Hamoon Mousavi;Taro Spirig,,,,,,,Poster Presentation Session on Jan. 15 (Monday),,Source: https://qip.iaqi.org/2024/site/mypage.aspx?pid=263&lang=en&sid=1522.html,2024-01-15,,
QIP,2024,poster,Enhancing Quantum Key Distribution with Entanglement Distillation and Classical Advantage Distillation,,Shin Sun;Kenneth Goodenough;David Elkouss,,,,,,,Poster Presentation Session on Jan. 15 (Monday),,Source: https://qip.iaqi.org/2024/site/mypage.aspx?pid=263&lang=en&sid=1522.html,2024-01-15,,
QIP,2024,poster,A New Decoder and a Lower Bound on the Error Exponent for Classical-Quantum Channel Coding,,Salman Beigi;Marco Tomamichel,,,,,,,Poster Presentation Session on Jan. 16 (Tuesday),,Source: https://qip.iaqi.org/2024/site/mypage.aspx?pid=263&lang=en&sid=1522.html,2024-01-16,,
QIP,2024,poster,Quantum complexity theory meets TFNP: Product Quantum Satisfiability on qudits,,Marco Aldi;Sevag Gharibian;Dorian Rudolph,,,,,,,Poster Presentation Session on Jan. 16 (Tuesday),,Source: https://qip.iaqi.org/2024/site/mypage.aspx?pid=263&lang=en&sid=1522.html,2024-01-16,,
QIP,2024,poster,The Bethe Ansatz as a Quantum Circuit,,Roberto Ruiz;Alejandro Sopena;Max Hunter Gordon;Diego García-Martín;Esperanza López;Germán Sierra,,,,,,,Poster Presentation Session on Jan. 16 (Tuesday),,Source: https://qip.iaqi.org/2024/site/mypage.aspx?pid=263&lang=en&sid=1522.html,2024-01-16,,
QIP,2024,poster,Noise-induced absence of barren plateaus: Non-unital noise can be a friendly foe,,Antonio Anna Mele;Armando Angrisani;Jens Eisert;Soumik Ghosh;Yihui Quek;Daniel Stilck França,,,,,,,Poster Presentation Session on Jan. 16 (Tuesday),,Source: https://qip.iaqi.org/2024/site/mypage.aspx?pid=263&lang=en&sid=1522.html,2024-01-16,,
QIP,2024,poster,Efficiently verifiable quantum advantage on near-term analog quantum simulators,,Zhenning Liu;Dhruv Devulapalli;Dominik Hangleiter;Yi-Kai Liu;Alicia Kollár;Alexey Gorshkov;Andrew Childs,,,,,,,Poster Presentation Session on Jan. 16 (Tuesday),,Source: https://qip.iaqi.org/2024/site/mypage.aspx?pid=263&lang=en&sid=1522.html,2024-01-16,,
QIP,2024,poster,Parameterized quantum circuit approximation for smooth functions,,Zhan Yu;Qiuhao Chen;Yuling Jiao;Yinan Li;Xiliang Lu;Xin Wang;Jerry Zhijian Yang,,,,,,,Poster Presentation Session on Jan. 16 (Tuesday),,Source: https://qip.iaqi.org/2024/site/mypage.aspx?pid=263&lang=en&sid=1522.html,2024-01-16,,
QIP,2024,poster,Exponential speedups in electric flow sampling using multidimensional quantum walks,,Jianqiang Li;Sebastian Zur,,,,,,,Poster Presentation Session on Jan. 16 (Tuesday),,Source: https://qip.iaqi.org/2024/site/mypage.aspx?pid=263&lang=en&sid=1522.html,2024-01-16,,
QIP,2024,poster,Impossibility of Statistical NIZK in the Quantum Setting,,Chuhan Lu;Nikhil Pappu,,,,,,,Poster Presentation Session on Jan. 16 (Tuesday),,Source: https://qip.iaqi.org/2024/site/mypage.aspx?pid=263&lang=en&sid=1522.html,2024-01-16,,
QIP,2024,poster,Exploring the Combined Effects of Bosonic Photon Loss and Dephasing: Anti-degradibility and Quantum Capacities,,Vittorio Giovannetti;Ludovico Lami;Francesco Anna Mele;Farzin Salek,,,,,,,Poster Presentation Session on Jan. 16 (Tuesday),,Source: https://qip.iaqi.org/2024/site/mypage.aspx?pid=263&lang=en&sid=1522.html,2024-01-16,,
QIP,2024,poster,Optimal compilation of parametrised quantum circuits,,John van de Wetering;Richie Yeung;Aleks Kissinger,,,,,,,Poster Presentation Session on Jan. 16 (Tuesday),,Source: https://qip.iaqi.org/2024/site/mypage.aspx?pid=263&lang=en&sid=1522.html,2024-01-16,,
QIP,2024,poster,Non-destructive quantum state discrimination with local operations,,Youngrong Lim;Minki Hhan;Hyukjoon Kwon,,,,,,,Poster Presentation Session on Jan. 16 (Tuesday),,Source: https://qip.iaqi.org/2024/site/mypage.aspx?pid=263&lang=en&sid=1522.html,2024-01-16,,
QIP,2024,poster,Architecture-Aware Synthesis of Stabilizer Circuits from Clifford Tableaus,,David Winderl;Qunsheng Huang;Arianne Meijer van de Griend;Richie Yeung,,,,,,,Poster Presentation Session on Jan. 16 (Tuesday),,Source: https://qip.iaqi.org/2024/site/mypage.aspx?pid=263&lang=en&sid=1522.html,2024-01-16,,
QIP,2024,poster,Incorporating Zero-Probability Constraints to Device-Independent Randomness Certification,,Chun-Yu Chen;Kai-Siang Chen;Kai-Min Chung;Min-Hsiu Hsieh;Yeong-Cherng Liang;Gelo Noel Tabia,,,,,,,Poster Presentation Session on Jan. 16 (Tuesday),,Source: https://qip.iaqi.org/2024/site/mypage.aspx?pid=263&lang=en&sid=1522.html,2024-01-16,,
QIP,2024,poster,Efficient classical simulation of open quantum systems at small hbar,,Daniel Ranard;Jess Riedel;Felipe Hernández,,,,,,,Poster Presentation Session on Jan. 16 (Tuesday),,Source: https://qip.iaqi.org/2024/site/mypage.aspx?pid=263&lang=en&sid=1522.html,2024-01-16,,
QIP,2024,poster,Iterative Refinement for more efficient tomography and quantum linear equation solving,,Mohammadhossein Mohammadisiahroudi;Brandon Augustino;András Gilyén;Ramin Fakhimi;Giacomo Nannicini;Tamás Terlaky,,,,,,,Poster Presentation Session on Jan. 16 (Tuesday),,Source: https://qip.iaqi.org/2024/site/mypage.aspx?pid=263&lang=en&sid=1522.html,2024-01-16,,
QIP,2024,poster,Fault-tolerant belief propagation decoding of general quantum codes,,Kao-Yueh Kuo;Ching-Yi Lai,,,,,,,Poster Presentation Session on Jan. 16 (Tuesday),,Source: https://qip.iaqi.org/2024/site/mypage.aspx?pid=263&lang=en&sid=1522.html,2024-01-16,,
QIP,2024,poster,Unconditional Quantum Advantage for Sampling with Shallow Quantum Circuits,,Natalie Parham;Adam Bene Watts,,,,,,,Poster Presentation Session on Jan. 16 (Tuesday),,Source: https://qip.iaqi.org/2024/site/mypage.aspx?pid=263&lang=en&sid=1522.html,2024-01-16,,
QIP,2024,poster,Subsystem CSS codes over prime fields,,Michael Liu;Nathanan Tantivasadakarn;Victor Albert,,,,,,,Poster Presentation Session on Jan. 16 (Tuesday),,Source: https://qip.iaqi.org/2024/site/mypage.aspx?pid=263&lang=en&sid=1522.html,2024-01-16,,
QIP,2024,poster,Explicability and Inexplicability in the Interpretation of Quantum Neural Networks,,Lirandë Pira;Chris Ferrie,,,,,,,Poster Presentation Session on Jan. 16 (Tuesday),,Source: https://qip.iaqi.org/2024/site/mypage.aspx?pid=263&lang=en&sid=1522.html,2024-01-16,,
QIP,2024,poster,Advanced zero noise extrapolation for quantum error mitigation,,An Ning,,,,,,,Poster Presentation Session on Jan. 16 (Tuesday),,Source: https://qip.iaqi.org/2024/site/mypage.aspx?pid=263&lang=en&sid=1522.html,2024-01-16,,
QIP,2024,poster,Quantum Enhanced Inference of Conditional Future Probabilities in Stochastic Processes,,Jianjun Chen;Chengran Yang;Mile Gu,,,,,,,Poster Presentation Session on Jan. 16 (Tuesday),,Source: https://qip.iaqi.org/2024/site/mypage.aspx?pid=263&lang=en&sid=1522.html,2024-01-16,,
QIP,2024,poster,Superstaq: Deep Optimization of Quantum Programs,,Victory Omole,,,,,,,Poster Presentation Session on Jan. 16 (Tuesday),,Source: https://qip.iaqi.org/2024/site/mypage.aspx?pid=263&lang=en&sid=1522.html,2024-01-16,,
QIP,2024,poster,Hybrid Quantum Neural Network in High-dimensional Data Classification,,Hao-Yuan Chen;Shih-Wei Liao;Ching-Ray Chang,,,,,,,Poster Presentation Session on Jan. 16 (Tuesday),,Source: https://qip.iaqi.org/2024/site/mypage.aspx?pid=263&lang=en&sid=1522.html,2024-01-16,,
QIP,2024,poster,Mitigation of the Detection Efficiency Loophole through Quantum Computer Simulations,,Owen Chen,,,,,,,Poster Presentation Session on Jan. 16 (Tuesday),,Source: https://qip.iaqi.org/2024/site/mypage.aspx?pid=263&lang=en&sid=1522.html,2024-01-16,,
QIP,2024,poster,Quantum networks with coherent routing of information through multiple nodes,,Hlér Kristjánsson;Yan Zhong;Anthony Munson;Giulio Chiribella,,,,,,,Poster Presentation Session on Jan. 16 (Tuesday),,Source: https://qip.iaqi.org/2024/site/mypage.aspx?pid=263&lang=en&sid=1522.html,2024-01-16,,
QIP,2024,poster,MNISQ: A Large-Scale Quantum Circuit Dataset for Machine Learning on/for Quantum Computers in the NISQ Era,,Leonardo Placidi;Ryuichiro Hataya;Toshio Mori;Koki Aoyama;Hayata Morisaki;Kosuke Mitarai;Keisuke Fujii,,,,,,,Poster Presentation Session on Jan. 16 (Tuesday),,Source: https://qip.iaqi.org/2024/site/mypage.aspx?pid=263&lang=en&sid=1522.html,2024-01-16,,
QIP,2024,poster,Exact and local compression of quantum bipartite states,,Kohtaro Kato,,,,,,,Poster Presentation Session on Jan. 16 (Tuesday),,Source: https://qip.iaqi.org/2024/site/mypage.aspx?pid=263&lang=en&sid=1522.html,2024-01-16,,
QIP,2024,poster,A Graphical Language for Computer-aided Design and Synthesis of Quantum Algorithms,,Gal Winer;Lior Gazit,,,,,,,Poster Presentation Session on Jan. 16 (Tuesday),,Source: https://qip.iaqi.org/2024/site/mypage.aspx?pid=263&lang=en&sid=1522.html,2024-01-16,,
QIP,2024,poster,Bayesian quantum phase difference estimation simulations for the direct calculation of fine structure splitting,,Kenji Sugisaki;V. S. Prasannaa;Satoshi Ohshima;Takahiro Katagiri;Yuji Mochizuki;B. K. Sahoo;B. P. Das,,,,,,,Poster Presentation Session on Jan. 16 (Tuesday),,Source: https://qip.iaqi.org/2024/site/mypage.aspx?pid=263&lang=en&sid=1522.html,2024-01-16,,
QIP,2024,poster,Postselection-free Learning of Measurement-Induced Dynamics,,Max McGinley,,,,,,,Poster Presentation Session on Jan. 16 (Tuesday),,Source: https://qip.iaqi.org/2024/site/mypage.aspx?pid=263&lang=en&sid=1522.html,2024-01-16,,
QIP,2024,poster,L0-Regularised Compressed Sensing with Closed-loop Coherent Ising Machines,,Sudeera Hasaranga Gunathilaka Mastiyage Don;Satoshi Kako;Yoshitaka Inui;Kazushi Mimura;Masato Okada;Yoshihisa Yamamoto;Toru Aonishi,,,,,,,Poster Presentation Session on Jan. 16 (Tuesday),,Source: https://qip.iaqi.org/2024/site/mypage.aspx?pid=263&lang=en&sid=1522.html,2024-01-16,,
QIP,2024,poster,Utilizing Novel Quantum Counters for Grover’s Algorithm to Solve the Dominating Set Problem,,Jehn-Ruey Jiang;Qiao-Yi Lin,,,,,,,Poster Presentation Session on Jan. 16 (Tuesday),,Source: https://qip.iaqi.org/2024/site/mypage.aspx?pid=263&lang=en&sid=1522.html,2024-01-16,,
QIP,2024,poster,Quantum superposition of causal structures as a universal resource for local implementation of nonlocal quantum operations,,Pratik Ghosal;Arkaprabha Ghosal;Debarshi Das;Ananda Maity,,,,,,,Poster Presentation Session on Jan. 16 (Tuesday),,Source: https://qip.iaqi.org/2024/site/mypage.aspx?pid=263&lang=en&sid=1522.html,2024-01-16,,
QIP,2024,poster,Quantum signal processing over SU(N): exponential speed-up for polynomial transformations under Shor-like assumptions,,Lorenzo Laneve,,,,,,,Poster Presentation Session on Jan. 16 (Tuesday),,Source: https://qip.iaqi.org/2024/site/mypage.aspx?pid=263&lang=en&sid=1522.html,2024-01-16,,
QIP,2024,poster,Device-independent and robust certification of quantum gates,,Jan Nöller;Nikolai Miklin;Martin Kliesch;Mariami Gachechiladze,,,,,,,Poster Presentation Session on Jan. 16 (Tuesday),,Source: https://qip.iaqi.org/2024/site/mypage.aspx?pid=263&lang=en&sid=1522.html,2024-01-16,,
QIP,2024,poster,Characterization of Quantum Gate Errors on IBM-Q Superconducting Devices,,Li-Chai Shih;Yuan-Chung Cheng,,,,,,,Poster Presentation Session on Jan. 16 (Tuesday),,Source: https://qip.iaqi.org/2024/site/mypage.aspx?pid=263&lang=en&sid=1522.html,2024-01-16,,
QIP,2024,poster,Quantum Similarity Testing with Convolutional Neural Networks,,Yadong Wu;Yan Zhu;Ge Bai;Yuexuan Wang;Giulio Chiribella,,,,,,,Poster Presentation Session on Jan. 16 (Tuesday),,Source: https://qip.iaqi.org/2024/site/mypage.aspx?pid=263&lang=en&sid=1522.html,2024-01-16,,
QIP,2024,poster,Optimizing Quantum Algorithms with Truncated Series for Error Reduction and Depth Minimization,,Qi Zhao;Yue Wang,,,,,,,Poster Presentation Session on Jan. 16 (Tuesday),,Source: https://qip.iaqi.org/2024/site/mypage.aspx?pid=263&lang=en&sid=1522.html,2024-01-16,,
QIP,2024,poster,Strictly local Union-Find,,Tim Chan;Simon Benjamin,,,,,,,Poster Presentation Session on Jan. 16 (Tuesday),,Source: https://qip.iaqi.org/2024/site/mypage.aspx?pid=263&lang=en&sid=1522.html,2024-01-16,,
QIP,2024,poster,Robust and Space-Efficient Dual Adversary Quantum Query Algorithms,,Michael Czekanski;Shelby Kimmel;R. Teal Witter,,,,,,,Poster Presentation Session on Jan. 16 (Tuesday),,Source: https://qip.iaqi.org/2024/site/mypage.aspx?pid=263&lang=en&sid=1522.html,2024-01-16,,
QIP,2024,poster,Virtual quantum error detection,,Kento Tsubouchi;Yasunari Suzuki;Yuuki Tokunaga;Nobuyuki Yoshioka;Suguru Endo,,,,,,,Poster Presentation Session on Jan. 16 (Tuesday),,Source: https://qip.iaqi.org/2024/site/mypage.aspx?pid=263&lang=en&sid=1522.html,2024-01-16,,
QIP,2024,poster,Simulating quantum dynamics on a trapped-ion quantum computer,,Yi-Hsiang Chen,,,,,,,Poster Presentation Session on Jan. 16 (Tuesday),,Source: https://qip.iaqi.org/2024/site/mypage.aspx?pid=263&lang=en&sid=1522.html,2024-01-16,,
QIP,2024,poster,Inverse design of metasurfaces for narrow-band absorption using Quantum Generative Adversarial Networks,,Sreeraj Warrier;Jayasri Dontabhaktuni,,,,,,,Poster Presentation Session on Jan. 16 (Tuesday),,Source: https://qip.iaqi.org/2024/site/mypage.aspx?pid=263&lang=en&sid=1522.html,2024-01-16,,
QIP,2024,poster,Scalable Quantum Computation of Highly Excited Eigenstates with Spectral Transforms,,Shao Hen Chiew;Leong Chuan Kwek,,,,,,,Poster Presentation Session on Jan. 16 (Tuesday),,Source: https://qip.iaqi.org/2024/site/mypage.aspx?pid=263&lang=en&sid=1522.html,2024-01-16,,
QIP,2024,poster,Extended Quantum Circuit Diagrams,,William Schober,,,,,,,Poster Presentation Session on Jan. 16 (Tuesday),,Source: https://qip.iaqi.org/2024/site/mypage.aspx?pid=263&lang=en&sid=1522.html,2024-01-16,,
QIP,2024,poster,Deep thermalization in random quantum circuits with U(1) symmetry,,Rui-An Chang;Matteo Ippoliti,,,,,,,Poster Presentation Session on Jan. 16 (Tuesday),,Source: https://qip.iaqi.org/2024/site/mypage.aspx?pid=263&lang=en&sid=1522.html,2024-01-16,,
QIP,2024,poster,Recursive Quantum Eigenvalue/Singular-Value Transformation: Matrix Sign Functions by Newton Iteration,,Kaoru Mizuta;Keisuke Fujii,,,,,,,Poster Presentation Session on Jan. 16 (Tuesday),,Source: https://qip.iaqi.org/2024/site/mypage.aspx?pid=263&lang=en&sid=1522.html,2024-01-16,,
QIP,2024,poster,Learning and Discovering Quantum Properties with Multi-Task Neural Networks,,Ya-Dong Wu;Yan Zhu;Yuexuan Wang;Giulio Chiribella,,,,,,,Poster Presentation Session on Jan. 16 (Tuesday),,Source: https://qip.iaqi.org/2024/site/mypage.aspx?pid=263&lang=en&sid=1522.html,2024-01-16,,
QIP,2024,poster,Flexible Error Mitigation of Quantum Processes with Data Augmentation Empowered Neural Model,,Manwen Liao;Yan Zhu;Giulio Chiribella;Yuxiang Yang,,,,,,,Poster Presentation Session on Jan. 16 (Tuesday),,Source: https://qip.iaqi.org/2024/site/mypage.aspx?pid=263&lang=en&sid=1522.html,2024-01-16,,
QIP,2024,poster,Prospects of Multivariable Quantum Signal Processing,,Hitomi Mori;Kaoru Mizuta;Keisuke Fujii,,,,,,,Poster Presentation Session on Jan. 16 (Tuesday),,Source: https://qip.iaqi.org/2024/site/mypage.aspx?pid=263&lang=en&sid=1522.html,2024-01-16,,
QIP,2024,poster,Enhancing Noise Tolerance of Quantum Algorithms using Clustering Techniques and Parameterized Quantum Circuits,,Mengzhen Ren;Yu-Cheng Chen;Alice Hu,,,,,,,Poster Presentation Session on Jan. 16 (Tuesday),,Source: https://qip.iaqi.org/2024/site/mypage.aspx?pid=263&lang=en&sid=1522.html,2024-01-16,,
QIP,2024,poster,A variational quantum algorithm for binary sentiment analysis,,Emil Dimitrov;Conor Dunne;Venkatesh Kannan;Yanis Lalou;Pablo Lauret Martínez de Rituerto;Pablo Suárez Vieites;Antonio Villalpando;Richard Wolf;Daiga Deksne;Mārcis Pinnis,,,,,,,Poster Presentation Session on Jan. 16 (Tuesday),,Source: https://qip.iaqi.org/2024/site/mypage.aspx?pid=263&lang=en&sid=1522.html,2024-01-16,,
QIP,2024,poster,Quantum Error Correction with Hyperinvariant Tensor-Network (HTN) Codes,,Matthew Steinberg;Rob Harris;David Elkouss;Alexander Jahn;Sebastian Feld,,,,,,,Poster Presentation Session on Jan. 16 (Tuesday),,Source: https://qip.iaqi.org/2024/site/mypage.aspx?pid=263&lang=en&sid=1522.html,2024-01-16,,
QIP,2024,poster,Why we care (about quantum machine learning),,Richard Wolf,,,,,,,Poster Presentation Session on Jan. 16 (Tuesday),,Source: https://qip.iaqi.org/2024/site/mypage.aspx?pid=263&lang=en&sid=1522.html,2024-01-16,,
QIP,2024,poster,Estimation of Quantum Entropies using Quantum Convolutional Neural Networks,,Myeongjin Shin;Junseo Lee;Kabgyun Jeong,,,,,,,Poster Presentation Session on Jan. 16 (Tuesday),,Source: https://qip.iaqi.org/2024/site/mypage.aspx?pid=263&lang=en&sid=1522.html,2024-01-16,,
QIP,2024,poster,qLDPC: an open-source Python library for quantum low-density parity check codes,,Michael A. Perlin,,,,,,,Poster Presentation Session on Jan. 16 (Tuesday),,Source: https://qip.iaqi.org/2024/site/mypage.aspx?pid=263&lang=en&sid=1522.html,2024-01-16,,
QIP,2024,poster,Non-unitary Ground State Searching by Cosine Filtering facilitated by variational method,,Xiaoyu Zhu,,,,,,,Poster Presentation Session on Jan. 16 (Tuesday),,Source: https://qip.iaqi.org/2024/site/mypage.aspx?pid=263&lang=en&sid=1522.html,2024-01-16,,
QIP,2024,poster,Deterministic Gaussian Conversions,,Oliver Hahn;Patric Holmvall;Giulia Ferrini;Alessandro Ferraro,,,,,,,Poster Presentation Session on Jan. 16 (Tuesday),,Source: https://qip.iaqi.org/2024/site/mypage.aspx?pid=263&lang=en&sid=1522.html,2024-01-16,,
QIP,2024,poster,Measurement of qubits by using quantum dots via mediated electron system,,Tetsufumi Tanamoto,,,,,,,Poster Presentation Session on Jan. 16 (Tuesday),,Source: https://qip.iaqi.org/2024/site/mypage.aspx?pid=263&lang=en&sid=1522.html,2024-01-16,,
QIP,2024,poster,Microscopic studies on superconducting devices,,Yun-Chih Liao,,,,,,,Poster Presentation Session on Jan. 16 (Tuesday),,Source: https://qip.iaqi.org/2024/site/mypage.aspx?pid=263&lang=en&sid=1522.html,2024-01-16,,
QIP,2024,poster,Quantum Dueling: An efficient solution for combinatorial optimization,,Letian Tang;Haorui Wang;Zhengyang Li;Haozhan Tang;Chi Zhang;Shujin Li,,,,,,,Poster Presentation Session on Jan. 16 (Tuesday),,Source: https://qip.iaqi.org/2024/site/mypage.aspx?pid=263&lang=en&sid=1522.html,2024-01-16,,
QIP,2024,poster,Quantum metrology: A cost-conscious perspective,,Yink Loong Len;Tejas Acharya;Alexia Auffeves;Hui Khoon Ng,,,,,,,Poster Presentation Session on Jan. 16 (Tuesday),,Source: https://qip.iaqi.org/2024/site/mypage.aspx?pid=263&lang=en&sid=1522.html,2024-01-16,,
QIP,2024,poster,Simulating quantum transport via collisional models on a digital quantum computer,,Rebecca Erbanni;Xiansong Xu;Tommaso Demarie;Dario Poletti,,,,,,,Poster Presentation Session on Jan. 16 (Tuesday),,Source: https://qip.iaqi.org/2024/site/mypage.aspx?pid=263&lang=en&sid=1522.html,2024-01-16,,
QIP,2024,poster,Stability of many-body localization in perturbed Floquet Clifford circuits,,Marcell Dorian Kovacs;Lluis Masanes;Arijeet Pal,,,,,,,Poster Presentation Session on Jan. 16 (Tuesday),,Source: https://qip.iaqi.org/2024/site/mypage.aspx?pid=263&lang=en&sid=1522.html,2024-01-16,,
QIP,2024,poster,A Linear Depth Verifier Circuit for the Quantum Fourier Transform,,Anastasia Moroz;Marcell Dorian Kovacs;Angus Mingare,,,,,,,Poster Presentation Session on Jan. 16 (Tuesday),,Source: https://qip.iaqi.org/2024/site/mypage.aspx?pid=263&lang=en&sid=1522.html,2024-01-16,,
QIP,2024,poster,Calibrating entangling gates with robust phase estimation,,John Paul Marceaux;Kenneth Rudinger;Akel Hashim;Kevin C. Young,,,,,,,Poster Presentation Session on Jan. 16 (Tuesday),,Source: https://qip.iaqi.org/2024/site/mypage.aspx?pid=263&lang=en&sid=1522.html,2024-01-16,,
QIP,2024,poster,Distributing Entanglement over Separable Networks,,Karthik Mohan;Sung Won Yun;Joonwoo Bae,,,,,,,Poster Presentation Session on Jan. 16 (Tuesday),,Source: https://qip.iaqi.org/2024/site/mypage.aspx?pid=263&lang=en&sid=1522.html,2024-01-16,,
QIP,2024,poster,Wavefunction branching: when you can't tell pure states from mixed states,,Jordan Taylor;Ian McCulloch,,,,,,,Poster Presentation Session on Jan. 16 (Tuesday),,Source: https://qip.iaqi.org/2024/site/mypage.aspx?pid=263&lang=en&sid=1522.html,2024-01-16,,
QIP,2024,poster,Unsupervised learning of quantum many-body scars using intrinsic dimension,,Harvey Cao;Daniel Leykam;Dimitris Angelakis,,,,,,,Poster Presentation Session on Jan. 16 (Tuesday),,Source: https://qip.iaqi.org/2024/site/mypage.aspx?pid=263&lang=en&sid=1522.html,2024-01-16,,
QIP,2024,poster,Nonlocal quantum state ensembles and quantum data hiding,,Donghoon Ha;Jeong San Kim,,,,,,,Poster Presentation Session on Jan. 16 (Tuesday),,Source: https://qip.iaqi.org/2024/site/mypage.aspx?pid=263&lang=en&sid=1522.html,2024-01-16,,
QIP,2024,poster,Hidden Quantum Memory: Is Memory There When Somebody Looks?,,Philip Taranto;Thomas Elliot;Simon Milz,,,,,,,Poster Presentation Session on Jan. 16 (Tuesday),,Source: https://qip.iaqi.org/2024/site/mypage.aspx?pid=263&lang=en&sid=1522.html,2024-01-16,,
QIP,2024,poster,Unification and Improvement of Quantum Error Mitigation Methods via Generalized Quantum Subspace Expansion,,Shigeo Hakkaku;Nobuyuki Yoshioka;Yuuki Tokunaga;Suguru Endo,,,,,,,Poster Presentation Session on Jan. 16 (Tuesday),,Source: https://qip.iaqi.org/2024/site/mypage.aspx?pid=263&lang=en&sid=1522.html,2024-01-16,,
QIP,2024,poster,Families of CSS and Quantum LDPC Codes beating the Surface Code,,Nikolaos Koukoulekidis;Francisco Revson Fernandes Pereira;Martin Leib,,,,,,,Poster Presentation Session on Jan. 16 (Tuesday),,Source: https://qip.iaqi.org/2024/site/mypage.aspx?pid=263&lang=en&sid=1522.html,2024-01-16,,
QIP,2024,poster,All-optical state preparation of bosonic quantum error correcting codes,,Matthew Winnel,,,,,,,Poster Presentation Session on Jan. 16 (Tuesday),,Source: https://qip.iaqi.org/2024/site/mypage.aspx?pid=263&lang=en&sid=1522.html,2024-01-16,,
QIP,2024,poster,Quantum Physics Meets Natural Language Processing: A Survey and Categorization,,Sixuan Wu,,,,,,,Poster Presentation Session on Jan. 16 (Tuesday),,Source: https://qip.iaqi.org/2024/site/mypage.aspx?pid=263&lang=en&sid=1522.html,2024-01-16,,
QIP,2024,poster,MODULAR ARCHITECTURES AND ENTANGLEMENT SCHEMES FOR ERROR-CORRECTED DISTRIBUTED QUANTUM COMPUTING,,Siddhant Singh;Fenglei Gu;Sebastian de Bone;Johannes Borregaard;David Elkouss,,,,,,,Poster Presentation Session on Jan. 16 (Tuesday),,Source: https://qip.iaqi.org/2024/site/mypage.aspx?pid=263&lang=en&sid=1522.html,2024-01-16,,
QIP,2024,poster,Hierarchical Entanglement Structure of Quantum Impurity Systems,,Donghoon Kim;Minsoo Kim;Jeongmin Shim;Heung-Sun Sim,,,,,,,Poster Presentation Session on Jan. 16 (Tuesday),,Source: https://qip.iaqi.org/2024/site/mypage.aspx?pid=263&lang=en&sid=1522.html,2024-01-16,,
QIP,2024,poster,Quantum dynamics with overlapping qubits,,Lauren Hsing-Tze Li;Jonah Kudler-Flam;Stefan Kehrein;Sarang Gopalakrishnan,,,,,,,Poster Presentation Session on Jan. 16 (Tuesday),,Source: https://qip.iaqi.org/2024/site/mypage.aspx?pid=263&lang=en&sid=1522.html,2024-01-16,,
QIP,2024,poster,Imperfect Erasure Detection on Surface Code performance,,Kathleen Chang;Shraddha Singh;Kaavya Sahay;Jahan Claes;Shruti Puri,,,,,,,Poster Presentation Session on Jan. 16 (Tuesday),,Source: https://qip.iaqi.org/2024/site/mypage.aspx?pid=263&lang=en&sid=1522.html,2024-01-16,,
QIP,2024,poster,Generalized spectral mapping theorem,,Chusei Kiumi;Akito Suzuki;Yohei Tanaka,,,,,,,Poster Presentation Session on Jan. 16 (Tuesday),,Source: https://qip.iaqi.org/2024/site/mypage.aspx?pid=263&lang=en&sid=1522.html,2024-01-16,,
QIP,2024,poster,Error correctable efficient quantum homomorphic encryption,,Il Kwon Sohn;Boseon Kim;Kwangil Bae;Wonhyuk Lee,,,,,,,Poster Presentation Session on Jan. 16 (Tuesday),,Source: https://qip.iaqi.org/2024/site/mypage.aspx?pid=263&lang=en&sid=1522.html,2024-01-16,,
QIP,2024,poster,Monte Carlo Simulation for Radiation Therapy with Iterative Quantum Amplitude Estimation,,Hyeonseong Jung;Uimin Lee;Pamul Yadav;Junyong Lee;Shiho Kim,,,,,,,Poster Presentation Session on Jan. 16 (Tuesday),,Source: https://qip.iaqi.org/2024/site/mypage.aspx?pid=263&lang=en&sid=1522.html,2024-01-16,,
QIP,2024,poster,Utilizing Graph Sparsification for Pre-processing in Maxcut QUBO Solver,,Vorapong Suppakitpaisarn;Jin-Kao Hao,,,,,,,Poster Presentation Session on Jan. 16 (Tuesday),,Source: https://qip.iaqi.org/2024/site/mypage.aspx?pid=263&lang=en&sid=1522.html,2024-01-16,,
QIP,2024,poster,Device-independent certification of desirable properties with a confidence interval,,Wan-Guan Chang;Kai-Chun Chen;Kai-Siang Chen;Yeong-Cherng Liang,,,,,,,Poster Presentation Session on Jan. 16 (Tuesday),,Source: https://qip.iaqi.org/2024/site/mypage.aspx?pid=263&lang=en&sid=1522.html,2024-01-16,,
QIP,2024,poster,Emergent non-Markovianity and dynamical quantification of the quantum switch,,Vishal Anand;Ananda Gopal Maity;Subhadip Mitra;Samyadeb Bhattacharya,,,,,,,Poster Presentation Session on Jan. 16 (Tuesday),,Source: https://qip.iaqi.org/2024/site/mypage.aspx?pid=263&lang=en&sid=1522.html,2024-01-16,,
QIP,2024,poster,Predicting adaptively-chosen observables in quantum systems,,Jerry Huang;Laura Lewis;Hsin-Yuan Huang;John Preskill,,,,,,,Poster Presentation Session on Jan. 16 (Tuesday),,Source: https://qip.iaqi.org/2024/site/mypage.aspx?pid=263&lang=en&sid=1522.html,2024-01-16,,
QIP,2024,poster,Exploring the possibilities of a Quantum Walk-based Algorithm for Efficient Node Search in a Binary Tree,,Pamul Yadav;Junyong Lee;Uimin Lee;Hyeonseong Jung;Shiho Kim,,,,,,,Poster Presentation Session on Jan. 16 (Tuesday),,Source: https://qip.iaqi.org/2024/site/mypage.aspx?pid=263&lang=en&sid=1522.html,2024-01-16,,
QIP,2024,poster,Construction of new type of CNOT gate using cross-resonance pulse in the tunable transmon-PPQ system,,Jeongsoo Kang;Chanpyo Kim;Younghun Kwon,,,,,,,Poster Presentation Session on Jan. 16 (Tuesday),,Source: https://qip.iaqi.org/2024/site/mypage.aspx?pid=263&lang=en&sid=1522.html,2024-01-16,,
QIP,2024,poster,Tailoring Non-Stabilizer Simulations for Analyzing Fault-Tolerant Error-Correction Codes,,Mark Myers II;Hui Khoon Ng;Mariesa Teo;Jing Hao Chai,,,,,,,Poster Presentation Session on Jan. 16 (Tuesday),,Source: https://qip.iaqi.org/2024/site/mypage.aspx?pid=263&lang=en&sid=1522.html,2024-01-16,,
QIP,2024,poster,Simulating sparse and shallow Gaussian Boson Sampling,,Zoltán Kolarovszki;Ágoston Kaposi;Tamás Kozsik;Zoltán Zimborás,,,,,,,Poster Presentation Session on Jan. 16 (Tuesday),,Source: https://qip.iaqi.org/2024/site/mypage.aspx?pid=263&lang=en&sid=1522.html,2024-01-16,,
QIP,2024,poster,Quantum Algorithm for Regularized Spectral Clustering,,Changzhou Long;Yasunori Futamura;Xiucai Ye;Tetsuya Sakurai,,,,,,,Poster Presentation Session on Jan. 16 (Tuesday),,Source: https://qip.iaqi.org/2024/site/mypage.aspx?pid=263&lang=en&sid=1522.html,2024-01-16,,
QIP,2024,poster,A Hybrid Quantum-Classical Algorithm for Sentiment Classification,,Sixuan Wu,,,,,,,Poster Presentation Session on Jan. 16 (Tuesday),,Source: https://qip.iaqi.org/2024/site/mypage.aspx?pid=263&lang=en&sid=1522.html,2024-01-16,,
QIP,2024,poster,Erasure-tolerance protocol for the surface codes on Rydberg atomic quantum computers,,Fumiyoshi Kobayashi;Shota Nagayama,,,,,,,Poster Presentation Session on Jan. 16 (Tuesday),,Source: https://qip.iaqi.org/2024/site/mypage.aspx?pid=263&lang=en&sid=1522.html,2024-01-16,,
QIP,2024,poster,Machine learning phase transitions: Connections to the Fisher information,,Julian Arnold;Niels Lörch;Flemming Holtorf;Frank Schäfer,,,,,,,Poster Presentation Session on Jan. 16 (Tuesday),,Source: https://qip.iaqi.org/2024/site/mypage.aspx?pid=263&lang=en&sid=1522.html,2024-01-16,,
QIP,2024,poster,Splitting between k-points for Variational Quantum Eigensolver of periodic system,,Calvin Ku;Jyh-Pin Chou;Peng-Jen Chen;Alice Hu,,,,,,,Poster Presentation Session on Jan. 16 (Tuesday),,Source: https://qip.iaqi.org/2024/site/mypage.aspx?pid=263&lang=en&sid=1522.html,2024-01-16,,
QIP,2024,poster,Light-Matter Interaction in the ZXW Calculus,,Giovanni de Felice;Razin Shaikh;Boldizsár Poór;Lia Yeh;Quanlong Wang;Bob Coecke,,,,,,,Poster Presentation Session on Jan. 16 (Tuesday),,Source: https://qip.iaqi.org/2024/site/mypage.aspx?pid=263&lang=en&sid=1522.html,2024-01-16,,
QIP,2024,poster,Quantum Algorithms for Simulating Nuclear Effective Field Theories,,James Watson;Jake Bringewatt;Alex Shaw;Andrew Childs;Zohreh Davoudi;Alexey Gorshkov,,,,,,,Poster Presentation Session on Jan. 16 (Tuesday),,Source: https://qip.iaqi.org/2024/site/mypage.aspx?pid=263&lang=en&sid=1522.html,2024-01-16,,
QIP,2024,poster,Achieving pure loss channel capacity using GKP codes with near optimal recovery formalism,,Guo Zheng;Wenhao He;Gideon Lee;Kyungjoo Noh;Liang Jiang,,,,,,,Poster Presentation Session on Jan. 16 (Tuesday),,Source: https://qip.iaqi.org/2024/site/mypage.aspx?pid=263&lang=en&sid=1522.html,2024-01-16,,
QIP,2024,poster,Error Suppression for Arbitrary-Size Black Box Quantum Operations,,Gideon Lee;Connor Hann;Shruti Puri;Steven Girvin;Liang Jiang,,,,,,,Poster Presentation Session on Jan. 16 (Tuesday),,Source: https://qip.iaqi.org/2024/site/mypage.aspx?pid=263&lang=en&sid=1522.html,2024-01-16,,
QIP,2024,poster,On the composable security of weak coin flipping,,Jiawei Wu;Yanglin Hu;Akshay Bansal;Marco Tomamichel,,,,,,,Poster Presentation Session on Jan. 16 (Tuesday),,Source: https://qip.iaqi.org/2024/site/mypage.aspx?pid=263&lang=en&sid=1522.html,2024-01-16,,
QIP,2024,poster,Quantum Error Mitigation beyond Expectation Value Estimation,,Kecheng Liu;Zhenyu Cai,,,,,,,Poster Presentation Session on Jan. 16 (Tuesday),,Source: https://qip.iaqi.org/2024/site/mypage.aspx?pid=263&lang=en&sid=1522.html,2024-01-16,,
QIP,2024,poster,Simulation of general measurement on a circuit-based quantum computer,,Sekang Kwon;Donghoon Ha;Jeong San Kim,,,,,,,Poster Presentation Session on Jan. 16 (Tuesday),,Source: https://qip.iaqi.org/2024/site/mypage.aspx?pid=263&lang=en&sid=1522.html,2024-01-16,,
QIP,2024,poster,Quantum Learning Theory Beyond Batch Binary Classification,,Preetham Mohan;Ambuj Tewari,,,,,,,Poster Presentation Session on Jan. 16 (Tuesday),,Source: https://qip.iaqi.org/2024/site/mypage.aspx?pid=263&lang=en&sid=1522.html,2024-01-16,,
QIP,2024,poster,End-to-end quantum computation for the Schwinger model,,Kazuki Sakamoto;Hayata Morisaki;Junichi Haruna;Etsuko Itou;Keisuke Fujii;Kosuke Mitarai,,,,,,,Poster Presentation Session on Jan. 16 (Tuesday),,Source: https://qip.iaqi.org/2024/site/mypage.aspx?pid=263&lang=en&sid=1522.html,2024-01-16,,
QIP,2024,poster,Noise-robust molecule decomposition for variational quantum eigensolver,,Naoki Iijima;Satoshi Imamura;Akihiko Kasagi;Eiji Yoshida,,,,,,,Poster Presentation Session on Jan. 16 (Tuesday),,Source: https://qip.iaqi.org/2024/site/mypage.aspx?pid=263&lang=en&sid=1522.html,2024-01-16,,
QIP,2024,poster,1-Shot Oblivious Transfer and Two-Party Computation from Noisy Quantum Storage,,Manuel Goulão;Ricardo Faleiro;Emmanuel Zambrini Cruzeiro,,,,,,,Poster Presentation Session on Jan. 16 (Tuesday),,Source: https://qip.iaqi.org/2024/site/mypage.aspx?pid=263&lang=en&sid=1522.html,2024-01-16,,
QIP,2024,poster,Mutual information maximizing quantum generative adversarial network and its applications,,Mingyu Lee;Myeongjin Shin;Junseo Lee;Kabgyun Jeong,,,,,,,Poster Presentation Session on Jan. 16 (Tuesday),,Source: https://qip.iaqi.org/2024/site/mypage.aspx?pid=263&lang=en&sid=1522.html,2024-01-16,,
QIP,2024,poster,Efficient decoding of stabilizer code by single-qubit local operations and classical communication,,Koki Shiraishi;Hayata Yamasaki;Mio Murao,,,,,,,Poster Presentation Session on Jan. 16 (Tuesday),,Source: https://qip.iaqi.org/2024/site/mypage.aspx?pid=263&lang=en&sid=1522.html,2024-01-16,,
QIP,2024,poster,Quantum Next Generation Reservoir Computing: An Efficient Quantum Algorithm for Forecasting Quantum Dynamics,,Apimuk Sornsaeng;Ninnat Dangniam;Thiparat Chotibut,,,,,,,Poster Presentation Session on Jan. 16 (Tuesday),,Source: https://qip.iaqi.org/2024/site/mypage.aspx?pid=263&lang=en&sid=1522.html,2024-01-16,,
QIP,2024,poster,Decay of spurious contributions to the topological entanglement entropy,,Laura Cui;Aram Harrow;Daniel Ranard,,,,,,,Poster Presentation Session on Jan. 16 (Tuesday),,Source: https://qip.iaqi.org/2024/site/mypage.aspx?pid=263&lang=en&sid=1522.html,2024-01-16,,
QIP,2024,poster,Assessing the PLGC Ansatz Performance in Noisy Quantum Settings: A Focus on the Toric Code,,Yaswitha Gujju;Rongyang Sun;Seiji Yunoki;Tomonori Shirakawa,,,,,,,Poster Presentation Session on Jan. 16 (Tuesday),,Source: https://qip.iaqi.org/2024/site/mypage.aspx?pid=263&lang=en&sid=1522.html,2024-01-16,,
QIP,2024,poster,"High-fidelity, multi-qubit generalized measurements with dynamic circuits",,Petr Ivashkov;Gideon Uchehara;Derek S. Wang;Alireza Seif,,,,,,,Poster Presentation Session on Jan. 16 (Tuesday),,Source: https://qip.iaqi.org/2024/site/mypage.aspx?pid=263&lang=en&sid=1522.html,2024-01-16,,
QIP,2024,poster,Operations on graph states and flows,,Shin Nishio;Dan Browne;Kae Nemoto,,,,,,,Poster Presentation Session on Jan. 16 (Tuesday),,Source: https://qip.iaqi.org/2024/site/mypage.aspx?pid=263&lang=en&sid=1522.html,2024-01-16,,
QIP,2024,poster,Feedback control and erasure with a general quantum measurement process: work and the second law of thermodynamics,,Shintaro Minagawa;Kenta Sakai;Kohtaro Kato;Francesco Buscemi,,,,,,,Poster Presentation Session on Jan. 16 (Tuesday),,Source: https://qip.iaqi.org/2024/site/mypage.aspx?pid=263&lang=en&sid=1522.html,2024-01-16,,
QIP,2024,poster,Quantum Fluctuation Theorem under Continuous Measurement and Feedback,,Toshihiro Yada;Nobuyuki Yoshioka;Takahiro Sagawa,,,,,,,Poster Presentation Session on Jan. 16 (Tuesday),,Source: https://qip.iaqi.org/2024/site/mypage.aspx?pid=263&lang=en&sid=1522.html,2024-01-16,,
QIP,2024,poster,Quantum Critical Enhancement of Classical Sampling,,Alev Orfi,,,,,,,Poster Presentation Session on Jan. 16 (Tuesday),,Source: https://qip.iaqi.org/2024/site/mypage.aspx?pid=263&lang=en&sid=1522.html,2024-01-16,,
QIP,2024,poster,Advantage of multi-partite entanglement for quantum cryptography over long and short ranged networks,,Janka Memmen;Jens Eisert;Nathan Walk,,,,,,,Poster Presentation Session on Jan. 16 (Tuesday),,Source: https://qip.iaqi.org/2024/site/mypage.aspx?pid=263&lang=en&sid=1522.html,2024-01-16,,
QIP,2024,poster,Increasing quantum key length,,振浩 余,,,,,,,Poster Presentation Session on Jan. 16 (Tuesday),,Source: https://qip.iaqi.org/2024/site/mypage.aspx?pid=263&lang=en&sid=1522.html,2024-01-16,,
QIP,2024,poster,Extendibility of OO-states,,Adrian Solymos;David Jakab;Zoltán Zimborás,,,,,,,Poster Presentation Session on Jan. 16 (Tuesday),,Source: https://qip.iaqi.org/2024/site/mypage.aspx?pid=263&lang=en&sid=1522.html,2024-01-16,,
QIP,2024,poster,Towards eﬃcient and generic entanglement detection by machine learning,,Jue Xu;Qi Zhao,,,,,,,Poster Presentation Session on Jan. 16 (Tuesday),,Source: https://qip.iaqi.org/2024/site/mypage.aspx?pid=263&lang=en&sid=1522.html,2024-01-16,,
QIP,2024,poster,Quantum Algorithm for Initial and Boundary Value Problems,,Philipp Schleich;Alan Aspuru-Guzik;Nathan Wiebe,,,,,,,Poster Presentation Session on Jan. 16 (Tuesday),,Source: https://qip.iaqi.org/2024/site/mypage.aspx?pid=263&lang=en&sid=1522.html,2024-01-16,,
QIP,2024,poster,Hamiltonian Learning via Shadow Tomography of Pseudo-Choi States,,Juan Castaneda;Nathan Wiebe,,,,,,,Poster Presentation Session on Jan. 16 (Tuesday),,Source: https://qip.iaqi.org/2024/site/mypage.aspx?pid=263&lang=en&sid=1522.html,2024-01-16,,
QIP,2024,poster,Hamiltonian Quantum Generative Adversarial Networks,,Leeseok Kim;Seth Lloyd;Milad Marvian,,,,,,,Poster Presentation Session on Jan. 16 (Tuesday),,Source: https://qip.iaqi.org/2024/site/mypage.aspx?pid=263&lang=en&sid=1522.html,2024-01-16,,
QIP,2024,poster,Wave Function Refinement via Quantum Power Lanczos Method Using Generalized Quantum Signal Processing,,Viktor Khinevich;Wataru Mizukami,,,,,,,Poster Presentation Session on Jan. 16 (Tuesday),,Source: https://qip.iaqi.org/2024/site/mypage.aspx?pid=263&lang=en&sid=1522.html,2024-01-16,,
QIP,2024,poster,Quantum gravity as a communication resource,,Richard Howl;Ali Akil;Hlér Kristjánsson;Xiaobin Zhao;Giulio Chiribella,,,,,,,Poster Presentation Session on Jan. 16 (Tuesday),,Source: https://qip.iaqi.org/2024/site/mypage.aspx?pid=263&lang=en&sid=1522.html,2024-01-16,,
QIP,2024,poster,Graph Neural Networks for Enhanced Decoding of Quantum LDPC Codes,,Anqi Gong;Sebastian Cammerer;Joseph Renes,,,,,,,Poster Presentation Session on Jan. 16 (Tuesday),,Source: https://qip.iaqi.org/2024/site/mypage.aspx?pid=263&lang=en&sid=1522.html,2024-01-16,,
QIP,2024,poster,Toward a Unified Picture of One-to-One Fermion-to-Qubit Transforms,,Brent Harrison;Andrew Projansky;Jason Necaise;Joseph Gibson;James Whitfield,,,,,,,Poster Presentation Session on Jan. 16 (Tuesday),,Source: https://qip.iaqi.org/2024/site/mypage.aspx?pid=263&lang=en&sid=1522.html,2024-01-16,,
QIP,2024,poster,A Theory of Inaccessible Information,,Jacopo Surace,,,,,,,Poster Presentation Session on Jan. 16 (Tuesday),,Source: https://qip.iaqi.org/2024/site/mypage.aspx?pid=263&lang=en&sid=1522.html,2024-01-16,,
QIP,2024,poster,Variational Methods for Computing Non-Local Quantum Strategies,,Jim Furches;Nathan Wiebe;Carlos Ortiz Marrero,,,,,,,Poster Presentation Session on Jan. 16 (Tuesday),,Source: https://qip.iaqi.org/2024/site/mypage.aspx?pid=263&lang=en&sid=1522.html,2024-01-16,,
QIP,2024,poster,Low-overhead lattice-surgery-based quantum computing with the color code,,Seok-Hyung Lee;Felix Thomsen;Stephen D. Bartlett,,,,,,,Poster Presentation Session on Jan. 16 (Tuesday),,Source: https://qip.iaqi.org/2024/site/mypage.aspx?pid=263&lang=en&sid=1522.html,2024-01-16,,
QIP,2024,poster,Simulating Molecular System with a Qubit-Efficient Error-Mitigated Fermionic Encoding,,Pei-Kai Tsai;Man Hei Cheng;Yu-Cheng Chen,,,,,,,Poster Presentation Session on Jan. 16 (Tuesday),,Source: https://qip.iaqi.org/2024/site/mypage.aspx?pid=263&lang=en&sid=1522.html,2024-01-16,,
QIP,2024,poster,Generic entanglement transitivity from two-qudit marginals of three-qudit pure states,,Mu-En Liu;Kai-Siang Chen;Gelo Noel M. Tabia;Yeong-Cherng Liang,,,,,,,Poster Presentation Session on Jan. 16 (Tuesday),,Source: https://qip.iaqi.org/2024/site/mypage.aspx?pid=263&lang=en&sid=1522.html,2024-01-16,,
QIP,2024,poster,Problem-tailored Simulation of Energy Transport on Noisy Quantum Computers,,I-Chi Chen;Klée Pollock;Yong-Xin Yao;Peter Orth;Thomas Iadecola,,,,,,,Poster Presentation Session on Jan. 16 (Tuesday),,Source: https://qip.iaqi.org/2024/site/mypage.aspx?pid=263&lang=en&sid=1522.html,2024-01-16,,
QIP,2024,poster,Evaluating cyclic translational symmetry in boson sampling systems with few detectors,,Tudor Isdraila;Jun-Yi Wu,,,,,,,Poster Presentation Session on Jan. 16 (Tuesday),,Source: https://qip.iaqi.org/2024/site/mypage.aspx?pid=263&lang=en&sid=1522.html,2024-01-16,,
QIP,2024,poster,Clifford Generation and Initialization of Variational Quantum Classifiers.,,Bikrant Bhattacharyya;Gokul Subramanian Ravi,,,,,,,Poster Presentation Session on Jan. 16 (Tuesday),,Source: https://qip.iaqi.org/2024/site/mypage.aspx?pid=263&lang=en&sid=1522.html,2024-01-16,,
QIP,2024,poster,Channel Estimation in Quantum Information Processing Using Condensation Algorithm,,Jiajun Chen;David Elkouss,,,,,,,Poster Presentation Session on Jan. 16 (Tuesday),,Source: https://qip.iaqi.org/2024/site/mypage.aspx?pid=263&lang=en&sid=1522.html,2024-01-16,,
QIP,2024,poster,Efficacy of Virtual Purification in Quantum Metrology,,Hyukgun Kwon;Changhun Oh;Youngrong Lim;Hyunseok Jeong;Liang Jiang,,,,,,,Poster Presentation Session on Jan. 16 (Tuesday),,Source: https://qip.iaqi.org/2024/site/mypage.aspx?pid=263&lang=en&sid=1522.html,2024-01-16,,
QIP,2024,poster,Advancements in scalable silicon MOS spin qubits,,Jonathan Huang;Ingvild Hansen;Amanda Seedhouse;Rocky Su;Mengke Feng;Santiago Serrano;Nard Dumoulin Stuyck;Tuomo Tanttu;Fay Hudson;Arne Laucht;Andrew Dzurak;Andre Saraiva;Chih Hwan Yang,,,,,,,Poster Presentation Session on Jan. 16 (Tuesday),,Source: https://qip.iaqi.org/2024/site/mypage.aspx?pid=263&lang=en&sid=1522.html,2024-01-16,,
QIP,2024,poster,Analysis on teleportation of GKP state with realistic optical squeezing strength,,Sungjoo Cho;Hyunseok Jeong,,,,,,,Poster Presentation Session on Jan. 16 (Tuesday),,Source: https://qip.iaqi.org/2024/site/mypage.aspx?pid=263&lang=en&sid=1522.html,2024-01-16,,
QIP,2024,poster,Nonnegative quasiprobability description of qubit stabilizer theory,,Ho-Joon Kim;Heejin Bae;Jeonghyeon Song;Daemin Lee;Jinhyoung Lee,,,,,,,Poster Presentation Session on Jan. 16 (Tuesday),,Source: https://qip.iaqi.org/2024/site/mypage.aspx?pid=263&lang=en&sid=1522.html,2024-01-16,,
QIP,2024,poster,On Parallel Quantum Query Complexity of Total Functions,,Joseph Carolan;Amin Shiraz Gilani;Chaitanya Karamchedu;Mahathi Vempati,,,,,,,Poster Presentation Session on Jan. 16 (Tuesday),,Source: https://qip.iaqi.org/2024/site/mypage.aspx?pid=263&lang=en&sid=1522.html,2024-01-16,,
QIP,2024,poster,Magic state injection for biased error on Heavy-hexagon Structure,,Hansol Kim;Wonjae Choi;Younghun Kwon,,,,,,,Poster Presentation Session on Jan. 16 (Tuesday),,Source: https://qip.iaqi.org/2024/site/mypage.aspx?pid=263&lang=en&sid=1522.html,2024-01-16,,
QIP,2024,poster,Equivalence between operator spreading and information propagation,,Cheng Shang;Hayato Kinkawa;Tomotaka Kuwahara,,,,,,,Poster Presentation Session on Jan. 16 (Tuesday),,Source: https://qip.iaqi.org/2024/site/mypage.aspx?pid=263&lang=en&sid=1522.html,2024-01-16,,
QIP,2024,poster,Addressing stopping failures for small set flip decoding of hypergraph product codes,,Lev Stambler;Anirudh Krishna;Michael Beverland,,,,,,,Poster Presentation Session on Jan. 16 (Tuesday),,Source: https://qip.iaqi.org/2024/site/mypage.aspx?pid=263&lang=en&sid=1522.html,2024-01-16,,
QIP,2024,poster,Tailoring classical coupled cluster ansatz by quantum computing,,Luca Erhart;Yuichiro Yoshida;Viktor Khinevich;Wataru Mizukami,,,,,,,Poster Presentation Session on Jan. 16 (Tuesday),,Source: https://qip.iaqi.org/2024/site/mypage.aspx?pid=263&lang=en&sid=1522.html,2024-01-16,,
QIP,2024,poster,Information reconciliation: blind reconciliation versus an improved Cascade protocol,,Wei-Chen Huang;Chun-Yu Chen;Gelo Noel Tabia;Yeong-Cherng Liang,,,,,,,Poster Presentation Session on Jan. 16 (Tuesday),,Source: https://qip.iaqi.org/2024/site/mypage.aspx?pid=263&lang=en&sid=1522.html,2024-01-16,,
QIP,2024,poster,Variational quantum algorithm for simulating the time evolution of open quantum systems,,Sara Santos;Xinyu Song;Vincenzo Savona,,,,,,,Poster Presentation Session on Jan. 16 (Tuesday),,Source: https://qip.iaqi.org/2024/site/mypage.aspx?pid=263&lang=en&sid=1522.html,2024-01-16,,
QIP,2024,poster,Noise estimation in an entanglement distillation protocol,,Ananda Maity;Joshua Carlo Casapao;Naphan Benchasattabuse;Michal Hajdušek;Rodney Van Meter;David Elkouss,,,,,,,Poster Presentation Session on Jan. 16 (Tuesday),,Source: https://qip.iaqi.org/2024/site/mypage.aspx?pid=263&lang=en&sid=1522.html,2024-01-16,,
QIP,2024,poster,A Scalable State Preparation Approach for QSCI,,Naohisa Sueishi;Keita Kanno,,,,,,,Poster Presentation Session on Jan. 16 (Tuesday),,Source: https://qip.iaqi.org/2024/site/mypage.aspx?pid=263&lang=en&sid=1522.html,2024-01-16,,
QIP,2024,poster,Recurrence in discrete-time stochastic quantum walks,,Iskender Yalcinkaya;Aurél Gábris;Martin Štefaňák;Václav Potoček;Sonja Barkhofen;Christine Silberhorn;Igor Jex,,,,,,,Poster Presentation Session on Jan. 16 (Tuesday),,Source: https://qip.iaqi.org/2024/site/mypage.aspx?pid=263&lang=en&sid=1522.html,2024-01-16,,
QIP,2024,poster,Generalising matchgates to qudits,,Avinash Mocherla;Dan Browne,,,,,,,Poster Presentation Session on Jan. 16 (Tuesday),,Source: https://qip.iaqi.org/2024/site/mypage.aspx?pid=263&lang=en&sid=1522.html,2024-01-16,,
QIP,2024,poster,A comprehensive quantum information module for quantum computing,,Renato Mello;Leandro Aolita;Stefano Carrazza,,,,,,,Poster Presentation Session on Jan. 16 (Tuesday),,Source: https://qip.iaqi.org/2024/site/mypage.aspx?pid=263&lang=en&sid=1522.html,2024-01-16,,
QIP,2024,poster,Qibo: an open-source hybrid quantum operating system,,Edoardo Pedicillo,,,,,,,Poster Presentation Session on Jan. 16 (Tuesday),,Source: https://qip.iaqi.org/2024/site/mypage.aspx?pid=263&lang=en&sid=1522.html,2024-01-16,,
QIP,2024,poster,Solving Not-All-Equal 3SAT using Quantum Random Access Optimization,,Benedek Hauer;Rudy Raymond;Hiroshi Imai,,,,,,,Poster Presentation Session on Jan. 16 (Tuesday),,Source: https://qip.iaqi.org/2024/site/mypage.aspx?pid=263&lang=en&sid=1522.html,2024-01-16,,
QIP,2024,poster,Online Learning Quantum States with the Logarithmic Loss via VB-FTRL,,Wei-Fu Tseng;Kai-Chun Chen;Zi-Hong Xiao;Yen-Huan Li,,,,,,,Poster Presentation Session on Jan. 16 (Tuesday),,Source: https://qip.iaqi.org/2024/site/mypage.aspx?pid=263&lang=en&sid=1522.html,2024-01-16,,
QIP,2024,poster,Quantum Graph Neural Network Taxonomy via Category Theory,,Yu Hong;Michele Grossi;Sofia Vallecorsa,,,,,,,Poster Presentation Session on Jan. 16 (Tuesday),,Source: https://qip.iaqi.org/2024/site/mypage.aspx?pid=263&lang=en&sid=1522.html,2024-01-16,,
QIP,2024,poster,Symmetry and asymmetry in Bell-inequality violation,,Hsin-Yu Hsu;Gelo Noel Tabia;Kai-Siang Chen;Bo-An Tsai;Yeong-Cherng Liang,,,,,,,Poster Presentation Session on Jan. 16 (Tuesday),,Source: https://qip.iaqi.org/2024/site/mypage.aspx?pid=263&lang=en&sid=1522.html,2024-01-16,,
QIP,2024,poster,Simulate Local Observables in Short Time Evolution,,Wenjun Yu;Qi Zhao;Jue Xu,,,,,,,Poster Presentation Session on Jan. 16 (Tuesday),,Source: https://qip.iaqi.org/2024/site/mypage.aspx?pid=263&lang=en&sid=1522.html,2024-01-16,,
QIP,2024,poster,Hierarchy of the echo state property in quantum reservoir computing,,Shumpei Kobayashi;Quoc Hoan Tran;Kohei Nakajima,,,,,,,Poster Presentation Session on Jan. 16 (Tuesday),,Source: https://qip.iaqi.org/2024/site/mypage.aspx?pid=263&lang=en&sid=1522.html,2024-01-16,,
QIP,2024,poster,The multimode conditional quantum Entropy Power Inequality and the squashed entanglement of the extreme multimode bosonic Gaussian channels,,Alessandro Falco;Giacomo De Palma,,,,,,,Poster Presentation Session on Jan. 16 (Tuesday),,Source: https://qip.iaqi.org/2024/site/mypage.aspx?pid=263&lang=en&sid=1522.html,2024-01-16,,
QIP,2024,poster,Classifying Graph state orbits by their marginal structure,,Jarn de Jong;Lina Vandré;Frederik Hahn;Adam Burchardt;Otfried Gühne;Anna Pappa,,,,,,,Poster Presentation Session on Jan. 16 (Tuesday),,Source: https://qip.iaqi.org/2024/site/mypage.aspx?pid=263&lang=en&sid=1522.html,2024-01-16,,
QIP,2024,poster,Integrating Classical and Quantum Software for Enhanced Simulation of Realistic Chemical Systems,,Tomoya Shiota;Klaas Gunst;Toru Shiozaki;Wataru Mizukami,,,,,,,Poster Presentation Session on Jan. 16 (Tuesday),,Source: https://qip.iaqi.org/2024/site/mypage.aspx?pid=263&lang=en&sid=1522.html,2024-01-16,,
QIP,2024,poster,Generalized Quantum Singular Value Transformation,,Christoph Sünderhauf,,,,,,,Poster Presentation Session on Jan. 16 (Tuesday),,Source: https://qip.iaqi.org/2024/site/mypage.aspx?pid=263&lang=en&sid=1522.html,2024-01-16,,
QIP,2024,poster,Proof-of-Concept Investigation of a Generalized Shor's Algorithm of 2n+3 Qubits on IBM Quantum Processors,,Young-Gon Lee,,,,,,,Poster Presentation Session on Jan. 16 (Tuesday),,Source: https://qip.iaqi.org/2024/site/mypage.aspx?pid=263&lang=en&sid=1522.html,2024-01-16,,
QIP,2024,poster,Applying the Quantum Approximate Optimization Algorithm to flow problems,,Sami Boulebnane;Alexander Frei;Catherine White,,,,,,,Poster Presentation Session on Jan. 16 (Tuesday),,Source: https://qip.iaqi.org/2024/site/mypage.aspx?pid=263&lang=en&sid=1522.html,2024-01-16,,
QIP,2024,poster,Optimizing Variational Quantum Eigensolver Circuits,,Seyed Ehsan Ghasempouri;Gerhard Dueck;Stijn De Baerdemacker,,,,,,,Poster Presentation Session on Jan. 16 (Tuesday),,Source: https://qip.iaqi.org/2024/site/mypage.aspx?pid=263&lang=en&sid=1522.html,2024-01-16,,
QIP,2024,poster,Learning hard distributions with quantum-enhanced Variational Autoencoders,,Anantha Rao;Dhiraj Madan;Anupama Ray;Dhinakaran Vinayagamurthy;M S Santhanam,,,,,,,Poster Presentation Session on Jan. 16 (Tuesday),,Source: https://qip.iaqi.org/2024/site/mypage.aspx?pid=263&lang=en&sid=1522.html,2024-01-16,,
QIP,2024,poster,Quantum-inspired attribute selection algorithm: A Fidelity-based Quantum Decision Tree,,Diksha Sharma;Parvinder Singh;Atul Kumar,,,,,,,Poster Presentation Session on Jan. 16 (Tuesday),,Source: https://qip.iaqi.org/2024/site/mypage.aspx?pid=263&lang=en&sid=1522.html,2024-01-16,,
QIP,2024,poster,Implementation of quantum non-Markovianity through the convex combination of Pauli semigroups on an NMR quantum processor,,Vaishali Gulati,,,,,,,Poster Presentation Session on Jan. 16 (Tuesday),,Source: https://qip.iaqi.org/2024/site/mypage.aspx?pid=263&lang=en&sid=1522.html,2024-01-16,,
QIP,2024,poster,Fracton physics in product codes,,Yi Tan;Brenden Roberts;Norman Yao,,,,,,,Poster Presentation Session on Jan. 16 (Tuesday),,Source: https://qip.iaqi.org/2024/site/mypage.aspx?pid=263&lang=en&sid=1522.html,2024-01-16,,
QIP,2024,poster,Bounding the minimal average communication cost of nonlocal correlations,,Swati Kumari;Kai-Siang Chen;Gelo Noel M. Tabia;Bo-An Tsai;Yeong-Cherng Liang,,,,,,,Poster Presentation Session on Jan. 16 (Tuesday),,Source: https://qip.iaqi.org/2024/site/mypage.aspx?pid=263&lang=en&sid=1522.html,2024-01-16,,
QIP,2024,poster,Simulation of the performance of different quantum cryptographic protocols in a realistic local area quantum network with single-photon sources,,Fenja Drauschke;Daniel A. Vajner;Tobias Heindel;Anna Pappa,,,,,,,Poster Presentation Session on Jan. 16 (Tuesday),,Source: https://qip.iaqi.org/2024/site/mypage.aspx?pid=263&lang=en&sid=1522.html,2024-01-16,,
QIP,2024,poster,Efficient soft-decision decoding for hierarchical codes,,Nadine Meister;Pattison Chris;John Preskill,,,,,,,Poster Presentation Session on Jan. 16 (Tuesday),,Source: https://qip.iaqi.org/2024/site/mypage.aspx?pid=263&lang=en&sid=1522.html,2024-01-16,,
QIP,2024,poster,SimPhoQCi: Simulation of photonic circuits,,Fabian Wiesner;Helen Chrzanowski;Gregor Pieplow;Tim Schröder;Anna Pappa;Janik Wolters,,,,,,,Poster Presentation Session on Jan. 16 (Tuesday),,Source: https://qip.iaqi.org/2024/site/mypage.aspx?pid=263&lang=en&sid=1522.html,2024-01-16,,
QIP,2024,poster,A Multiple Level Comparative Analysis of Hybrid Quantum-Classical Algorithms: QAOA vs. Logarithmic Encoding,,Matteo Antonio Inajetovic,,,,,,,Poster Presentation Session on Jan. 16 (Tuesday),,Source: https://qip.iaqi.org/2024/site/mypage.aspx?pid=263&lang=en&sid=1522.html,2024-01-16,,
QIP,2024,poster,Quantum Parallelized Variational Quantum Eigensolvers for Excited States,,Cheng-Lin Hong;Luis Colmenarez;Lexin Ding;Carlos L. Benavides-Riveros;Christian Schilling,,,,,,,Poster Presentation Session on Jan. 16 (Tuesday),,Source: https://qip.iaqi.org/2024/site/mypage.aspx?pid=263&lang=en&sid=1522.html,2024-01-16,,
QIP,2024,poster,Scaling and performance of variational quantum simulation,,Mario Ponce;Thomas Cope;Martin Leib;Ines de Vega,,,,,,,Poster Presentation Session on Jan. 16 (Tuesday),,Source: https://qip.iaqi.org/2024/site/mypage.aspx?pid=263&lang=en&sid=1522.html,2024-01-16,,
QIP,2024,poster,Quantum States as Data Structures,,Shashvat Shukla,,,,,,,Poster Presentation Session on Jan. 16 (Tuesday),,Source: https://qip.iaqi.org/2024/site/mypage.aspx?pid=263&lang=en&sid=1522.html,2024-01-16,,
QIP,2024,poster,Topological Bulk Discretization,,Ronak Ramachandran;Jason Pollack,,,,,,,Poster Presentation Session on Jan. 16 (Tuesday),,Source: https://qip.iaqi.org/2024/site/mypage.aspx?pid=263&lang=en&sid=1522.html,2024-01-16,,
QIP,2024,poster,Quantum-Safe Privacy-Preserving Authentication Protocol for Smart Metering Infrastructure,,Meghashrita Das;Kumar Prateek;Sairaaj Surve;Soumyadev Maity,,,,,,,Poster Presentation Session on Jan. 16 (Tuesday),,Source: https://qip.iaqi.org/2024/site/mypage.aspx?pid=263&lang=en&sid=1522.html,2024-01-16,,
QIP,2024,poster,Arithmetic ZXW Diagrams are Polynomials,,Edwin Agnew;Lia Yeh;Razin Shaikh;Richie Yeung,,,,,,,Poster Presentation Session on Jan. 16 (Tuesday),,Source: https://qip.iaqi.org/2024/site/mypage.aspx?pid=263&lang=en&sid=1522.html,2024-01-16,,
QIP,2024,poster,High-Distance Clifford-Deformed Error-Correcting Local Fermionic Encodings,,Fedor Simkovic;Francisco Revson Fernandes Pereira,,,,,,,Poster Presentation Session on Jan. 16 (Tuesday),,Source: https://qip.iaqi.org/2024/site/mypage.aspx?pid=263&lang=en&sid=1522.html,2024-01-16,,
QIP,2024,poster,Universal catalogue of ancilla—free fermion—qubit mappings,,Mitchell Chiew;Sergii Strelchuk,,,,,,,Poster Presentation Session on Jan. 16 (Tuesday),,Source: https://qip.iaqi.org/2024/site/mypage.aspx?pid=263&lang=en&sid=1522.html,2024-01-16,,
QIP,2024,poster,A quantum computational approach to linear magnetohydrodynamic stability analysis,,Abtin Ameri;Patrick Rall;Hari Krovi;Paola Cappellaro;Nuno Loureiro,,,,,,,Poster Presentation Session on Jan. 16 (Tuesday),,Source: https://qip.iaqi.org/2024/site/mypage.aspx?pid=263&lang=en&sid=1522.html,2024-01-16,,
QIP,2024,poster,Approximate quantum error correction from su(2) states,,Cheng-Ju Lin;Zi-Wen Liu;Victor Albert;Alexey Gorshkov,,,,,,,Poster Presentation Session on Jan. 16 (Tuesday),,Source: https://qip.iaqi.org/2024/site/mypage.aspx?pid=263&lang=en&sid=1522.html,2024-01-16,,
QIP,2024,poster,Verification of Quantum Channels,,Yusuf Alnawakhtha;Andrew Childs;Carl Miller;Manasi Shingane,,,,,,,Poster Presentation Session on Jan. 16 (Tuesday),,Source: https://qip.iaqi.org/2024/site/mypage.aspx?pid=263&lang=en&sid=1522.html,2024-01-16,,
QIP,2024,poster,The Quantum Esscher Transform,,Yixian Qiu;Kelvin Koor;Patrick Rebentrost,,,,,,,Poster Presentation Session on Jan. 16 (Tuesday),,Source: https://qip.iaqi.org/2024/site/mypage.aspx?pid=263&lang=en&sid=1522.html,2024-01-16,,
QIP,2024,poster,Secure bit commitment from separable operations,,Ziad Chaoui;Matteo Rosati;Anna Pappa,,,,,,,Poster Presentation Session on Jan. 16 (Tuesday),,Source: https://qip.iaqi.org/2024/site/mypage.aspx?pid=263&lang=en&sid=1522.html,2024-01-16,,
QIP,2024,poster,Self-testing a quantum switch,,Victor Barizien;Cyril Branciard;Alastair Abbott;Pavel Sekatski;Jean-Daniel Bancal,,,,,,,Poster Presentation Session on Jan. 16 (Tuesday),,Source: https://qip.iaqi.org/2024/site/mypage.aspx?pid=263&lang=en&sid=1522.html,2024-01-16,,
QIP,2024,poster,Quantifying the performance of quantum processors with dynamic architectures,,Parth Padia;Shreya Jvs;Alexandre Cooper-Roy,,,,,,,Poster Presentation Session on Jan. 16 (Tuesday),,Source: https://qip.iaqi.org/2024/site/mypage.aspx?pid=263&lang=en&sid=1522.html,2024-01-16,,
QIP,2024,poster,Randomly Monitored Quantum Codes,,Dongjin Lee;Beni Yoshida,,,,,,,Poster Presentation Session on Jan. 16 (Tuesday),,Source: https://qip.iaqi.org/2024/site/mypage.aspx?pid=263&lang=en&sid=1522.html,2024-01-16,,
QIP,2024,poster,Quantum non-Markovian noise effects in randomized benchmarking,,Srilekha Gandhari;Michael Gullans,,,,,,,Poster Presentation Session on Jan. 16 (Tuesday),,Source: https://qip.iaqi.org/2024/site/mypage.aspx?pid=263&lang=en&sid=1522.html,2024-01-16,,
QIP,2024,poster,Post-Quantum Secure Recursive Proofs of Isogeny Knowledge with Reduced Time Complexity,,Krystal Maughan;Christelle Vincent,,,,,,,Poster Presentation Session on Jan. 16 (Tuesday),,Source: https://qip.iaqi.org/2024/site/mypage.aspx?pid=263&lang=en&sid=1522.html,2024-01-16,,
QIP,2024,poster,Application of Quantum Computing to solving transient Partial Differential Equations for Aerodynamics,,Youssef Achari Berrada;Elvira Shishenina;Vincent E. Elfving,,,,,,,Poster Presentation Session on Jan. 16 (Tuesday),,Source: https://qip.iaqi.org/2024/site/mypage.aspx?pid=263&lang=en&sid=1522.html,2024-01-16,,
QIP,2024,poster,EQCNN : Entanglement based Quantum Convolutional Neural Networks for Satellite Image Classification,,Meghashrita Das;Biswajit Basu,,,,,,,Poster Presentation Session on Jan. 16 (Tuesday),,Source: https://qip.iaqi.org/2024/site/mypage.aspx?pid=263&lang=en&sid=1522.html,2024-01-16,,
QIP,2024,poster,Transformer Quantum States,,Tamra Nebabu;Xiaoliang Qi;Surya Ganguli,,,,,,,Poster Presentation Session on Jan. 16 (Tuesday),,Source: https://qip.iaqi.org/2024/site/mypage.aspx?pid=263&lang=en&sid=1522.html,2024-01-16,,
QIP,2024,poster,Templates to Optimize Quantum Circuits,,Md Mazder Rahman;Gerhard Dueck,,,,,,,Poster Presentation Session on Jan. 16 (Tuesday),,Source: https://qip.iaqi.org/2024/site/mypage.aspx?pid=263&lang=en&sid=1522.html,2024-01-16,,
QIP,2024,poster,Tightness of the Nagaoka-Hayashi bound in i.i.d. qubit-state estimation,,Jianchao Zhang;Jun Suzuki,,,,,,,Poster Presentation Session on Jan. 16 (Tuesday),,Source: https://qip.iaqi.org/2024/site/mypage.aspx?pid=263&lang=en&sid=1522.html,2024-01-16,,
QIP,2024,poster,The computable cross-norm in tensor networks and holography,,Wayne Weng;Alexey Milekhin;Pratik Rath,,,,,,,Poster Presentation Session on Jan. 16 (Tuesday),,Source: https://qip.iaqi.org/2024/site/mypage.aspx?pid=263&lang=en&sid=1522.html,2024-01-16,,
QIP,2024,poster,Robust estimators of multiparticle indistinguishability,,Shawn Geller;Aaron Young;Scott Glancy;Emanuel Knill,,,,,,,Poster Presentation Session on Jan. 16 (Tuesday),,Source: https://qip.iaqi.org/2024/site/mypage.aspx?pid=263&lang=en&sid=1522.html,2024-01-16,,
QIP,2024,poster,Learning interacting fermionic Hamiltonians at the Heisenberg limit,,Arjun Mirani;Patrick Hayden,,,,,,,Poster Presentation Session on Jan. 16 (Tuesday),,Source: https://qip.iaqi.org/2024/site/mypage.aspx?pid=263&lang=en&sid=1522.html,2024-01-16,,
QIP,2024,poster,Assessment of noise source and measuring the capabilities of Error Mitigation using mirror circuits,,Pamul Yadav;Kyungsun Moon;Shiho Kim,,,,,,,Poster Presentation Session on Jan. 16 (Tuesday),,Source: https://qip.iaqi.org/2024/site/mypage.aspx?pid=263&lang=en&sid=1522.html,2024-01-16,,
QIP,2024,poster,Enhancement of scalability of NISQ quantum computing through distributed quantum computing,,Shao-Hua Hu;Jun-Yi Wu;George Biswas,,,,,,,Poster Presentation Session on Jan. 16 (Tuesday),,Source: https://qip.iaqi.org/2024/site/mypage.aspx?pid=263&lang=en&sid=1522.html,2024-01-16,,
QIP,2024,poster,On Simultaneous Information and Energy Transmission through Quantum Channels,,Bishal Kumar Das;Lav R. Varshney;Vaibhav Madhok,,,,,,,Poster Presentation Session on Jan. 16 (Tuesday),,Source: https://qip.iaqi.org/2024/site/mypage.aspx?pid=263&lang=en&sid=1522.html,2024-01-16,,
QIP,2024,poster,Graphical CSS Code Transformation Using ZX Calculus,,Jiaxin Huang;Sarah Meng Li;Lia Yeh;Aleks Kissinger;Michele Mosca;Michael Vasmer,,,,,,,Poster Presentation Session on Jan. 16 (Tuesday),,Source: https://qip.iaqi.org/2024/site/mypage.aspx?pid=263&lang=en&sid=1522.html,2024-01-16,,
QIP,2024,poster,Handbook for Efficiently Quantifying Robustness of Magic,,Hiroki Hamaguchi;Kou Hamada;Nobuyuki Yoshioka,,,,,,,Poster Presentation Session on Jan. 16 (Tuesday),,Source: https://qip.iaqi.org/2024/site/mypage.aspx?pid=263&lang=en&sid=1522.html,2024-01-16,,
QIP,2024,poster,New methods for generating QSVT-relevant polynomials,,Bjorn Berntson,,,,,,,Poster Presentation Session on Jan. 16 (Tuesday),,Source: https://qip.iaqi.org/2024/site/mypage.aspx?pid=263&lang=en&sid=1522.html,2024-01-16,,
QIP,2024,poster,Global Quantum Communication without Quantum Memory,,Sumit Goswami;Sayandip Dhara,,,,,,,Poster Presentation Session on Jan. 16 (Tuesday),,Source: https://qip.iaqi.org/2024/site/mypage.aspx?pid=263&lang=en&sid=1522.html,2024-01-16,,
QIP,2024,poster,A hybrid quantum image edge detector for the NISQ era,,Alexander Geng;Ali Moghiseh;Claudia Redenbach;Katja Schladitz,,,,,,,Poster Presentation Session on Jan. 16 (Tuesday),,Source: https://qip.iaqi.org/2024/site/mypage.aspx?pid=263&lang=en&sid=1522.html,2024-01-16,,
