venue,year,paper_type,title,speakers,authors,affiliations,abstract,arxiv_ids,presentation_url,video_url,youtube_id,session_name,award,notes,scheduled_date,scheduled_time,duration_minutes
QIP,2023,poster,Relation between nonclassical features through logical qudits,,Sooryansh Asthana;V. Ravishankar,,,,,,,Monday session,,Source: https://qip.iaqi.org/2023/event/13076/page/3896-monday-session.html,,,
QIP,2023,poster,BBM92 quantum key distribution over a free space dusty channel of 200 meters,,Sarika Mishra;Ayan Biswas;R.P. Singh,,,,,,,Monday session,,Source: https://qip.iaqi.org/2023/event/13076/page/3896-monday-session.html,,,
QIP,2023,poster,The vacuum provides quantum advantage to otherwise simulatable architectures,,Cameron Calcluth;Alessandro Ferraro;Giulia Ferrini,,,,,,,Monday session,,Source: https://qip.iaqi.org/2023/event/13076/page/3896-monday-session.html,,,
QIP,2023,poster,Fault-Tolerant Preparation of Quantum Polar Codes Encoding One Logical Qubit,,Ashutosh Kumar Goswami;Mehdi Mhalla;Valentin Savin,,,,,,,Monday session,,Source: https://qip.iaqi.org/2023/event/13076/page/3896-monday-session.html,,,
QIP,2023,poster,Multipartite Entanglement Detection via Correlation Minor Norm,,Rain Lenny;Amit Te'Eni;Bar Peled;Eliahu Cohen,,,,,,,Monday session,,Source: https://qip.iaqi.org/2023/event/13076/page/3896-monday-session.html,,,
QIP,2023,poster,The energetic cost of large-scale quantum computing,,Marco Fellous-Asiani;Jing Hao Chai;Yvain Thonnart;Hui Khoon Ng;Robert Whitney;Alexia Auffèves,,,,,,,Monday session,,Source: https://qip.iaqi.org/2023/event/13076/page/3896-monday-session.html,,,
QIP,2023,poster,Out-of-distribution generalization for learning quantum dynamics and dynamical simulation,,Matthias C. Caro;Hsin-Yuan Huang;Joe Gibbs;Nic Ezzell;Andrew Sornborger;Lukasz Cincio;Patrick Coles;Zoe Holmes,,,,,,,Monday session,,Source: https://qip.iaqi.org/2023/event/13076/page/3896-monday-session.html,,,
QIP,2023,poster,Quantum Regularized Least Squares,,Shantanav Chakraborty;Aditya Morolia;Anurudh Peduri,,,,,,,Monday session,,Source: https://qip.iaqi.org/2023/event/13076/page/3896-monday-session.html,,,
QIP,2023,poster,Finite speed of quantum information in models of interacting bosons at finite density,,Chao Yin;Andrew Lucas,,,,,,,Monday session,,Source: https://qip.iaqi.org/2023/event/13076/page/3896-monday-session.html,,,
QIP,2023,poster,Privacy and correctness trade-offs for information-theoretically secure quantum homomorphic encryption,,Yanglin Hu;Yingkai Ouyang;Marco Tomamichel,,,,,,,Monday session,,Source: https://qip.iaqi.org/2023/event/13076/page/3896-monday-session.html,,,
QIP,2023,poster,Entanglement transitivity problems,,Gelo Noel Tabia;Kai-Siang Chen;Chung-Yun Hsieh;Yu-Chun Yin;Yeong-Cherng Liang,,,,,,,Monday session,,Source: https://qip.iaqi.org/2023/event/13076/page/3896-monday-session.html,,,
QIP,2023,poster,Transformation of an unknown unitary operation: complex conjugation,,Tomasz Młynik,,,,,,,Monday session,,Source: https://qip.iaqi.org/2023/event/13076/page/3896-monday-session.html,,,
QIP,2023,poster,Phase Estimation of Local Hamiltonians on NISQ Hardware,,Laura Clinton;Johannes Bausch;Toby Cubitt;Joel Klassen,,,,,,,Monday session,,Source: https://qip.iaqi.org/2023/event/13076/page/3896-monday-session.html,,,
QIP,2023,poster,Creating quantum-resistant classical-classical OWFs from quantum-classical OWFs,,Wei Zheng Teo;Marco Carmosino;Lior Horesh,,,,,,,Monday session,,Source: https://qip.iaqi.org/2023/event/13076/page/3896-monday-session.html,,,
QIP,2023,poster,Tailored cluster states with high threshold under biased noise,,Jahan Claes;Eli Bourassa;Shruti Puri,,,,,,,Monday session,,Source: https://qip.iaqi.org/2023/event/13076/page/3896-monday-session.html,,,
QIP,2023,poster,Communication with Unreliable Entanglement Assistance,,Uzi Pereg;Christian Deppe;Holger Boche,,,,,,,Monday session,,Source: https://qip.iaqi.org/2023/event/13076/page/3896-monday-session.html,,,
QIP,2023,poster,Optimal input states for quantifying the performance of continuous-variable unidirectional and bidirectional teleportation,,Hemant Mishra;Samad Oskouei;Mark Wilde,,,,,,,Monday session,,Source: https://qip.iaqi.org/2023/event/13076/page/3896-monday-session.html,,,
QIP,2023,poster,Pseudo standard entanglement structure cannot be distinguished from standard entanglement structure,,Hayato Arai;Masahito Hayashi,,,,,,,Monday session,,Source: https://qip.iaqi.org/2023/event/13076/page/3896-monday-session.html,,,
QIP,2023,poster,Detecting entanglement in quantum many-body systems via permutation moments,,Zhenhuan Liu;Yifan Tang;Hao Dai;Pengyu Liu;Shu Chen;Xiongfeng Ma,,,,,,,Monday session,,Source: https://qip.iaqi.org/2023/event/13076/page/3896-monday-session.html,,,
QIP,2023,poster,Contextuality as a precondition for entanglement,,Martin Plávala;Otfried Gühne,,,,,,,Monday session,,Source: https://qip.iaqi.org/2023/event/13076/page/3896-monday-session.html,,,
QIP,2023,poster,Avoiding barren plateaus using classical shadows,,Stefan Sack;Raimel Medina;Richard Kueng;Alexios Michailidis;Maksym Serbyn,,,,,,,Monday session,,Source: https://qip.iaqi.org/2023/event/13076/page/3896-monday-session.html,,,
QIP,2023,poster,Transition states and greedy exploration of the QAOA optimization landscape,,Raimel A. Medina Ramos;Stefan Sack;Richard Kueng;Maksym Serbyn,,,,,,,Monday session,,Source: https://qip.iaqi.org/2023/event/13076/page/3896-monday-session.html,,,
QIP,2023,poster,State-dependent Trotter Limits and their approximations,,Daniel Burgarth;Niklas Galke;Alexander Hahn;Lauritz van Luijk,,,,,,,Monday session,,Source: https://qip.iaqi.org/2023/event/13076/page/3896-monday-session.html,,,
QIP,2023,poster,Variational quantum algorithms for real time evolution of quantum systems,,Stefano Barison;Filippo Vicentini;Ignacio Cirac;Giuseppe Carleo,,,,,,,Monday session,,Source: https://qip.iaqi.org/2023/event/13076/page/3896-monday-session.html,,,
QIP,2023,poster,Avoiding barren plateaus via transferability of smooth solutions in Hamiltonian Variational Ansatz,,Antonio Anna Mele;Glen Bigan Mbeng;Giuseppe Ernesto Santoro;Mario Collura;Pietro Torta,,,,,,,Monday session,,Source: https://qip.iaqi.org/2023/event/13076/page/3896-monday-session.html,,,
QIP,2023,poster,Universal Parity Quantum Computing,,Michael Fellner;Anette Messinger;Kilian Ender;Wolfgang Lechner,,,,,,,Monday session,,Source: https://qip.iaqi.org/2023/event/13076/page/3896-monday-session.html,,,
QIP,2023,poster,Modular Parity Quantum Approximate Optimization,,Kilian Ender;Anette Messinger;Michael Fellner;Clemens Dlaska;Wolfgang Lechner,,,,,,,Monday session,,Source: https://qip.iaqi.org/2023/event/13076/page/3896-monday-session.html,,,
QIP,2023,poster,Quantum variational learning for quantum error-correcting codes,,Chenfeng Cao;Chao Zhang;Zipeng Wu;Markus Grassl;Bei Zeng,,,,,,,Monday session,,Source: https://qip.iaqi.org/2023/event/13076/page/3896-monday-session.html,,,
QIP,2023,poster,Quantum Entanglement with Self-stabilizing Token Ring for Fault-tolerant Distributed Quantum Computing System,,Jehn-Ruey Jiang,,,,,,,Monday session,,Source: https://qip.iaqi.org/2023/event/13076/page/3896-monday-session.html,,,
QIP,2023,poster,An Entropic Lens on Stabilizer States,,William Munizzi;Cynthia Keeler;Jason Pollack,,,,,,,Monday session,,Source: https://qip.iaqi.org/2023/event/13076/page/3896-monday-session.html,,,
QIP,2023,poster,Distilling nonlocality in quantum correlations,,Sahil Gopalkrishna Naik;Govind Lal Sidhardh;Samrat Sen;Arup Roy;Ashutosh Rai;Manik Banik,,,,,,,Monday session,,Source: https://qip.iaqi.org/2023/event/13076/page/3896-monday-session.html,,,
QIP,2023,poster,Your spectra don't fit: SDP refutations for the quantum marginal problem,,Felix Huber;Nikolai Wyderka,,,,,,,Monday session,,Source: https://qip.iaqi.org/2023/event/13076/page/3896-monday-session.html,,,
QIP,2023,poster,Equivalence between the exact bosonization and fermion-to-qubit mappings in two spatial dimensions,,Yu-An Chen;Yijia Xu,,,,,,,Monday session,,Source: https://qip.iaqi.org/2023/event/13076/page/3896-monday-session.html,,,
QIP,2023,poster,Learning quantum phases via single-qubit disentanglement,,Zheng An;Chenfeng Cao;Chengqian Xu;Duanlu Zhou,,,,,,,Monday session,,Source: https://qip.iaqi.org/2023/event/13076/page/3896-monday-session.html,,,
QIP,2023,poster,Universal cost bound of quantum error mitigation based on quantum estimation theory,,Kento Tsubouchi;Takahiro Sagawa;Nobuyuki Yoshioka,,,,,,,Monday session,,Source: https://qip.iaqi.org/2023/event/13076/page/3896-monday-session.html,,,
QIP,2023,poster,Partial self-testing and randomness certification in networks,,Pavel Sekatski;Sadra Boreiri;Nicolas Brunner,,,,,,,Monday session,,Source: https://qip.iaqi.org/2023/event/13076/page/3896-monday-session.html,,,
QIP,2023,poster,Bound on local minimum-error discrimination of bipartite quantum states,,Donghoon Ha;Jeong San Kim,,,,,,,Monday session,,Source: https://qip.iaqi.org/2023/event/13076/page/3896-monday-session.html,,,
QIP,2023,poster,Observing ground-state properties of the Fermi-Hubbard model using a scalable algorithm on a quantum computer,,Jan Lukas Bosse;Ashley Montanaro;Stasja Stanisic;Filippo Maria Gambetta;Raul A. Santos;Wojciech Mruczkiewicz;Thomas E. O'Brien;Eric Ostby,,,,,,,Monday session,,Source: https://qip.iaqi.org/2023/event/13076/page/3896-monday-session.html,,,
QIP,2023,poster,Variational quantum simulation of the imaginary-time Lyapunov control for accelerating the ground-state preparation,,Yu-Cheng Chen;Alice Hu;Qian Wang,,,,,,,Monday session,,Source: https://qip.iaqi.org/2023/event/13076/page/3896-monday-session.html,,,
QIP,2023,poster,Task-dependent semi-quantum secure communication in layered networks with OAM states of light,,Rajni Bala;Sooryansh Asthana;V. Ravishankar,,,,,,,Monday session,,Source: https://qip.iaqi.org/2023/event/13076/page/3896-monday-session.html,,,
QIP,2023,poster,Restoring quantum communication efficiency over high loss optical fibres,,Francesco Anna Mele;Ludovico Lami;Vittorio Giovannetti,,,,,,,Monday session,,Source: https://qip.iaqi.org/2023/event/13076/page/3896-monday-session.html,,,
QIP,2023,poster,Uncertainty relations from graph theory,,Carlos de Gois;Kiara Hansenne;Otfried Gühne,,,,,,,Monday session,,Source: https://qip.iaqi.org/2023/event/13076/page/3896-monday-session.html,,,
QIP,2023,poster,Quantum Differential Privacy: An Information Theory Perspective,,Christoph Hirche;Cambyse Rouze;Daniel Stilck França,,,,,,,Monday session,,Source: https://qip.iaqi.org/2023/event/13076/page/3896-monday-session.html,,,
QIP,2023,poster,Quantum optimization with Instantaneous Quantum Polynomial circuits,,Sebastian Leontica;David Amaro,,,,,,,Monday session,,Source: https://qip.iaqi.org/2023/event/13076/page/3896-monday-session.html,,,
QIP,2023,poster,Multivariable quantum signal processing (M-QSP): prophecies of the two-headed oracle,,Zane Rossi;Isaac Chuang,,,,,,,Monday session,,Source: https://qip.iaqi.org/2023/event/13076/page/3896-monday-session.html,,,
QIP,2023,poster,Quantum Analysis of Continuous Time Stochastic Process,,Xi-Ning Zhuang;Zhao-Yun Chen;Cheng Xue;Yu-Chun Wu;Guo-Ping Guo,,,,,,,Monday session,,Source: https://qip.iaqi.org/2023/event/13076/page/3896-monday-session.html,,,
QIP,2023,poster,Induced on-demand revival in coined quantum walks on infinite d-dimensional lattices,,Mahesh N. Jayakody;Ismael L. Paiva;Asiri Nanayakkara;Eliahu Cohen,,,,,,,Monday session,,Source: https://qip.iaqi.org/2023/event/13076/page/3896-monday-session.html,,,
QIP,2023,poster,Detecting entanglement by pure bosonic extension,,Xuanran Zhu;Chao Zhang;Chenfeng Cao;Youning Li;Bei Zeng,,,,,,,Monday session,,Source: https://qip.iaqi.org/2023/event/13076/page/3896-monday-session.html,,,
QIP,2023,poster,Characterizing Symmetry-Protected Thermal Equilibrium by Work Extraction,,Yosuke Mitsuhashi;Kazuya Kaneko;Takahiro Sagawa,,,,,,,Monday session,,Source: https://qip.iaqi.org/2023/event/13076/page/3896-monday-session.html,,,
QIP,2023,poster,(No) Quantum ST tradeoff for USTCON,,Simon Apers;Stacey Jeffery;Galina Pass;Michael Walter,,,,,,,Monday session,,Source: https://qip.iaqi.org/2023/event/13076/page/3896-monday-session.html,,,
QIP,2023,poster,Advantages of adaptive and general strategies for discrimination of unitary channels beyond group-theoretical methods,,Jessica Bavaresco;Mio Murao;Marco Túlio Quintino,,,,,,,Monday session,,Source: https://qip.iaqi.org/2023/event/13076/page/3896-monday-session.html,,,
QIP,2023,poster,Quantum error correction using squeezed Schrödinger cat states,,David Schlegel;Fabrizio Minganti;Vincenzo Savona,,,,,,,Monday session,,Source: https://qip.iaqi.org/2023/event/13076/page/3896-monday-session.html,,,
QIP,2023,poster,Composition of Multipartite Quantum Systems: Perspective from Timelike Paradigm,,Sahil Gopalkrishna Naik;Edwin Peter Lobo;Samrat Sen;Ram Krishna Patra;Alimuddin Mir;Tamal Guha;Some Sankar Bhattacharya;Manik Banik,,,,,,,Monday session,,Source: https://qip.iaqi.org/2023/event/13076/page/3896-monday-session.html,,,
QIP,2023,poster,Improved maximum-likelihood quantum amplitude estimation,,Adam Callison;Dan Browne,,,,,,,Monday session,,Source: https://qip.iaqi.org/2023/event/13076/page/3896-monday-session.html,,,
QIP,2023,poster,Divide-and-conquer verification method for noisy intermediate-scale quantum computation,,Yuki Takeuchi;Yasuhiro Takahashi;Tomoyuki Morimae;Seiichiro Tani,,,,,,,Monday session,,Source: https://qip.iaqi.org/2023/event/13076/page/3896-monday-session.html,,,
QIP,2023,poster,Generalized resource theory of purity: One-shot purity distillation with local noisy operations and one way classical communication,,Sayantan Chakraborty;Aditya Nema;Francesco Buscemi,,,,,,,Monday session,,Source: https://qip.iaqi.org/2023/event/13076/page/3896-monday-session.html,,,
QIP,2023,poster,Testing of quantum nonlocal correlations under constrained free will and imperfect detectors,,Abhishek Sadhu;Siddhartha Das,,,,,,,Monday session,,Source: https://qip.iaqi.org/2023/event/13076/page/3896-monday-session.html,,,
QIP,2023,poster,Continuity of quantum entropic quantities via almost convexity,,Andreas Bluhm;Ángela Capel;Paul Gondolf;Antonio Pérez Hernández,,,,,,,Monday session,,Source: https://qip.iaqi.org/2023/event/13076/page/3896-monday-session.html,,,
QIP,2023,poster,Exponential concentration and untrainability in quantum kernel methods,,Supanut Thanasilp;Samson Wang;Marco Vinicio Sebastian de la Roca;Zoe Holmes,,,,,,,Monday session,,Source: https://qip.iaqi.org/2023/event/13076/page/3896-monday-session.html,,,
QIP,2023,poster,Digital adiabatic state preparation error scales better than you might expect,,Lucas Kocia;Fernando Calderon-Vargas;Matthew Grace;Alicia Magann;James Larsen;Andrew Baczewski;Mohan Sarovar,,,,,,,Monday session,,Source: https://qip.iaqi.org/2023/event/13076/page/3896-monday-session.html,,,
QIP,2023,poster,Going beyond the scale: Uniform observable error bounds for Trotter formulae in the semiclassical regime,,Yonah Borns-Weil;Di Fang,,,,,,,Monday session,,Source: https://qip.iaqi.org/2023/event/13076/page/3896-monday-session.html,,,
QIP,2023,poster,Fundamental Limitation on the Detectability of Entanglement,,Pengyu Liu;Zhenhuan Liu;Shu Chen;Xiongfeng Ma,,,,,,,Monday session,,Source: https://qip.iaqi.org/2023/event/13076/page/3896-monday-session.html,,,
QIP,2023,poster,Multipartite Entanglement Measures via Bell Basis Measurements,,Jacob Beckey;Gerard Pelegrí;Steph Foulds;Natalie Pearson,,,,,,,Monday session,,Source: https://qip.iaqi.org/2023/event/13076/page/3896-monday-session.html,,,
QIP,2023,poster,The Complexity of Approximating Critical Points of Quantum Phase Transitions,,James Watson;Johannes Bausch,,,,,,,Monday session,,Source: https://qip.iaqi.org/2023/event/13076/page/3896-monday-session.html,,,
QIP,2023,poster,Federated Learning with Quantum Secure Aggregation,,Yichi Zhang;Chao Zhang;Cai Zhang;Bei Zeng;Qiang Yang;Lixin Fan,,,,,,,Monday session,,Source: https://qip.iaqi.org/2023/event/13076/page/3896-monday-session.html,,,
QIP,2023,poster,Single-qubit gate teleportation provides a quantum advantage,,Libor Caha;Xavier Coiteux-Roy;Robert Koenig,,,,,,,Monday session,,Source: https://qip.iaqi.org/2023/event/13076/page/3896-monday-session.html,,,
QIP,2023,poster,Quantum leap in pattern recognition,,Doğa Veske;Cenk Tüysüz;Mirko Amico;Nicholas Bronn;Olivia Lanes;Imre Bartos;Zsuzsa Marka;Sebastian Will;Szabolcs Marka,,,,,,,Monday session,,Source: https://qip.iaqi.org/2023/event/13076/page/3896-monday-session.html,,,
QIP,2023,poster,Geometric structure of (thermo)majorization cones,,Alexssandre de Oliveira Junior;Jakub Czartowski;Kamil Korzekwa;Karol Życzkowski,,,,,,,Monday session,,Source: https://qip.iaqi.org/2023/event/13076/page/3896-monday-session.html,,,
QIP,2023,poster,Observation of the Entanglement Barrier with Classical Shadows,,Aniket Rath;Vittorio Vitale;Sara Murciano;Matteo Votto;Jerome Dubail;Richard Kueng;Cyril Branciard;Pasquale Calabrese;Benoit Vermersch,,,,,,,Monday session,,Source: https://qip.iaqi.org/2023/event/13076/page/3896-monday-session.html,,,
QIP,2023,poster,Revealing multi-point temporal quantum statistics without measurement back-action,,Pengfei Wang;Hyukjoon Kwon;Chun-Yang Luan;Wentao Chen;Mu Qiao;Zinan Zhou;Kaizhao Wang;Myungshik Kim;Kihwan Kim,,,,,,,Monday session,,Source: https://qip.iaqi.org/2023/event/13076/page/3896-monday-session.html,,,
QIP,2023,poster,Certifying Temporal Correlations,,Harshank Shrotriya;Leong Chuan Kwek;Kishor Bharti,,,,,,,Monday session,,Source: https://qip.iaqi.org/2023/event/13076/page/3896-monday-session.html,,,
QIP,2023,poster,Adaptive syndrome measurements for Shor-style error correction,,Theerapat Tansuwannont;Kenneth R. Brown,,,,,,,Monday session,,Source: https://qip.iaqi.org/2023/event/13076/page/3896-monday-session.html,,,
QIP,2023,poster,Barren plateaus in quantum tensor network optimization,,Enrique Cervero;Kirill Plekhanov;Michael Lubasch,,,,,,,Monday session,,Source: https://qip.iaqi.org/2023/event/13076/page/3896-monday-session.html,,,
QIP,2023,poster,Certified Everlasting Functional Encryption,,Taiga Hiroka;Tomoyuki Morimae;Ryo Nishimaki;Takashi Yamakawa,,,,,,,Monday session,,Source: https://qip.iaqi.org/2023/event/13076/page/3896-monday-session.html,,,
QIP,2023,poster,Quantum algorithm for ground state energy estimation using circuit depth with exponentially improved dependence on precision,,Guoming Wang;Daniel Stilck França;Ruizhe Zhang;Shuchen Zhu;Peter Johnson,,,,,,,Monday session,,Source: https://qip.iaqi.org/2023/event/13076/page/3896-monday-session.html,,,
QIP,2023,poster,Quantum correlations on the no-signaling boundary: self-testing and more,,Kai-Siang Chen;Gelo Noel M. Tabia;Jebaratnam Chellasamy;Shiladitya Mal;Jun-Yi Wu;Yeong-Cherng Liang,,,,,,,Monday session,,Source: https://qip.iaqi.org/2023/event/13076/page/3896-monday-session.html,,,
QIP,2023,poster,Efficient measures of magic for quantum computers and matrix product states,,Tobias Haug;Myungshik Kim;Lorenzo Piroli,,,,,,,Monday session,,Source: https://qip.iaqi.org/2023/event/13076/page/3896-monday-session.html,,,
QIP,2023,poster,Universal decoding of a single qubit information: deterministic and exact protocol,,Satoshi Yoshida;Akihito Soeda;Mio Murao,,,,,,,Monday session,,Source: https://qip.iaqi.org/2023/event/13076/page/3896-monday-session.html,,,
QIP,2023,poster,Non-Pauli Errors in the Three-Dimensional Surface Code,,Tom Scruby;Michael Vasmer;Dan Browne,,,,,,,Monday session,,Source: https://qip.iaqi.org/2023/event/13076/page/3896-monday-session.html,,,
QIP,2023,poster,Logarithmic Quantum Forking,,Alessandro Berti,,,,,,,Monday session,,Source: https://qip.iaqi.org/2023/event/13076/page/3896-monday-session.html,,,
QIP,2023,poster,Quantum State Preparation with Optimal Circuit Depth: Implementations and Applications,,Xiao-Ming Zhang;Tongyang Li;Xiao Yuan,,,,,,,Monday session,,Source: https://qip.iaqi.org/2023/event/13076/page/3896-monday-session.html,,,
QIP,2023,poster,Nonlocal Network Coding in Multiple Access Channels,,Jiyoung Yun;Ashutosh Rai;Joonwoo Bae,,,,,,,Monday session,,Source: https://qip.iaqi.org/2023/event/13076/page/3896-monday-session.html,,,
QIP,2023,poster,Trading causal order for locality,,Ravi Kunjwal;Ämin Baumeler,,,,,,,Monday session,,Source: https://qip.iaqi.org/2023/event/13076/page/3896-monday-session.html,,,
QIP,2023,poster,Grothendieck inequalities characterize converses to the polynomial method,,Jop Briët;Francisco Escudero Gutiérrez;Sander Gribiling,,,,,,,Monday session,,Source: https://qip.iaqi.org/2023/event/13076/page/3896-monday-session.html,,,
QIP,2023,poster,Quantum operations with indefinite time direction,,Giulio Chiribella;Zixuan Liu,,,,,,,Monday session,,Source: https://qip.iaqi.org/2023/event/13076/page/3896-monday-session.html,,,
QIP,2023,poster,Tight analytic bound on the trade-off between device-independent randomness and nonlocality,,Lewis Wooltorton;Peter Brown;Roger Colbeck,,,,,,,Monday session,,Source: https://qip.iaqi.org/2023/event/13076/page/3896-monday-session.html,,,
QIP,2023,poster,Quantum realization of extreme points - from hybrid correlations to channel assemblages,,Michal Banacki;Piotr Mironowicz;Ravishankar Ramanathan;Pawel Horodecki,,,,,,,Monday session,,Source: https://qip.iaqi.org/2023/event/13076/page/3896-monday-session.html,,,
QIP,2023,poster,Sequential Methods in Quantum Hypothesis Testing,,John Calsamiglia;Marco Fanizza;Christoph Hirche;Yonglong Li;Esteban Martínez Vargas;Ramon Muñoz-Tapia;Gael Sentis;Michalis Skotiniotis;Vincent Tan;Marco Tomamichel,,,,,,,Monday session,,Source: https://qip.iaqi.org/2023/event/13076/page/3896-monday-session.html,,,
QIP,2023,poster,Learning Quantum Processes with Memory - Quantum Recurrent Neural Networks,,Dmytro Bondarenko;Tobias Osborne;Robert Salzmann;Viktoria-Sophie Schmiesing,,,,,,,Monday session,,Source: https://qip.iaqi.org/2023/event/13076/page/3896-monday-session.html,,,
QIP,2023,poster,Parameterized Complexity of Weighted Local Hamiltonian Problems and Quantum Exponential Time Hypothesis,,Michael Bremner;Zhengfeng Ji;Luke Mathieson;Mauro Morales,,,,,,,Monday session,,Source: https://qip.iaqi.org/2023/event/13076/page/3896-monday-session.html,,,
QIP,2023,poster,Training variational quantum circuits with CoVaR: covariance root finding with classical shadows,,Gregory Boyd;Balint Koczor,,,,,,,Monday session,,Source: https://qip.iaqi.org/2023/event/13076/page/3896-monday-session.html,,,
QIP,2023,poster,Universal sample lower bounds for quantum error mitigation,,Ryuji Takagi;Hiroyasu Tajima;Mile Gu,,,,,,,Monday session,,Source: https://qip.iaqi.org/2023/event/13076/page/3896-monday-session.html,,,
QIP,2023,poster,Near-optimal circuit design for variational quantum optimization,,Bence Bakó;Adam Glos;Özlem Salehi;Zoltán Zimborás,,,,,,,Monday session,,Source: https://qip.iaqi.org/2023/event/13076/page/3896-monday-session.html,,,
QIP,2023,poster,What is nonclassical about uncertainty relations?,,Lorenzo Catani;Matthew Leifer;Giovanni Scala;David Schmid;Robert Spekkens,,,,,,,Monday session,,Source: https://qip.iaqi.org/2023/event/13076/page/3896-monday-session.html,,,
QIP,2023,poster,Variational learning algorithms for quantum query complexity,,Zipeng Wu;Shi-Yao Hou;Chao Zhang;Bei Zeng;Lvzhou Li,,,,,,,Monday session,,Source: https://qip.iaqi.org/2023/event/13076/page/3896-monday-session.html,,,
QIP,2023,poster,Tensor Network Assisted Variational Quantum Algorithm,,Junxiang Huang;Wenhao He;Yukun Zhang;Yusen Wu;Bujiao Wu;Xiao Yuan,,,,,,,Monday session,,Source: https://qip.iaqi.org/2023/event/13076/page/3896-monday-session.html,,,
QIP,2023,poster,Efficient and robust estimation of many-qubit Hamiltonians,,Daniel Stilck França;Johannes Borregaard;Albert H. Werner;Liubov Markovich;Slava Dobrovitski,,,,,,,Monday session,,Source: https://qip.iaqi.org/2023/event/13076/page/3896-monday-session.html,,,
QIP,2023,poster,Fault-tolerant error correction for a universal non-Abelian topological quantum computer at finite temperature,,Alexis Schotte;Lander Burgelman;Guanyu Zhu,,,,,,,Monday session,,Source: https://qip.iaqi.org/2023/event/13076/page/3896-monday-session.html,,,
QIP,2023,poster,Deep Circuit QAOA,,Gereon Koßmann;Lennart Binkowski;Lauritz van Luijk;Timo Ziegler;René Schwonnek,,,,,,,Monday session,,Source: https://qip.iaqi.org/2023/event/13076/page/3896-monday-session.html,,,
QIP,2023,poster,A Graphical Formalism for Entanglement Purification,,Lina Vandré;Otfried Gühne,,,,,,,Monday session,,Source: https://qip.iaqi.org/2023/event/13076/page/3896-monday-session.html,,,
QIP,2023,poster,Symmetries in quantum networks lead to no-go theorems for entanglement distribution and to verification techniques,,Kiara Hansenne;Zhen-Peng Xu;Tristan Kraft;Otfried Gühne,,,,,,,Monday session,,Source: https://qip.iaqi.org/2023/event/13076/page/3896-monday-session.html,,,
QIP,2023,poster,Fast erasure decoder for a class of quantum LDPC codes,,Nicholas Connolly;Vivien Londe;Anthony Leverrier;Nicolas Delfosse,,,,,,,Monday session,,Source: https://qip.iaqi.org/2023/event/13076/page/3896-monday-session.html,,,
QIP,2023,poster,A single T-gate makes distribution learning hard,,Marcel Hinsche;Marios Ioannou;Alexander Nietner;Ryan Sweke;Jonas Haferkamp;Yihui Quek;Dominik Hangleiter;Jean-Pierre Seifert;Jens Eisert,,,,,,,Monday session,,Source: https://qip.iaqi.org/2023/event/13076/page/3896-monday-session.html,,,
QIP,2023,poster,Magic: a new perspective on quantum chaos,,Lorenzo Leone;Salvatore F.E. Oliviero;Alioscia Hamma;Seth Lloyd,,,,,,,Monday session,,Source: https://qip.iaqi.org/2023/event/13076/page/3896-monday-session.html,,,
QIP,2023,poster,Transitions in quantum complexity in random circuits,,Salvatore F.E. Oliviero;Lorenzo Leone;You Zhou;Stefano Piemontese;Sarah True;Alioscia Hamma,,,,,,,Monday session,,Source: https://qip.iaqi.org/2023/event/13076/page/3896-monday-session.html,,,
QIP,2023,poster,Testing quantum theory with generalized noncontextuality,,Markus P. Mueller;Andrew J. P. Garner,,,,,,,Monday session,,Source: https://qip.iaqi.org/2023/event/13076/page/3896-monday-session.html,,,
QIP,2023,poster,A mathematical framework for quantum Hamiltonian simulation and duality,,Harriet Apel;Toby Cubitt,,,,,,,Monday session,,Source: https://qip.iaqi.org/2023/event/13076/page/3896-monday-session.html,,,
QIP,2023,poster,Quantifying the intrinsic randomness of quantum measurements,,Gabriel Ignacio Senno;Antonio Acín;Thomas Strohm,,,,,,,Monday session,,Source: https://qip.iaqi.org/2023/event/13076/page/3896-monday-session.html,,,
QIP,2023,poster,Predicting Gibbs State Expectation Values with Pure Thermal Shadows,,Luuk Coopmans;Yuta Kikuchi;Marcello Benedetti,,,,,,,Monday session,,Source: https://qip.iaqi.org/2023/event/13076/page/3896-monday-session.html,,,
QIP,2023,poster,Uncloneable Cryptographic Primitives with Interaction,,Anne Broadbent;Eric Culf,,,,,,,Monday session,,Source: https://qip.iaqi.org/2023/event/13076/page/3896-monday-session.html,,,
QIP,2023,poster,Entanglement renormalization of thermofield double states,,Cheng-Ju Lin;Zhi Li;Tim Hsieh,,,,,,,Monday session,,Source: https://qip.iaqi.org/2023/event/13076/page/3896-monday-session.html,,,
QIP,2023,poster,Probing sign structure using measurement-induced entanglement,,Cheng-Ju Lin;Weicheng Ye;Yijian Zou;Shengqi Sang;Timothy Hsieh,,,,,,,Monday session,,Source: https://qip.iaqi.org/2023/event/13076/page/3896-monday-session.html,,,
QIP,2023,poster,Equivalence in delegated quantum computing,,Fabian Wiesner;Jens Eisert;Anna Pappa,,,,,,,Monday session,,Source: https://qip.iaqi.org/2023/event/13076/page/3896-monday-session.html,,,
QIP,2023,poster,Self-testing Arbitrary Projective Measurement,,Ranyiliu Chen;Jurij Volčič;Laura Mančinska,,,,,,,Monday session,,Source: https://qip.iaqi.org/2023/event/13076/page/3896-monday-session.html,,,
QIP,2023,poster,Manifold search in the quantum machine learning realm: a computational approach to quantum symmetry discovery,,Jonathan Lu;Rodrigo Bravo;Kaiying Hou;Gebremedhin Dagnew;Susanne Yelin;Khadijeh Najafi,,,,,,,Monday session,,Source: https://qip.iaqi.org/2023/event/13076/page/3896-monday-session.html,,,
QIP,2023,poster,Correlation between PQC Descriptors and Training Accuracy in Hybrid Quantum-Classical Model for Earth Observation Image Classification,,Su Yeon Chang;Bertrand Le Saux;Sofia Vallecorsa;Michele Grossi,,,,,,,Monday session,,Source: https://qip.iaqi.org/2023/event/13076/page/3896-monday-session.html,,,
QIP,2023,poster,Loss-tolerant all-optical quantum computing architecture using parity-state-encoded multiphoton qubits,,Seok-Hyung Lee;Srikrishna Omkar;Yong Siah Teo;Hyunseok Jeong,,,,,,,Monday session,,Source: https://qip.iaqi.org/2023/event/13076/page/3896-monday-session.html,,,
QIP,2023,poster,Security of continuous variable QKD with discrete modulation,,Stefan Baeuml;Carlos Pascual;Victoria Wright;Omar Fawzi;Antonio Acin,,,,,,,Monday session,,Source: https://qip.iaqi.org/2023/event/13076/page/3896-monday-session.html,,,
QIP,2023,poster,Qubit-oscillator concatenated codes: decoding formalism \& code comparison,,Yijia Xu;Yixu Wang;En-Jui Kuo;Victor Albert,,,,,,,Monday session,,Source: https://qip.iaqi.org/2023/event/13076/page/3896-monday-session.html,,,
QIP,2023,poster,Optimal Strategies of Quantum Metrology with a Strict Hierarchy,,Qiushi Liu;Zihao Hu;Haidong Yuan;Yuxiang Yang,,,,,,,Monday session,,Source: https://qip.iaqi.org/2023/event/13076/page/3896-monday-session.html,,,
QIP,2023,poster,Looped Pipelines Enabling Effective 3D Qubit Lattices in a Strictly 2D Device,,Zhenyu Cai;Adam Siegel;Simon Benjamin,,,,,,,Monday session,,Source: https://qip.iaqi.org/2023/event/13076/page/3896-monday-session.html,,,
QIP,2023,poster,A Quantum Online Portfolio Optimization Algorithm,,Debbie Huey Chih Lim;Patrick Rebentrost,,,,,,,Monday session,,Source: https://qip.iaqi.org/2023/event/13076/page/3896-monday-session.html,,,
QIP,2023,poster,Fast-forwarding quantum walk-based Monte Carlo simulations,,Mathys Rennela;Vivien Londe;Alain Sarlette;Martin Roetteler;Matthias Troyer,,,,,,,Monday session,,Source: https://qip.iaqi.org/2023/event/13076/page/3896-monday-session.html,,,
QIP,2023,poster,Optimizing the information extracted by a single qubit measurement,,Stefano Polla;Gian-Luca R. Anselmetti;Thomas E. O'Brien,,,,,,,Monday session,,Source: https://qip.iaqi.org/2023/event/13076/page/3896-monday-session.html,,,
QIP,2023,poster,Local-Dimension-Invariant Stabilizer Codes,,Lane Gunderman;Arun Moorthy,,,,,,,Monday session,,Source: https://qip.iaqi.org/2023/event/13076/page/3896-monday-session.html,,,
QIP,2023,poster,Enhancing Detection of Topological Order by Local Error Correction,,Nishad Maskara;Iris Cong;Minh Tran;Hannes Pichler;Giulia Semeghini;Susanne Yelin;Soonwon Choi;Mikhail Lukin,,,,,,,Monday session,,Source: https://qip.iaqi.org/2023/event/13076/page/3896-monday-session.html,,,
QIP,2023,poster,Towards near-term quantum simulation of materials,,Laura Clinton;Toby Cubitt;Brian Flynn;Filippo Maria Gambetta;Joel Klassen;Ashley Montanaro;Stephen Piddock;Raul A. Santos;Evan Sheridan,,,,,,,Monday session,,Source: https://qip.iaqi.org/2023/event/13076/page/3896-monday-session.html,,,
QIP,2023,poster,Theory-independent randomness generation with spacetime symmetries,,Albert Aloy;Caroline Jones;Stefan Ludescher;Markus Müller,,,,,,,Monday session,,Source: https://qip.iaqi.org/2023/event/13076/page/3896-monday-session.html,,,
QIP,2023,poster,Single-qubit loss-tolerant quantum position verification protocol secure against entangled attackers,,Llorenc Escola Farras;Florian Speelman,,,,,,,Monday session,,Source: https://qip.iaqi.org/2023/event/13076/page/3896-monday-session.html,,,
QIP,2023,poster,Classically optimized Hamiltonian simulation,,Conor Mc Keever;Michael Lubasch,,,,,,,Monday session,,Source: https://qip.iaqi.org/2023/event/13076/page/3896-monday-session.html,,,
QIP,2023,poster,Quantum theory in finite dimension cannot explain every general process with finite memory,,Marco Fanizza;Josep Lumbreras;Andreas Winter,,,,,,,Monday session,,Source: https://qip.iaqi.org/2023/event/13076/page/3896-monday-session.html,,,
QIP,2023,poster,Improved simulation of quantum circuits dominated by free Fermionic operations,,Oliver Reardon-Smith;Michał Oszmaniec;Kamil Korzekwa,,,,,,,Monday session,,Source: https://qip.iaqi.org/2023/event/13076/page/3896-monday-session.html,,,
QIP,2023,poster,Evaluating the impact of noise on the performance of the Variational Quantum Eigensolver,,Marita Oliv;Andrea Matic;Thomas Messerer;Jeanette Miriam Lorenz,,,,,,,Monday session,,Source: https://qip.iaqi.org/2023/event/13076/page/3896-monday-session.html,,,
QIP,2023,poster,Channel Simulation: Finite Blocklengths and Broadcast Channels,,Michael Cao;Navneeth Ramakrishnan;Mario Berta;Marco Tomamichel,,,,,,,Monday session,,Source: https://qip.iaqi.org/2023/event/13076/page/3896-monday-session.html,,,
QIP,2023,poster,Beyond i.i.d. in the Resource Theory of Asymmetry: An Information-Spectrum Approach for Quantum Fisher Information,,Koji Yamaguchi;Hiroyasu Tajima,,,,,,,Monday session,,Source: https://qip.iaqi.org/2023/event/13076/page/3896-monday-session.html,,,
QIP,2023,poster,Optimizing Fermionic Encodings for both Hamiltonian and Hardware,,Riley Chien;Joel Klassen,,,,,,,Monday session,,Source: https://qip.iaqi.org/2023/event/13076/page/3896-monday-session.html,,,
QIP,2023,poster,Parallel window decoding enables scalable fault tolerant quantum computation,,Luka Skoric;Dan Browne;Kenton Barnes;Neil Gillespie;Earl Campbell,,,,,,,Monday session,,Source: https://qip.iaqi.org/2023/event/13076/page/3896-monday-session.html,,,
QIP,2023,poster,Mermin polytopes in quantum computation and foundations,,Cihan Okay;Ho Yiu Chung;Selman Ipek,,,,,,,Monday session,,Source: https://qip.iaqi.org/2023/event/13076/page/3896-monday-session.html,,,
QIP,2023,poster,Fault-tolerant Coding for Entanglement-Assisted Communication,,Paula Belzig;Matthias Christandl;Alexander Müller-Hermes,,,,,,,Monday session,,Source: https://qip.iaqi.org/2023/event/13076/page/3896-monday-session.html,,,
QIP,2023,poster,Quantum LDPC Codes for Modular Architectures,,Armands Strikis;Lucas Berent,,,,,,,Monday session,,Source: https://qip.iaqi.org/2023/event/13076/page/3896-monday-session.html,,,
QIP,2023,poster,Molecular Quantum Circuit Design,,Jakob Kottmann,,,,,,,Monday session,,Source: https://qip.iaqi.org/2023/event/13076/page/3896-monday-session.html,,,
QIP,2023,poster,Estimating the entanglement of random multipartite quantum states,,Khurshed Fitter;Cécilia Lancien;Ion Nechita,,,,,,,Monday session,,Source: https://qip.iaqi.org/2023/event/13076/page/3896-monday-session.html,,,
QIP,2023,poster,Quantum max-flow in the bridge graph,,Vincent Steffan;Fulvio Gesmundo;Vladimir Lysikov,,,,,,,Monday session,,Source: https://qip.iaqi.org/2023/event/13076/page/3896-monday-session.html,,,
QIP,2023,poster,Variational solutions for local fermion-to-qubit mappings,,Jannes Nys;Giuseppe Carleo,,,,,,,Monday session,,Source: https://qip.iaqi.org/2023/event/13076/page/3896-monday-session.html,,,
QIP,2023,poster,Page curves and typical entanglement in linear optics,,Joseph Iosue;Adam Ehrenberg;Dominik Hangleiter;Abhinav Deshpande;Alexey Gorshkov,,,,,,,Monday session,,Source: https://qip.iaqi.org/2023/event/13076/page/3896-monday-session.html,,,
QIP,2023,poster,Classical models are a better explanation of the Jiuzhang 1.0 Gaussian Boson Sampler than its targeted squeezed light model,,Javier Martínez-Cifuentes;Karen Fonseca-Romero;Nicolás Quesada,,,,,,,Monday session,,Source: https://qip.iaqi.org/2023/event/13076/page/3896-monday-session.html,,,
QIP,2023,poster,Total insecurity of communication via strong converse for quantum privacy amplification,,Robert Salzmann;Nilanjana Datta,,,,,,,Monday session,,Source: https://qip.iaqi.org/2023/event/13076/page/3896-monday-session.html,,,
QIP,2023,poster,Toys can't play: physical agents in Spekkens' theory,,Ladina Hausmann;Nuriya Nurgalieva;Lídia del Rio,,,,,,,Monday session,,Source: https://qip.iaqi.org/2023/event/13076/page/3896-monday-session.html,,,
QIP,2023,poster,State Preparation Fidelities for Dicke States,,Shamminuj Aktar;Andreas Bärtschi;Abdel-Hameed A. Badawy;Stephan Eidenbenz,,,,,,,Monday session,,Source: https://qip.iaqi.org/2023/event/13076/page/3896-monday-session.html,,,
QIP,2023,poster,Circuits of space-time quantum channels,,Pavel Kos;Georgios Styliaris,,,,,,,Monday session,,Source: https://qip.iaqi.org/2023/event/13076/page/3896-monday-session.html,,,
QIP,2023,poster,Quantum algorithms and the power of forgetting,,Andrew Childs;Matthew Coudron;Amin Shiraz Gilani,,,,,,,Monday session,,Source: https://qip.iaqi.org/2023/event/13076/page/3896-monday-session.html,,,
QIP,2023,poster,Efficient classical algorithm of molecular vibronic spectra problem,,Changhun Oh;Youngrong Lim;Bill Fefferman;Liang Jiang,,,,,,,Monday session,,Source: https://qip.iaqi.org/2023/event/13076/page/3896-monday-session.html,,,
QIP,2023,poster,Sharp complexity phase transitions generated by entanglement,,Abhinav Deshpande;Bill Fefferman;Soumik Ghosh;Alexey Gorshkov;Dominik Hangleiter,,,,,,,Monday session,,Source: https://qip.iaqi.org/2023/event/13076/page/3896-monday-session.html,,,
QIP,2023,poster,Qubit seriation: Undoing data shuffling using spectral ordering,,Atithi Acharya;Manuel Rudolph;Jing Chen;Jacob Miler;Alejandro Perdomo-Ortiz,,,,,,,Monday session,,Source: https://qip.iaqi.org/2023/event/13076/page/3896-monday-session.html,,,
QIP,2023,poster,A parallel repetition theorem in the quantum commuting operator model,,Junqiao Lin;William Slofstra;Henry Yuen,,,,,,,Monday session,,Source: https://qip.iaqi.org/2023/event/13076/page/3896-monday-session.html,,,
QIP,2023,poster,Learning quantum processes without input control,,Marco Fanizza;Matteo Rosati;Yihui Quek,,,,,,,Monday session,,Source: https://qip.iaqi.org/2023/event/13076/page/3896-monday-session.html,,,
QIP,2023,poster,Classification of measurement-based quantum wire in stabilizer PEPS,,Paul Herringer;Robert Raussendorf,,,,,,,Monday session,,Source: https://qip.iaqi.org/2023/event/13076/page/3896-monday-session.html,,,
QIP,2023,poster,Error propagation in NISQ devices for solving classical optimization problems,,Guillermo González-García;Rahul Trivedi;J. Ignacio Cirac,,,,,,,Monday session,,Source: https://qip.iaqi.org/2023/event/13076/page/3896-monday-session.html,,,
QIP,2023,poster,From Auditable Quantum Authentication to Best-of-Both-Worlds Multiparty Quantum Computation with Public Verifiable Identifiable Abort,,Mi-Ying Huang;Er-Cheng Tang,,,,,,,Monday session,,Source: https://qip.iaqi.org/2023/event/13076/page/3896-monday-session.html,,,
QIP,2023,poster,Only Classical Parametrised States have Optimal Measurements,,Wilfred Salmon;Sergii Strelchuk;David Arvidsson-Shukur,,,,,,,Monday session,,Source: https://qip.iaqi.org/2023/event/13076/page/3896-monday-session.html,,,
QIP,2023,poster,Multiplicative Updates for Quantum Bilinear Optimization,,Wayne Lin;Georgios Piliouras;Ryann Sim;Antonios Varvitsiotis,,,,,,,Monday session,,Source: https://qip.iaqi.org/2023/event/13076/page/3896-monday-session.html,,,
QIP,2023,poster,Anyon braiding and the renormalization group,,Alexander Stottmeister,,,,,,,Monday session,,Source: https://qip.iaqi.org/2023/event/13076/page/3896-monday-session.html,,,
QIP,2023,poster,Thermal State Preparation via Rounding Promises,,Patrick Rall;Chunhao Wang;Pawel Wocjan,,,,,,,Monday session,,Source: https://qip.iaqi.org/2023/event/13076/page/3896-monday-session.html,,,
QIP,2023,poster,Fragile boundaries of tailored surface codes and improved decoding of circuit-level noise,,Oscar Higgott;Thomas Bohdanowicz;Aleksander Kubica;Steven Flammia;Earl Campbell,,,,,,,Monday session,,Source: https://qip.iaqi.org/2023/event/13076/page/3896-monday-session.html,,,
QIP,2023,poster,Fusion category symmetry-protected topological order in the generalized cluster state,,Chris Fechisin;Nathanan Tantivasadakarn;David Aasen;Wenqing Xu;Wenjie Ji;Jason Alicea;John Preskill;Victor Albert,,,,,,,Monday session,,Source: https://qip.iaqi.org/2023/event/13076/page/3896-monday-session.html,,,
QIP,2023,poster,Topological data analysis on noisy quantum computers,,Ismail Yunus Akhalwaya;Shashanka Ubaru;Kenneth L. Clarkson;Lior Horesh,,,,,,,Monday session,,Source: https://qip.iaqi.org/2023/event/13076/page/3896-monday-session.html,,,
QIP,2023,poster,Area laws for steady states of detailed-balance Lindbladians,,Itai Arad;Raz Firanko;Moshe Goldstein,,,,,,,Monday session,,Source: https://qip.iaqi.org/2023/event/13076/page/3896-monday-session.html,,,
QIP,2023,poster,Rate-Distortion Theory for Mixed States,,Debbie Leung;Kohdai Kuroiwa;Zahra Baghali Khanian,,,,,,,Monday session,,Source: https://qip.iaqi.org/2023/event/13076/page/3896-monday-session.html,,,
QIP,2023,poster,Large N Matrix Quantum Mechanics as a Quantum Memory,,Gong Cheng;Chunjun Cao;Brian Swingle,,,,,,,Monday session,,Source: https://qip.iaqi.org/2023/event/13076/page/3896-monday-session.html,,,
QIP,2023,poster,Upper and lower bounds on CSS code dimensions for magic state distillation protocols,,Rhea Alexander;Si Gvirtz-Chen;Nikolaos Koukoulekidis;David Jennings,,,,,,,Monday session,,Source: https://qip.iaqi.org/2023/event/13076/page/3896-monday-session.html,,,
QIP,2023,poster,A graph-theoretical analysis on first order quantum phase transitions for adiabatic quantum computing,,Matthias Werner;Artur Garcia-Saez;Marta P Estarellas,,,,,,,Monday session,,Source: https://qip.iaqi.org/2023/event/13076/page/3896-monday-session.html,,,
QIP,2023,poster,Faster Born probability estimation via gate merging and frame optimisation,,Nikolaos Koukoulekidis;Hyukjoon Kwon;Hyejung Jee;David Jennings;Myungshik Kim,,,,,,,Monday session,,Source: https://qip.iaqi.org/2023/event/13076/page/3896-monday-session.html,,,
QIP,2023,poster,Measurement-free Quantum Error Correction for Gaussian Noise using Gottesman-Kitaev-Preskill States,,En Jui Chang;Ching Yi Lai,,,,,,,Monday session,,Source: https://qip.iaqi.org/2023/event/13076/page/3896-monday-session.html,,,
QIP,2023,poster,Interpolating between Rényi entanglement entropies for arbitrary bipartitions via operator geometric means,,Dávid Bugár;Péter Vrana,,,,,,,Monday session,,Source: https://qip.iaqi.org/2023/event/13076/page/3896-monday-session.html,,,
QIP,2023,poster,When is better state preparation worthwhile?,,Shivesh Pathak;Antonio Russo;Stefan Seritan;Andrew Baczewski,,,,,,,Monday session,,Source: https://qip.iaqi.org/2023/event/13076/page/3896-monday-session.html,,,
QIP,2023,poster,"The 2T-qutrit, a two-mode bosonic qutrit",,Aurélie Denys;Anthony Leverrier,,,,,,,Monday session,,Source: https://qip.iaqi.org/2023/event/13076/page/3896-monday-session.html,,,
QIP,2023,poster,Towards Geometric Quantum Machine Learning,,Frederic Sauvage;Martin Larroca;Marco Cerezo;Nguyen Quynh;Louis Schatzki;Paolo Braccia;Michael Ragone;Patrick Coles,,,,,,,Monday session,,Source: https://qip.iaqi.org/2023/event/13076/page/3896-monday-session.html,,,
QIP,2023,poster,The power and limitations of self-testing,,Jed Kaniewski;David Rasmussen Lolck;Laura Mančinska;Thor Gabelgaard Nielsen;Simon Schmidt,,,,,,,Monday session,,Source: https://qip.iaqi.org/2023/event/13076/page/3896-monday-session.html,,,
QIP,2023,poster,Inference Based Quantum Sensing,,Cinthia Huerta;Max Hunter Gordon;Frederic Sauvage;Akira Sone;Andrew Sornborger;Patrick Coles;Marco Cerezo,,,,,,,Monday session,,Source: https://qip.iaqi.org/2023/event/13076/page/3896-monday-session.html,,,
QIP,2023,poster,Correcting phenomenological errors for quantum memories via belief~propagation,,Kao-Yueh Kuo;Ching-Yi Lai,,,,,,,Monday session,,Source: https://qip.iaqi.org/2023/event/13076/page/3896-monday-session.html,,,
QIP,2023,poster,Holography as a resource for non-local quantum computation,,Kfir Dolev;Sam Cree,,,,,,,Monday session,,Source: https://qip.iaqi.org/2023/event/13076/page/3896-monday-session.html,,,
QIP,2023,poster,Quantum dichotomies and coherent thermodynamics beyond first-order asymptotics,,Patryk Lipka-Bartosik;Christopher Chubb;Joseph Renes;Marco Tomamichel;Kamil Korzekwa,,,,,,,Monday session,,Source: https://qip.iaqi.org/2023/event/13076/page/3896-monday-session.html,,,
QIP,2023,poster,Group coset monogamy games and an application to device-independent continuous-variable QKD,,Eric Culf;Thomas Vidick;Victor V. Albert,,,,,,,Monday session,,Source: https://qip.iaqi.org/2023/event/13076/page/3896-monday-session.html,,,
QIP,2023,poster,Lattice-Based Quantum Advantage from Rotated Measurements,,Yusuf Alnawakhtha;Atul Mantri;Carl Miller;Daochen Wang,,,,,,,Monday session,,Source: https://qip.iaqi.org/2023/event/13076/page/3896-monday-session.html,,,
QIP,2023,poster,The dynamical uncertainty principle determines the programmability of quantum processors,,Yunlong Xiao;Gaurav Saxena;Ryuji Takagi;Sarvagya Upadhyay;Mile Gu,,,,,,,Monday session,,Source: https://qip.iaqi.org/2023/event/13076/page/3896-monday-session.html,,,
QIP,2023,poster,Qubit-Efficient Randomized Quantum Algorithms for Linear Algebra,,Samson Wang;Sam McArdle;Mario Berta,,,,,,,Monday session,,Source: https://qip.iaqi.org/2023/event/13076/page/3896-monday-session.html,,,
QIP,2023,poster,The Complexity-Theoretic Limits of Quantum Algorithms for Topological Data Analysis,,Alexander Schmidhuber;Seth Lloyd,,,,,,,Monday session,,Source: https://qip.iaqi.org/2023/event/13076/page/3896-monday-session.html,,,
QIP,2023,poster,Gibbs Sampling of Periodic Potentials on a Quantum Computer,,Arsalan Motamedi;Pooya Ronagh,,,,,,,Monday session,,Source: https://qip.iaqi.org/2023/event/13076/page/3896-monday-session.html,,,
QIP,2023,poster,A theory of quantum differential equation solvers: limitations and fast-forwarding,,Dong An;Jin-Peng Liu;Daochen Wang;Qi Zhao,,,,,,,Monday session,,Source: https://qip.iaqi.org/2023/event/13076/page/3896-monday-session.html,,,
QIP,2023,poster,Quantum receivers for near-optimal unambiguous decoding,,Jasminder Sidhu;Michael Bullock;Saikat Guha;Cosmo Lupo,,,,,,,Monday session,,Source: https://qip.iaqi.org/2023/event/13076/page/3896-monday-session.html,,,
QIP,2023,poster,Quantifying the performance of approximate teleportation and quantum error correction via symmetric two-PPT-extendibility,,Tharon Holdsworth;Vishal Singh;Mark Wilde,,,,,,,Monday session,,Source: https://qip.iaqi.org/2023/event/13076/page/3896-monday-session.html,,,
QIP,2023,poster,Variational Quantum Algorithms for Semidefinite Programming,,Dhrumil Patel;Patrick Coles;Mark Wilde,,,,,,,Monday session,,Source: https://qip.iaqi.org/2023/event/13076/page/3896-monday-session.html,,,
QIP,2023,poster,FABLE: Fast Approximate Quantum Circuits for Block-Encodings,,Roel Van Beeumen;Daan Camps,,,,,,,Monday session,,Source: https://qip.iaqi.org/2023/event/13076/page/3896-monday-session.html,,,
QIP,2023,poster,On the Impossibility of General Parallel Fast-forwarding of Hamiltonian Simulation,,Nai-Hui Chia;Kai-Min Chung;Yao-Ching Hsieh;Han-Hsuan Lin;Yao-Ting Lin;Yu-Ching Shen,,,,,,,Monday session,,Source: https://qip.iaqi.org/2023/event/13076/page/3896-monday-session.html,,,
QIP,2023,poster,Discrete Bulk Reconstruction,,Scott Aaronson;Jason Pollack,,,,,,,Monday session,,Source: https://qip.iaqi.org/2023/event/13076/page/3896-monday-session.html,,,
QIP,2023,poster,Guaranteed efficient energy estimation of quantum many-body Hamiltonians using ShadowGrouping,,Alexander Gresch;Martin Kliesch,,,,,,,Monday session,,Source: https://qip.iaqi.org/2023/event/13076/page/3896-monday-session.html,,,
QIP,2023,poster,Randomized compiling improves logical performance,,Aditya Jain;Pavithran Iyer;Stephen D. Bartlett;Joseph Emerson,,,,,,,Monday session,,Source: https://qip.iaqi.org/2023/event/13076/page/3896-monday-session.html,,,
QIP,2023,poster,Quantum networks with coherent routing of information through multiple nodes,,Hlér Kristjánsson;Yan Zhong;Anthony Munson;Giulio Chiribella,,,,,,,Monday session,,Source: https://qip.iaqi.org/2023/event/13076/page/3896-monday-session.html,,,
QIP,2023,poster,Quantum embedding approaches for materials simulations on quantum computers,,Francois Jamet;Abhishek Agarwal;Ivan Rungger,,,,,,,Monday session,,Source: https://qip.iaqi.org/2023/event/13076/page/3896-monday-session.html,,,
QIP,2023,poster,On the sampling complexity of open quantum systems,,Isobel Aloisio;Gregory White;Charles Hill;Kavan Modi,,,,,,,Monday session,,Source: https://qip.iaqi.org/2023/event/13076/page/3896-monday-session.html,,,
QIP,2023,poster,Versatile fidelity estimation with confidence,,Akshay Seshadri;Martin Ringbauer;Rainer Blatt;Thomas Monz;Stephen Becker,,,,,,,Monday session,,Source: https://qip.iaqi.org/2023/event/13076/page/3896-monday-session.html,,,
QIP,2023,poster,Unconditional Quantum Advantage for Sampling with Shallow Circuits,,Adam Bene Watts;Natalie Parham,,,,,,,Monday session,,Source: https://qip.iaqi.org/2023/event/13076/page/3896-monday-session.html,,,
QIP,2023,poster,Robustness and Limitations of Quantum Algorithms for Nonconvex Optimization,,Weiyuan Gong;Chenyi Zhang;Tongyang Li,,,,,,,Monday session,,Source: https://qip.iaqi.org/2023/event/13076/page/3896-monday-session.html,,,
QIP,2023,poster,Distillation of Secret Key and GHZ States from Multipartite Mixed States,,Farzin Salek;Andreas Winter,,,,,,,Monday session,,Source: https://qip.iaqi.org/2023/event/13076/page/3896-monday-session.html,,,
QIP,2023,poster,Power of sequential protocol in hidden channel discrimination,,Sho Sugiura;Arkopal Dutt;Sina Zeytinoglu;William J. Munro;Isaac L. Chuang,,,,,,,Monday session,,Source: https://qip.iaqi.org/2023/event/13076/page/3896-monday-session.html,,,
QIP,2023,poster,Information recoverability of noisy quantum states,,Xuanqiang Zhao;Benchi Zhao;Zihan Xia;Xin Wang,,,,,,,Monday session,,Source: https://qip.iaqi.org/2023/event/13076/page/3896-monday-session.html,,,
QIP,2023,poster,Shadow estimation of gate-set properties from random sequences,,Jonas Helsen;Marios Ioannou;Roth Ingo;Jonas Kitzinger;Emilio Onorati;Albert Werner;Jens Eisert,,,,,,,Monday session,,Source: https://qip.iaqi.org/2023/event/13076/page/3896-monday-session.html,,,
QIP,2023,poster,Quantum state tomography via non-convex Riemannian gradient descent,,Ming-Chien Hsu;En-Jui Kuo;Wei-Hsuan Yu;Jian-Feng Cai;Min-Hsiu Hsieh,,,,,,,Monday session,,Source: https://qip.iaqi.org/2023/event/13076/page/3896-monday-session.html,,,
QIP,2023,poster,Breaking barriers in two-party quantum cryptography via stochastic semidefinite programming,,Akshay Bansal;Jamie Sikora,,,,,,,Monday session,,Source: https://qip.iaqi.org/2023/event/13076/page/3896-monday-session.html,,,
QIP,2023,poster,Catalysis in action via elementary thermal operations,,Jeongrak Son;Nelly H. Y. Ng,,,,,,,Monday session,,Source: https://qip.iaqi.org/2023/event/13076/page/3896-monday-session.html,,,
QIP,2023,poster,Tight Bounds on Genuine Multipartite Nonlocality for AND,,Hafiza Rumlah Amer;Jibran Rashid,,,,,,,Monday session,,Source: https://qip.iaqi.org/2023/event/13076/page/3896-monday-session.html,,,
QIP,2023,poster,Error-Robust Quantum Signal Processing using Rydberg Atoms,,Sina Zeytinoglu;Sho Sugiura,,,,,,,Monday session,,Source: https://qip.iaqi.org/2023/event/13076/page/3896-monday-session.html,,,
QIP,2023,poster,Greatly improved higher-order product formulae for quantum simulation,,Mauro Morales;Pedro Costa;Daniel Burgarth;Yuval Sanders;Dominic Berry,,,,,,,Monday session,,Source: https://qip.iaqi.org/2023/event/13076/page/3896-monday-session.html,,,
QIP,2023,poster,How to characterise a clock: putting clocks against each other,,Nuriya Nurgalieva;Ralph Silva;Renato Renner,,,,,,,Monday session,,Source: https://qip.iaqi.org/2023/event/13076/page/3896-monday-session.html,,,
QIP,2023,poster,Geometry of Uniform Matrix Product States,,Tim Seynnaeve;Harshit J. Motwani,,,,,,,Monday session,,Source: https://qip.iaqi.org/2023/event/13076/page/3896-monday-session.html,,,
QIP,2023,poster,A perturbative gadget for avoiding barren plateaus in variational quantum algorithms,,Simon Cichy;Paul K. Faehrmann;Sumeet Khatri;Jens Eisert,,,,,,,Monday session,,Source: https://qip.iaqi.org/2023/event/13076/page/3896-monday-session.html,,,
QIP,2023,poster,Quantum metrology beyond the i.i.d. regime: Continuous multiple hypothesis testing,,Johannes Jakob Meyer;Sumeet Khatri;Daniel Stilck França;Jens Eisert;Philippe Faist,,,,,,,Monday session,,Source: https://qip.iaqi.org/2023/event/13076/page/3896-monday-session.html,,,
QIP,2023,poster,Continuous-Variable Shadow Tomography,,Srilekha Gandhari;Victor Albert;Jacob Taylor;Michael Gullans,,,,,,,Monday session,,Source: https://qip.iaqi.org/2023/event/13076/page/3896-monday-session.html,,,
QIP,2023,poster,A hybrid framework for estimating nonlinear functions of quantum states,,You Zhou;Zhenhuan Liu,,,,,,,Monday session,,Source: https://qip.iaqi.org/2023/event/13076/page/3896-monday-session.html,,,
QIP,2023,poster,Extendibility of Werner States,,Dávid Jakab;Adrian Solymos;Zoltán Zimborás,,,,,,,Monday session,,Source: https://qip.iaqi.org/2023/event/13076/page/3896-monday-session.html,,,
QIP,2023,poster,A random matrix model for approximate t-designs,,Piotr Dulian;Adam Sawicki,,,,,,,Monday session,,Source: https://qip.iaqi.org/2023/event/13076/page/3896-monday-session.html,,,
QIP,2023,poster,Hunting for quantum-classical crossover in condensed matter problems,,Nobuyuki Yoshioka;Tsuyoshi Okubo;Yasunari Suzuki;Yuki Koizumi;Wataru Mizukami,,,,,,,Monday session,,Source: https://qip.iaqi.org/2023/event/13076/page/3896-monday-session.html,,,
QIP,2023,poster,Estimating Quantum Hamiltonians via Joint Measurements of Noisy Non-Commuting Observables,,Daniel McNulty;Filip Maciejewski;Michał Oszmaniec,,,,,,,Monday session,,Source: https://qip.iaqi.org/2023/event/13076/page/3896-monday-session.html,,,
QIP,2023,poster,A Complete Equational Theory for Quantum Circuits,,Alexandre Clément;Nicolas Heurtel;Shane Mansfield;Simon Perdrix;Benoît Valiron,,,,,,,Monday session,,Source: https://qip.iaqi.org/2023/event/13076/page/3896-monday-session.html,,,
QIP,2023,poster,Fermion-Parity-Based Computation and its Majorana-Zero-Mode Implementation,,Campbell McLauchlan;Benjamin Beri,,,,,,,Monday session,,Source: https://qip.iaqi.org/2023/event/13076/page/3896-monday-session.html,,,
QIP,2023,poster,Quantum-inspired algorithms for approximating matrix functions,,Youngrong Lim;Chanhun Oh,,,,,,,Monday session,,Source: https://qip.iaqi.org/2023/event/13076/page/3896-monday-session.html,,,
QIP,2023,poster,Efficient classical simulation of cluster state quantum circuits with alternative inputs,,Sahar Atallah;Michael Garn;Sania Jevtic;Yukuan Tao;Shashank Virmani,,,,,,,Monday session,,Source: https://qip.iaqi.org/2023/event/13076/page/3896-monday-session.html,,,
QIP,2023,poster,Proof of the Wigner-Araki-Yanase theorem for unbounded conserved observables,,Yui Kuramochi;Hiroyasu Tajima,,,,,,,Monday session,,Source: https://qip.iaqi.org/2023/event/13076/page/3896-monday-session.html,,,
QIP,2023,poster,Fundamental thresholds of realistic quantum error correction circuits from classical spin models,,Davide Vodola;Manuel Rispler;Seyong Kim;Markus Müller,,,,,,,Monday session,,Source: https://qip.iaqi.org/2023/event/13076/page/3896-monday-session.html,,,
QIP,2023,poster,Ultra fast quantum circuits for quantum state preparation,,Harry Buhrman;Marten Folkertsma;Niels Neumann,,,,,,,Monday session,,Source: https://qip.iaqi.org/2023/event/13076/page/3896-monday-session.html,,,
QIP,2023,poster,Even the weakest external quantum correlations forbid catalysis,,Seok Hyung Lie;Nelly Ng,,,,,,,Monday session,,Source: https://qip.iaqi.org/2023/event/13076/page/3896-monday-session.html,,,
QIP,2023,poster,Circuit depth versus energy in topologically ordered systems,,Arkin Tikku;Isaac Kim,,,,,,,Monday session,,Source: https://qip.iaqi.org/2023/event/13076/page/3896-monday-session.html,,,
QIP,2023,poster,No-broadcasting theorem for non-signaling boxes and assemblages,,Carlos Vieira;Adrian Solymos;Cristhiano Duarte;Zoltán Zimborás,,,,,,,Monday session,,Source: https://qip.iaqi.org/2023/event/13076/page/3896-monday-session.html,,,
QIP,2023,poster,Two instances of random access code in the quantum regime,,Nitica Sakharwade;Michal Studzinski;Michal Eckstein;Pawel Horodecki,,,,,,,Monday session,,Source: https://qip.iaqi.org/2023/event/13076/page/3896-monday-session.html,,,
QIP,2023,poster,Shallow shadows: Expectation estimation using low-depth random Clifford circuits,,Christian Bertoni;Jonas Haferkamp;Marcel Hinsche;Marios Oannou;Jens Eisert;Hakop Pashayan,,,,,,,Monday session,,Source: https://qip.iaqi.org/2023/event/13076/page/3896-monday-session.html,,,
QIP,2023,poster,Multi-agent blind quantum computation without universal cluster state,,Shuxiang Cao,,,,,,,Monday session,,Source: https://qip.iaqi.org/2023/event/13076/page/3896-monday-session.html,,,
QIP,2023,poster,"SeQUeNCe, a Customizable Discrete-Event Simulator of Quantum Networks",,Rajkumar Kettimuthu,,,,,,,Monday session,,Source: https://qip.iaqi.org/2023/event/13076/page/3896-monday-session.html,,,
QIP,2023,poster,Quantum Accelerated Causal Tomography: Circuit Considerations Towards Applications,,Tamal Acharya;Akash Kundu;Aritra Sarkar,,,,,,,Monday session,,Source: https://qip.iaqi.org/2023/event/13076/page/3896-monday-session.html,,,
QIP,2023,poster,Genetic Algorithms for Quantum Circuit Optimization,,Leo Sünkel;Darya Martyniuk;Denny Mattern;Johannes Jung,,,,,,,Monday session,,Source: https://qip.iaqi.org/2023/event/13076/page/3896-monday-session.html,,,
QIP,2023,poster,Variational Quantum Clustering with Pseudo-Labelling,,Hyeong-Gyu Kim;Siheon Park;June-Koo Kevin Rhee,,,,,,,Monday session,,Source: https://qip.iaqi.org/2023/event/13076/page/3896-monday-session.html,,,
QIP,2023,poster,Logical Majorana Fermions for Fault-Tolerant Quantum Simulation,,B. C. A. Morrison;Andrew Landahl,,,,,,,Monday session,,Source: https://qip.iaqi.org/2023/event/13076/page/3896-monday-session.html,,,
QIP,2023,poster,Simulating Markovian open quantum systems using higher order series expansion,,Xiantao Li;Chunhao Wang,,,,,,,Tuesday session,,Source: https://qip.iaqi.org/2023/event/13076/page/3897-tuesday-session.html,,,
QIP,2023,poster,Adaptive Advantage in Entanglement-Assisted Communications,,Jef Pauwels;Stefano Pironio;Emmanuel Zambrini Cruzeiro;Armin Tavakoli,,,,,,,Tuesday session,,Source: https://qip.iaqi.org/2023/event/13076/page/3897-tuesday-session.html,,,
QIP,2023,poster,Quantum Computation for Periodic Solids in Second Quantization,,Aleksei V. Ivanov;Christoph Sünderhauf;Nicole Holzmann;Tom Ellaby;Rachel Kerber;Glenn Jones;Joan Camps,,,,,,,Tuesday session,,Source: https://qip.iaqi.org/2023/event/13076/page/3897-tuesday-session.html,,,
QIP,2023,poster,On the Necessity of Collapsing for Post-Quantum and Quantum Commitments,,Marcel Dall'Agnol;Nick Spooner,,,,,,,Tuesday session,,Source: https://qip.iaqi.org/2023/event/13076/page/3897-tuesday-session.html,,,
QIP,2023,poster,Calculable lower bounds on the efficiency of universal sets of quantum gates,,Oskar Słowik;Adam Sawicki,,,,,,,Tuesday session,,Source: https://qip.iaqi.org/2023/event/13076/page/3897-tuesday-session.html,,,
QIP,2023,poster,Indeterminism and Bell nonlocality with classical systems,,Lorenzo Giannelli;Carlo Maria Scandolo;Giulio Chiribella,,,,,,,Tuesday session,,Source: https://qip.iaqi.org/2023/event/13076/page/3897-tuesday-session.html,,,
QIP,2023,poster,Quantinuum’s Quantum Monte Carlo Integration Engine,,Ifan Williams;Alexandre Krajenbrink;Michael Spranger;Steven Herbert;Jose Gefaell;Edwin Agnew;Roland Guichard;Julien Sorci,,,,,,,Tuesday session,,Source: https://qip.iaqi.org/2023/event/13076/page/3897-tuesday-session.html,,,
QIP,2023,poster,How much noise can a Haar-random state withstand before all entanglement is lost?,,Daniel Miller;Jens Eisert,,,,,,,Tuesday session,,Source: https://qip.iaqi.org/2023/event/13076/page/3897-tuesday-session.html,,,
QIP,2023,poster,An adaptive quantum-phase-estimation protocol for NISQ hardware,,Joseph Smith;David Arvidsson-Shukur;Crispin Barnes,,,,,,,Tuesday session,,Source: https://qip.iaqi.org/2023/event/13076/page/3897-tuesday-session.html,,,
QIP,2023,poster,Gauging quantum states with non-anomalous matrix product operator symmetries,,Jose Garre Rubio;Ilya Kull,,,,,,,Tuesday session,,Source: https://qip.iaqi.org/2023/event/13076/page/3897-tuesday-session.html,,,
QIP,2023,poster,Catalysis in Charging Quantum Batteries,,Ricard Ravell Rodriguez;Borhan Ahmadi;Pawel Mazurek;Shabir Barzanjeh;Robert Alicki;Pawel Horodecki,,,,,,,Tuesday session,,Source: https://qip.iaqi.org/2023/event/13076/page/3897-tuesday-session.html,,,
QIP,2023,poster,Constrained quantum optimization for extractive summarization on a trapped‑ion quantum computer,,Romina Yalovetzky;Pradeep Niroula;Ruslan Shaydulin;Pierre Minssen;Dylan Herman;Shaohan Hu;Marco Pistoia,,,,,,,Tuesday session,,Source: https://qip.iaqi.org/2023/event/13076/page/3897-tuesday-session.html,,,
QIP,2023,poster,Relaxing hardware requirements for surface codes,,Matthew McEwen;Craig Gidney;Dave Bacon,,,,,,,Tuesday session,,Source: https://qip.iaqi.org/2023/event/13076/page/3897-tuesday-session.html,,,
QIP,2023,poster,Bandwidth Enables Generalization in Quantum Kernel Models,,Abdulkadir Canatar;Evan Peters;Cengiz Pehlevan;Stefan Wild;Ruslan Shaydulin,,,,,,,Tuesday session,,Source: https://qip.iaqi.org/2023/event/13076/page/3897-tuesday-session.html,,,
QIP,2023,poster,Software Tools for Decoding Quantum Low-Density Parity Check Codes,,Lucas Berent;Lukas Burgholzer;Robert Wille,,,,,,,Tuesday session,,Source: https://qip.iaqi.org/2023/event/13076/page/3897-tuesday-session.html,,,
QIP,2023,poster,Optical cluster-state generation with unitary averaging,,Deepesh Singh;Austin Lund;Peter Rohde,,,,,,,Tuesday session,,Source: https://qip.iaqi.org/2023/event/13076/page/3897-tuesday-session.html,,,
QIP,2023,poster,Fourier-based quantum signal processing,,Thais Lima Silva;Lucas Borges;Leandro Aolita,,,,,,,Tuesday session,,Source: https://qip.iaqi.org/2023/event/13076/page/3897-tuesday-session.html,,,
QIP,2023,poster,Classical product code constructions for quantum Calderbank-Shor-Steane codes,,Dimiter Ostrev;Davide Orsucci;Francisco Lazaro;Balazs Matuz,,,,,,,Tuesday session,,Source: https://qip.iaqi.org/2023/event/13076/page/3897-tuesday-session.html,,,
QIP,2023,poster,Transforming Collections of Pauli Operators into Equivalent Collections of Pauli Operators over Minimal Registers,,Lane Gunderman,,,,,,,Tuesday session,,Source: https://qip.iaqi.org/2023/event/13076/page/3897-tuesday-session.html,,,
QIP,2023,poster,Maximally entangled symmetric states of two qubits,,Eduardo Serrano-Ensástiga;John Martin,,,,,,,Tuesday session,,Source: https://qip.iaqi.org/2023/event/13076/page/3897-tuesday-session.html,,,
QIP,2023,poster,Quantum Computation for Simulating Periodic Solid-state Systems Using Plane-wave Basis,,Qian Wang;Alice Hu;Yu-Cheng Chen,,,,,,,Tuesday session,,Source: https://qip.iaqi.org/2023/event/13076/page/3897-tuesday-session.html,,,
QIP,2023,poster,Detection and estimation of progress of brain cancer using quantum-classical CNN based method,,Sriya Bada;Sreeraj Warrier;Jayasri Dontabhaktuni,,,,,,,Tuesday session,,Source: https://qip.iaqi.org/2023/event/13076/page/3897-tuesday-session.html,,,
QIP,2023,poster,Two-qutrit Bell-diagonal states: AI versus Algorithmics,,Marcin Wieśniak,,,,,,,Tuesday session,,Source: https://qip.iaqi.org/2023/event/13076/page/3897-tuesday-session.html,,,
QIP,2023,poster,Motion-blur detection in underwater images using classical-quantum CNN based method,,Sreeraj Warrier;Sriya Bada;Jayasri Dontabhaktuni;Rohith Achampeta;Sebastian Uppapalli,,,,,,,Tuesday session,,Source: https://qip.iaqi.org/2023/event/13076/page/3897-tuesday-session.html,,,
QIP,2023,poster,Robust qudit Hamiltonian engineering from graphical constructions and spherical designs,,Hengyun Zhou;Nathaniel Leitao;Haoyang Gao;Leigh Martin;Oksana Makarova;Iris Cong;Alexander Douglas;Mikhail Lukin,,,,,,,Tuesday session,,Source: https://qip.iaqi.org/2023/event/13076/page/3897-tuesday-session.html,,,
QIP,2023,poster,Quantum Spatial Attention based U-Net (QuSAt-UNet) for Ball Screw Drive Metal Surface Segmentation,,Kalpesh Prajapati;Kameshwar Rao Jv,,,,,,,Tuesday session,,Source: https://qip.iaqi.org/2023/event/13076/page/3897-tuesday-session.html,,,
QIP,2023,poster,Variational Quantum Circuit with Transformer for Classifying Medical Condition based on User Reviews on Drugs,,Kalpesh Prajapati;Kameshwar Rao Jv,,,,,,,Tuesday session,,Source: https://qip.iaqi.org/2023/event/13076/page/3897-tuesday-session.html,,,
QIP,2023,poster,Entanglement in quantum hypergraph states,,Jan Nöller;Mariami Gachechiladze,,,,,,,Tuesday session,,Source: https://qip.iaqi.org/2023/event/13076/page/3897-tuesday-session.html,,,
QIP,2023,poster,Anyon Condensation and Quantum Error Correction,,Julio C. Magdalena de la Fuente;Markus S. Kesselring,,,,,,,Tuesday session,,Source: https://qip.iaqi.org/2023/event/13076/page/3897-tuesday-session.html,,,
QIP,2023,poster,Quantum security of subset cover problems,,Samuel Bouaziz-Ermann;Alex B. Grilo;Damien Vergnaud,,,,,,,Tuesday session,,Source: https://qip.iaqi.org/2023/event/13076/page/3897-tuesday-session.html,,,
QIP,2023,poster,A State Distillation Method Using Quantum Imaginary Time Control for Solving the Generalized Eigenproblems,,Mengzhen Ren;Alice Hu;Yu-Cheng Chen,,,,,,,Tuesday session,,Source: https://qip.iaqi.org/2023/event/13076/page/3897-tuesday-session.html,,,
QIP,2023,poster,A tensor norm approach to quantum compatibility,,Andreas Bluhm;Ion Nechita,,,,,,,Tuesday session,,Source: https://qip.iaqi.org/2023/event/13076/page/3897-tuesday-session.html,,,
QIP,2023,poster,Extension of CL-P bound of Clifford circuits via framed Wigner simulator,,Gue Dong Park;Hyukjoon Kwon;Hyunseok Jeong,,,,,,,Tuesday session,,Source: https://qip.iaqi.org/2023/event/13076/page/3897-tuesday-session.html,,,
QIP,2023,poster,Best practices for multivariant input in parametrized quantum circuits,,Dirk Heimann;Gunnar Schönhoff;Elie Mounzer;Frank Kirchner,,,,,,,Tuesday session,,Source: https://qip.iaqi.org/2023/event/13076/page/3897-tuesday-session.html,,,
QIP,2023,poster,Multispectral Satellite Data Analysis Using Support Vector Machines With Quantum Kernels,,Artur Miroszewski;Filip Szczepanek;Grzegorz Czelusta;Bartosz Grabowski;Bertrand Le Saux;Jakub Nalepa;Jakub Mielczarek,,,,,,,Tuesday session,,Source: https://qip.iaqi.org/2023/event/13076/page/3897-tuesday-session.html,,,
QIP,2023,poster,Quantum Simulation of $\mathbb{Z}_2$ Lattice Gauge theory with minimal requirements,,Reinis Irmejs;Mari-Carmen Banuls;J. Ignacio Cirac,,,,,,,Tuesday session,,Source: https://qip.iaqi.org/2023/event/13076/page/3897-tuesday-session.html,,,
QIP,2023,poster,No graph states can be prepared in quantum networks with bipartite sources,,Owidiusz Makuta;Laurens T. Ligthart;Remigiusz Augusiak,,,,,,,Tuesday session,,Source: https://qip.iaqi.org/2023/event/13076/page/3897-tuesday-session.html,,,
QIP,2023,poster,Syndrome extraction using the spin-photon interface,,Elena Callus;Pieter Kok,,,,,,,Tuesday session,,Source: https://qip.iaqi.org/2023/event/13076/page/3897-tuesday-session.html,,,
QIP,2023,poster,Noise in quantum rigid rotors: from the perspective of error correction,,Shubham Jain;Eric Hudson;Wesley Campbell;Victor Albert,,,,,,,Tuesday session,,Source: https://qip.iaqi.org/2023/event/13076/page/3897-tuesday-session.html,,,
QIP,2023,poster,Exponential data encoding strategy for quantum supervised learning,,Seongwook Shin;Yong Siah Teo;Hyunseok Jeong,,,,,,,Tuesday session,,Source: https://qip.iaqi.org/2023/event/13076/page/3897-tuesday-session.html,,,
QIP,2023,poster,Finite-time Landauer principle at strong coupling,,Alberto Rolandi;Martí Perarnau-Llobet,,,,,,,Tuesday session,,Source: https://qip.iaqi.org/2023/event/13076/page/3897-tuesday-session.html,,,
QIP,2023,poster,Efficient Machine-Learning-based decoder for Heavy Hexagonal QECC,,Debasmita Bhoumik;Ritajit Majumdar;Dhiraj Madan;Dhinakaran Vinayagamurthy;Shesha Raghunathan;Susmita Sur-Kolay,,,,,,,Tuesday session,,Source: https://qip.iaqi.org/2023/event/13076/page/3897-tuesday-session.html,,,
QIP,2023,poster,Efficient Quantum Circuit Generation via Reinforcement Learning,,Kim DongHa,,,,,,,Tuesday session,,Source: https://qip.iaqi.org/2023/event/13076/page/3897-tuesday-session.html,,,
QIP,2023,poster,Classically Approximating Variational Quantum Machine Learning with Random Fourier Features,,Jonas Landman;Slimane Thabet;Constantin Dalyac;Hela Mhiri;Elham Kashefi,,,,,,,Tuesday session,,Source: https://qip.iaqi.org/2023/event/13076/page/3897-tuesday-session.html,,,
QIP,2023,poster,Near Term Quantum Machine Learning with Particle Number Preserving Circuits,,Jonas Landman;Iordanis Kerenidis;Natansh Mathur,,,,,,,Tuesday session,,Source: https://qip.iaqi.org/2023/event/13076/page/3897-tuesday-session.html,,,
QIP,2023,poster,Error mitigation for chemistry simulation on quantum hardware,,Christian Gogolin,,,,,,,Tuesday session,,Source: https://qip.iaqi.org/2023/event/13076/page/3897-tuesday-session.html,,,
QIP,2023,poster,Transcendental properties of entropy-constrained sets: Part II,,Vjosa Blakaj;Chokri Manai,,,,,,,Tuesday session,,Source: https://qip.iaqi.org/2023/event/13076/page/3897-tuesday-session.html,,,
QIP,2023,poster,Quantum Bell Inequalities from Information Causality,,Prabhav Jain;Mariami Gachechiladze;Nikolai Miklin,,,,,,,Tuesday session,,Source: https://qip.iaqi.org/2023/event/13076/page/3897-tuesday-session.html,,,
QIP,2023,poster,Quantum Approximate Optimization Algorithm and its recursive version to solve MAX-CUT problem for Complete graphs,,Eunok Bae;Soojoon Lee,,,,,,,Tuesday session,,Source: https://qip.iaqi.org/2023/event/13076/page/3897-tuesday-session.html,,,
QIP,2023,poster,Universality verification for a set of quantum gates,,Adam Sawicki;Lorenzo Mattioli;Zoltan Zimboras,,,,,,,Tuesday session,,Source: https://qip.iaqi.org/2023/event/13076/page/3897-tuesday-session.html,,,
QIP,2023,poster,Quantum Correlated Policies in Multi-Agent Reinforcement Learning,,Hans Hohenfeld,,,,,,,Tuesday session,,Source: https://qip.iaqi.org/2023/event/13076/page/3897-tuesday-session.html,,,
QIP,2023,poster,Matrix concentration inequalities and random $t$-designs,,Piotr Dulian;Adam Sawicki,,,,,,,Tuesday session,,Source: https://qip.iaqi.org/2023/event/13076/page/3897-tuesday-session.html,,,
QIP,2023,poster,A new information criterion for quantum state estimation,,Hiroshi Yano;Naoki Yamamoto,,,,,,,Tuesday session,,Source: https://qip.iaqi.org/2023/event/13076/page/3897-tuesday-session.html,,,
QIP,2023,poster,Efficient decomposition of multi-qubit gates,,P.V. Sriluckshmy;Vicente Pina-Canelles;Manuel G. Algaba;Fedor Šimkovic;Martin Leib,,,,,,,Tuesday session,,Source: https://qip.iaqi.org/2023/event/13076/page/3897-tuesday-session.html,,,
QIP,2023,poster,Privacy Amplification with Python,,Iyan Mendez Veiga;Esther Hänggi,,,,,,,Tuesday session,,Source: https://qip.iaqi.org/2023/event/13076/page/3897-tuesday-session.html,,,
QIP,2023,poster,Fault-tolerant Variational Quantum Eigensolver,,Hasan Sayginel;Dan Browne;Francois Jamet;Ivan Rungger,,,,,,,Tuesday session,,Source: https://qip.iaqi.org/2023/event/13076/page/3897-tuesday-session.html,,,
QIP,2023,poster,The Smallest Code with Transversal T,,Stergios Koutsioumpas;Darren Banfield;Alastair Kay,,,,,,,Tuesday session,,Source: https://qip.iaqi.org/2023/event/13076/page/3897-tuesday-session.html,,,
QIP,2023,poster,Multicore quantum computing,,Hamza Jnane;Brennan Undseth;Zhenyu Cai;Simon Benjamin;Balint Koczor,,,,,,,Tuesday session,,Source: https://qip.iaqi.org/2023/event/13076/page/3897-tuesday-session.html,,,
QIP,2023,poster,"QuBOBS, physical devices and a visual representation to explain quantum computing",,Sophie Laplante;Loris Perez;Sylvie Tissot;Lou Vettier,,,,,,,Tuesday session,,Source: https://qip.iaqi.org/2023/event/13076/page/3897-tuesday-session.html,,,
QIP,2023,poster,Overcoming fundamental bounds on quantum conference key agreement,,Giacomo Carrara;Glaucia Murta;Federico Grasselli,,,,,,,Tuesday session,,Source: https://qip.iaqi.org/2023/event/13076/page/3897-tuesday-session.html,,,
QIP,2023,poster,Implementing Logical Operators using Code Rewiring,,Darren Banfield;Alastair Kay,,,,,,,Tuesday session,,Source: https://qip.iaqi.org/2023/event/13076/page/3897-tuesday-session.html,,,
QIP,2023,poster,Quantum Machine Learning on Smaller Quantum Computers,,Simon Marshall;Casper Gyurik;Vedran Dunjko,,,,,,,Tuesday session,,Source: https://qip.iaqi.org/2023/event/13076/page/3897-tuesday-session.html,,,
QIP,2023,poster,Minimal Port-based Teleportation,,Michal Studzinski;Sergii Strelchuk,,,,,,,Tuesday session,,Source: https://qip.iaqi.org/2023/event/13076/page/3897-tuesday-session.html,,,
QIP,2023,poster,Dual-unitary circuits: Conservation laws and operator spreading,,Tom Holden-Dye;Arijeet Pal;Lluís Masanes,,,,,,,Tuesday session,,Source: https://qip.iaqi.org/2023/event/13076/page/3897-tuesday-session.html,,,
QIP,2023,poster,Feasibility of NISQ Algorithms for Topological Data Analysis,,Shashvat Shukla,,,,,,,Tuesday session,,Source: https://qip.iaqi.org/2023/event/13076/page/3897-tuesday-session.html,,,
QIP,2023,poster,Generic quantum Wielandt's inequality,,Yifan Jia;Angela Capel Cuevas,,,,,,,Tuesday session,,Source: https://qip.iaqi.org/2023/event/13076/page/3897-tuesday-session.html,,,
QIP,2023,poster,Preparing the XY surface code with high threshold under biased noise,,Pei-Kai Tsai;Yue Wu;Shruti Puri,,,,,,,Tuesday session,,Source: https://qip.iaqi.org/2023/event/13076/page/3897-tuesday-session.html,,,
QIP,2023,poster,Error-correction zoo,,Victor V. Albert;Philippe Faist,,,,,,,Tuesday session,,Source: https://qip.iaqi.org/2023/event/13076/page/3897-tuesday-session.html,,,
QIP,2023,poster,Measurement-free quantum error correction with native multi-qubit gates,,Michael A. Perlin;Mark Saffman;Robert J. Joynt,,,,,,,Tuesday session,,Source: https://qip.iaqi.org/2023/event/13076/page/3897-tuesday-session.html,,,
QIP,2023,poster,On the power of nonstandard quantum oracles,,Roozbeh Bassirian;Bill Fefferman;Kunal Marwaha,,,,,,,Tuesday session,,Source: https://qip.iaqi.org/2023/event/13076/page/3897-tuesday-session.html,,,
QIP,2023,poster,Practical and efficient Hamiltonian learning,,Wenjun Yu;Jinzhao Sun;Zeyao Han;Xiao Yuan,,,,,,,Tuesday session,,Source: https://qip.iaqi.org/2023/event/13076/page/3897-tuesday-session.html,,,
QIP,2023,poster,Quantum World Models: Learning MDP Transitions Using Parametrized Quantum Circuits,,Lukas Gross;Dirk Heimann;Hans Hohenfeld,,,,,,,Tuesday session,,Source: https://qip.iaqi.org/2023/event/13076/page/3897-tuesday-session.html,,,
QIP,2023,poster,Optimising VQE via Bayesian updates of local surrogate models,,Jan Lukas Bosse;Ashley Montanaro,,,,,,,Tuesday session,,Source: https://qip.iaqi.org/2023/event/13076/page/3897-tuesday-session.html,,,
QIP,2023,poster,New techniques to improve zero-noise extrapolation on superconducting qubits,,Kathrin Koenig;Finn Reinecke;Thomas Wellens,,,,,,,Tuesday session,,Source: https://qip.iaqi.org/2023/event/13076/page/3897-tuesday-session.html,,,
QIP,2023,poster,Efficient simulation of time-dependent Hamiltonians,,Guannan Chen;Pranav Singh;Chris Budd;Mohammadali Foroozandeh,,,,,,,Tuesday session,,Source: https://qip.iaqi.org/2023/event/13076/page/3897-tuesday-session.html,,,
QIP,2023,poster,Dynamics of entanglement of many-body localized systems coupled to an environment,,Elisabeth Wybo;Michael Knap;Frank Pollmann,,,,,,,Tuesday session,,Source: https://qip.iaqi.org/2023/event/13076/page/3897-tuesday-session.html,,,
QIP,2023,poster,Efficient measurement schemes for bosonic systems,,Tianren Gu;Xiao Yuan;Bujiao Wu,,,,,,,Tuesday session,,Source: https://qip.iaqi.org/2023/event/13076/page/3897-tuesday-session.html,,,
QIP,2023,poster,Contractivity and QAOA Performance under Dephasing,,Dina Abdelhadi;Daniel Stilck Franca,,,,,,,Tuesday session,,Source: https://qip.iaqi.org/2023/event/13076/page/3897-tuesday-session.html,,,
QIP,2023,poster,Virtual Resource Distillation in Continuous Variable Systems,,Amalina Lai;Mile Gu;Ryuji Takagi,,,,,,,Tuesday session,,Source: https://qip.iaqi.org/2023/event/13076/page/3897-tuesday-session.html,,,
QIP,2023,poster,Analyses of the viability of automating the quantum circuit construction of Grover’s Oracle for executing wildcard searches on NISQ processors,,Willie Huang,,,,,,,Tuesday session,,Source: https://qip.iaqi.org/2023/event/13076/page/3897-tuesday-session.html,,,
QIP,2023,poster,Design of Quantum error correcting code for biased error on heavy-hexagon structure,,Younghun Kim;Jeongsoo Kang;Younghun Kwon,,,,,,,Tuesday session,,Source: https://qip.iaqi.org/2023/event/13076/page/3897-tuesday-session.html,,,
QIP,2023,poster,Quantum simulation of dynamical phase transitions in noisy quantum devices,,Younes Javanmard,,,,,,,Tuesday session,,Source: https://qip.iaqi.org/2023/event/13076/page/3897-tuesday-session.html,,,
QIP,2023,poster,Quantum walk based sampling algorithms,,Sára Pituk;András Gilyén,,,,,,,Tuesday session,,Source: https://qip.iaqi.org/2023/event/13076/page/3897-tuesday-session.html,,,
QIP,2023,poster,Quantum chernoff bounds for advantage distillation DIQKD,,Mikka Stasiuk;Ernest Tan;Norbert Lutkenhaus,,,,,,,Tuesday session,,Source: https://qip.iaqi.org/2023/event/13076/page/3897-tuesday-session.html,,,
QIP,2023,poster,Analytically Realizing Hybrid Boson-Qubit Operations via Hamiltonian Simulation Techniques,,Christopher Kang;Micheline Soley;Eleanor Crane;Steven Girvin;Nathan Wiebe,,,,,,,Tuesday session,,Source: https://qip.iaqi.org/2023/event/13076/page/3897-tuesday-session.html,,,
QIP,2023,poster,Quantum tomography under perturbed Hamiltonian evolution and scrambling of errors - a quantum signature of chaos,,Abinash Sahu;Naga Dileep Varikuti;Vaibhav Madhok,,,,,,,Tuesday session,,Source: https://qip.iaqi.org/2023/event/13076/page/3897-tuesday-session.html,,,
QIP,2023,poster,Comparison of 2-dimensional and high-dimensional BB84 QKD protocols,,Claudia De Lazzari;Ilaria Vagniluca;Domenico Ribezzo;Davide Bacco;Alessandro Zavatta;Tommaso Occhipinti,,,,,,,Tuesday session,,Source: https://qip.iaqi.org/2023/event/13076/page/3897-tuesday-session.html,,,
QIP,2023,poster,Spectral estimation for Hamiltonians: a comparison between classical imaginary-time evolution and quantum real-time evolution,,Maarten Stroeks;Jonas Helsen;Barbara Terhal,,,,,,,Tuesday session,,Source: https://qip.iaqi.org/2023/event/13076/page/3897-tuesday-session.html,,,
QIP,2023,poster,Spacelike Floquet Codes,,Simon Burton,,,,,,,Tuesday session,,Source: https://qip.iaqi.org/2023/event/13076/page/3897-tuesday-session.html,,,
QIP,2023,poster,Certifying Quantum Separability with Adaptive Polytopes,,Ties-Albrecht Ohst;Xiao-Dong Yu;Otfried Gühne;H. Chau Nguyen,,,,,,,Tuesday session,,Source: https://qip.iaqi.org/2023/event/13076/page/3897-tuesday-session.html,,,
QIP,2023,poster,Universal entanglement and correlation measure in two-dimensional conformal field theories,,Chao Yin;Zhenhuan Liu,,,,,,,Tuesday session,,Source: https://qip.iaqi.org/2023/event/13076/page/3897-tuesday-session.html,,,
QIP,2023,poster,Quantum phase detection generalisation from marginal quantum neural network models,,Saverio Monaco;Oriel Kiss;Antonio Mandarino;Sofia Vallecorsa;Michele Grossi,,,,,,,Tuesday session,,Source: https://qip.iaqi.org/2023/event/13076/page/3897-tuesday-session.html,,,
QIP,2023,poster,Statistical mechanics mapping for finite rate LDPC codes,,Benedikt Placke;Nikolas Breuckmann,,,,,,,Tuesday session,,Source: https://qip.iaqi.org/2023/event/13076/page/3897-tuesday-session.html,,,
QIP,2023,poster,Interpolation of Trotter data for eigenvalue and expectation value estimation,,Gumaro Rendon;Jacob Watkins;Nathan Wiebe,,,,,,,Tuesday session,,Source: https://qip.iaqi.org/2023/event/13076/page/3897-tuesday-session.html,,,
QIP,2023,poster,Frequency analysis of nonlinear pendulum via Quantum Fourier Transform,,Yi-Lin Cheng;Chih-Yu Chen;Tsung-Wei Huang;Yu-Ping Liao,,,,,,,Tuesday session,,Source: https://qip.iaqi.org/2023/event/13076/page/3897-tuesday-session.html,,,
QIP,2023,poster,Quantum error correction in a time-dependent transverse field Ising model,,Yifan Hong;Jeremy Young;Adam Kaufman;Andrew Lucas,,,,,,,Tuesday session,,Source: https://qip.iaqi.org/2023/event/13076/page/3897-tuesday-session.html,,,
QIP,2023,poster,Square-root measurements and resource state degradation in port-based teleportation scheme,,Piotr Kopszak;Marek Mozrzymas;Michał Studziński,,,,,,,Tuesday session,,Source: https://qip.iaqi.org/2023/event/13076/page/3897-tuesday-session.html,,,
QIP,2023,poster,Optimizing Bell inequalities via Tropical Algebra,,Mengyao Hu;Patrick Emonts;Jordi Tura,,,,,,,Tuesday session,,Source: https://qip.iaqi.org/2023/event/13076/page/3897-tuesday-session.html,,,
QIP,2023,poster,Faster eigenstate preparation using a distributed quantum protocol,,Benjamin Schiffer;Jordi Tura,,,,,,,Tuesday session,,Source: https://qip.iaqi.org/2023/event/13076/page/3897-tuesday-session.html,,,
QIP,2023,poster,Hardy’s paradox and locally (in)accessible information,,Maria Violaris;Samuel Kuypers,,,,,,,Tuesday session,,Source: https://qip.iaqi.org/2023/event/13076/page/3897-tuesday-session.html,,,
QIP,2023,poster,Simultaneous Stoquasticity,,Jacob Bringewatt;Lucas Brady,,,,,,,Tuesday session,,Source: https://qip.iaqi.org/2023/event/13076/page/3897-tuesday-session.html,,,
QIP,2023,poster,Simultaneous transfer of energy and information through a quantum channel.,,Bishal Kumar Das;Lav R. Varshney;Vaibhav Madhok,,,,,,,Tuesday session,,Source: https://qip.iaqi.org/2023/event/13076/page/3897-tuesday-session.html,,,
QIP,2023,poster,Towards a Classical-Interfacing Quantum Data Center,,Lara Booth;Agnes Villanyi,,,,,,,Tuesday session,,Source: https://qip.iaqi.org/2023/event/13076/page/3897-tuesday-session.html,,,
QIP,2023,poster,Classification of Hybrid Quantum-Classical Computing,,Frank Phillipson;Niels Neumann;Robert Wezeman,,,,,,,Tuesday session,,Source: https://qip.iaqi.org/2023/event/13076/page/3897-tuesday-session.html,,,
QIP,2023,poster,Unraveling correlated material properties with noisy quantum computers: solving extended impurity models with the natural-orbitalization algorithm,,Pauline Besserve;Thomas Ayral,,,,,,,Tuesday session,,Source: https://qip.iaqi.org/2023/event/13076/page/3897-tuesday-session.html,,,
QIP,2023,poster,Enhancing binary phase-shift-keying quantum communication with atomic indirect measurement via squeezing operation,,Min Namkung;Jeong San Kim,,,,,,,Tuesday session,,Source: https://qip.iaqi.org/2023/event/13076/page/3897-tuesday-session.html,,,
QIP,2023,poster,Optimising shadow tomography with generalised measurements,,Hai Chau Nguyen;Jan Lennart Bönsel;Jonathan Steinberg;Otfried Gühne,,,,,,,Tuesday session,,Source: https://qip.iaqi.org/2023/event/13076/page/3897-tuesday-session.html,,,
QIP,2023,poster,Advantages of Measurement-based Variational Quantum Eigensolvers,,Anna Schroeder;Matthias Heller;Mariami Gachechiladze,,,,,,,Tuesday session,,Source: https://qip.iaqi.org/2023/event/13076/page/3897-tuesday-session.html,,,
QIP,2023,poster,The Role of Entanglement in Quantum-Relaxation Based Optimization Algorithms,,Kosei Teramoto;Rudy Raymond;Hiroshi Imai,,,,,,,Tuesday session,,Source: https://qip.iaqi.org/2023/event/13076/page/3897-tuesday-session.html,,,
QIP,2023,poster,Quantifying quantum computational complexity via information scrambling,,Arash Ahmadi;Eliska Greplova,,,,,,,Tuesday session,,Source: https://qip.iaqi.org/2023/event/13076/page/3897-tuesday-session.html,,,
QIP,2023,poster,Gaussian interconversion of non-Gaussian resources,,Oliver Hahn;Patric Holmvall;Pascal Stadler;Giulia Ferrini;Alessandro Ferraro,,,,,,,Tuesday session,,Source: https://qip.iaqi.org/2023/event/13076/page/3897-tuesday-session.html,,,
QIP,2023,poster,Stabilizer subsystem decompositions for single- and multi-mode Gottesman-Kitaev-Preskill codes,,Mackenzie Shaw;Andrew Doherty;Arne Grimsmo,,,,,,,Tuesday session,,Source: https://qip.iaqi.org/2023/event/13076/page/3897-tuesday-session.html,,,
QIP,2023,poster,Epsilon-nets and dynamic programming: towards bond dimension witnesses,,Patrick Emonts;Mengyao Hu;Jordi Tura,,,,,,,Tuesday session,,Source: https://qip.iaqi.org/2023/event/13076/page/3897-tuesday-session.html,,,
QIP,2023,poster,the theory prediction for entangle source though double-slit,,Shih-Han Weng;Tsung-Wei Huang;Ching-Ling Hsu,,,,,,,Tuesday session,,Source: https://qip.iaqi.org/2023/event/13076/page/3897-tuesday-session.html,,,
QIP,2023,poster,Trainable Quantum Walks simulation for loading probability distribution,,Yen Jui Chang;Wei-Ting Wang;Shih-Wei Liao;Ching-Ray Chang,,,,,,,Tuesday session,,Source: https://qip.iaqi.org/2023/event/13076/page/3897-tuesday-session.html,,,
QIP,2023,poster,"The first quantum metric evaluation on gate-based, annealing-based and photonic quantum hardware",,Ward van der Schoot;Robert Wezeman;Frank Phillipson;Niels Neumann,,,,,,,Tuesday session,,Source: https://qip.iaqi.org/2023/event/13076/page/3897-tuesday-session.html,,,
QIP,2023,poster,Intrinsic decoherence effects on quantum coherence and quantum discord in XXZ Heisenberg model,,Zakaria Dahbi;Mansoura Oumennana;Mostafa Mansour,,,,,,,Tuesday session,,Source: https://qip.iaqi.org/2023/event/13076/page/3897-tuesday-session.html,,,
QIP,2023,poster,Low-depth simulations of fermionic systems on realistic quantum hardware,,Manuel G. Algaba;P.V. Sriluckshmy;Martin Leib;Fedor Simkovic,,,,,,,Tuesday session,,Source: https://qip.iaqi.org/2023/event/13076/page/3897-tuesday-session.html,,,
QIP,2023,poster,Concentration Inequalities for Output Statistics of Quantum Markov Processes,,Federico Girotti;Madalin Guta;George Bakewell-Smith;Juan P. Garrahan,,,,,,,Tuesday session,,Source: https://qip.iaqi.org/2023/event/13076/page/3897-tuesday-session.html,,,
QIP,2023,poster,Multi-qubit Gate Decomposition Techniques for Trapped-Ion Qudits,,Anastasiia Nikolaeva;Evgeny Kiktenko;Aleksey Fedorov,,,,,,,Tuesday session,,Source: https://qip.iaqi.org/2023/event/13076/page/3897-tuesday-session.html,,,
QIP,2023,poster,Full optimization of a single-qubit gate on the generalized sequential quantum optimizer,,Kaito Wada;Rudy Raymond;Yuki Sato;Hiroshi Watanabe,,,,,,,Tuesday session,,Source: https://qip.iaqi.org/2023/event/13076/page/3897-tuesday-session.html,,,
QIP,2023,poster,The effect of errors on Gaussian boson sampling applied to the dense subgraph problem,,Naomi Solomons;Oliver Thomas;Dara McCutcheon,,,,,,,Tuesday session,,Source: https://qip.iaqi.org/2023/event/13076/page/3897-tuesday-session.html,,,
QIP,2023,poster,NISQ friendly approach towards variational quantum eigensolver,,Eyuel Eshetu Elala;Aidan Pellow-Jarman;Rowan Pellow-Jarman;Shane McFarthing;Francesco Petruccione;June-Koo Kevin Rhee,,,,,,,Tuesday session,,Source: https://qip.iaqi.org/2023/event/13076/page/3897-tuesday-session.html,,,
QIP,2023,poster,Energy Filter with 1D Tensor Networks,,Kshiti Sneh Rai;Álvaro M. Alhambra;J. Ignacio Cirac,,,,,,,Tuesday session,,Source: https://qip.iaqi.org/2023/event/13076/page/3897-tuesday-session.html,,,
QIP,2023,poster,Faster convergence to the Parrondo paradox problem via quantum random walks algorithm.,,Ran-Yu Chang;Yu-Chao Hsu;Tzu-Jui Liu;Tsung-Wei Huang,,,,,,,Tuesday session,,Source: https://qip.iaqi.org/2023/event/13076/page/3897-tuesday-session.html,,,
QIP,2023,poster,Taking Advantage of Noise to Speed Up Classical Simulation of NISQ Circuits,,Joel Rajakumar;James Watson;Yi-Kai Liu,,,,,,,Tuesday session,,Source: https://qip.iaqi.org/2023/event/13076/page/3897-tuesday-session.html,,,
QIP,2023,poster,Using Quantum random walks to predict the chemical reaction rate constant,,Tsung-Wei Huang;Ran-Yu Chang;Chih-Yu Chen,,,,,,,Tuesday session,,Source: https://qip.iaqi.org/2023/event/13076/page/3897-tuesday-session.html,,,
QIP,2023,poster,Optimization of coincidence window for QKD in a noisy environment,,Hashir Kuniyil;Kadir Durak,,,,,,,Tuesday session,,Source: https://qip.iaqi.org/2023/event/13076/page/3897-tuesday-session.html,,,
QIP,2023,poster,Entanglement Batteries,,Ye-Chao Liu;Stefan Nimmrichter;Otfried Gühne,,,,,,,Tuesday session,,Source: https://qip.iaqi.org/2023/event/13076/page/3897-tuesday-session.html,,,
QIP,2023,poster,Reduce-and-chop: Shallow circuits for deeper problems,,Adrián Pérez-Salinas;Radoica Draskic;Jordi Tura Brugués;Vedran Dunjko,,,,,,,Tuesday session,,Source: https://qip.iaqi.org/2023/event/13076/page/3897-tuesday-session.html,,,
QIP,2023,poster,Zero noise extrapolation for a small diatomic molecule on a trapped-ion quantum computer,,Oliver Maupin;Ashlyn Burch;Christopher Yale;Peter Love;Susan Clark;Brandon Ruzic;Andrew Landahl;Kenneth Rudinger;Antonio Russo;Daniel Lobser;Andrew Baczewski,,,,,,,Tuesday session,,Source: https://qip.iaqi.org/2023/event/13076/page/3897-tuesday-session.html,,,
QIP,2023,poster,Local Stochastic Factored Gradient Descent for Distributed Quantum State Tomography,,Junhyung Lyle Kim;Mohammad Taha Toghani;César A. Uribe;Anastasios Kyrillidis,,,,,,,Tuesday session,,Source: https://qip.iaqi.org/2023/event/13076/page/3897-tuesday-session.html,,,
QIP,2023,poster,A new class of entropic uncertainty relations,,Antonio Rotundo;Rene Schwonnek,,,,,,,Tuesday session,,Source: https://qip.iaqi.org/2023/event/13076/page/3897-tuesday-session.html,,,
QIP,2023,poster,Composite Pulses in Phase Space: High-Fidelity Universal Measurement-Free Gate Teleportation for Finite-Energy GKP Qubits,,Shraddha Singh;Baptiste Royer;Steven M Girvin,,,,,,,Tuesday session,,Source: https://qip.iaqi.org/2023/event/13076/page/3897-tuesday-session.html,,,
QIP,2023,poster,Universality versus certification of distinctive features in the Bose-Hubbard Hamiltonian,,Lukas Pausch;Edoardo G. Carnio;Alberto Rodríguez;Andreas Buchleitner,,,,,,,Tuesday session,,Source: https://qip.iaqi.org/2023/event/13076/page/3897-tuesday-session.html,,,
QIP,2023,poster,Analyzing and designing fault-tolerant circuits using detector error models,,Peter-Jan Derks;Alex Townsend-Teague,,,,,,,Tuesday session,,Source: https://qip.iaqi.org/2023/event/13076/page/3897-tuesday-session.html,,,
QIP,2023,poster,Spin squeezing inequalities meet randomized measurements,,Jan Lennart Bönsel;Satoya Imai;Ye-Chao Liu;Otfried Gühne,,,,,,,Tuesday session,,Source: https://qip.iaqi.org/2023/event/13076/page/3897-tuesday-session.html,,,
QIP,2023,poster,A toolbox to simulate quantum optomechanical systems,,Sampreet Kalita;Amarendra K. Sarma,,,,,,,Tuesday session,,Source: https://qip.iaqi.org/2023/event/13076/page/3897-tuesday-session.html,,,
QIP,2023,poster,Noisy quantum batteries: optimizing the output ergotropy,,Salvatore Tirone;Raffaele Salvia;Stefano Chessa;Vittorio Giovannetti,,,,,,,Tuesday session,,Source: https://qip.iaqi.org/2023/event/13076/page/3897-tuesday-session.html,,,
QIP,2023,poster,High-dimensional measurement incompatibility and steering,,Benjamin Jones;Roope Uola;Thomas Cope;Marie Ioannou;Sebastien Designolle;Pavel Sekatski;Nicolas Brunner,,,,,,,Tuesday session,,Source: https://qip.iaqi.org/2023/event/13076/page/3897-tuesday-session.html,,,
QIP,2023,poster,Long-range entangled states from stochastic evolution and random measurements,,Iosifina Angelidi;Marcin Szyniszewski;Arijeet Pal,,,,,,,Tuesday session,,Source: https://qip.iaqi.org/2023/event/13076/page/3897-tuesday-session.html,,,
QIP,2023,poster,Faster Stochastic First-Order Method for Maximum-Likelihood Quantum State Tomography,,Chung-En Tsai;Hao-Chung Cheng;Yen-Huan Li,,,,,,,Tuesday session,,Source: https://qip.iaqi.org/2023/event/13076/page/3897-tuesday-session.html,,,
QIP,2023,poster,Quantum Error Correction with Gauge Symmetries,,Abhishek Rajput;Alessandro Roggero;Nathan Wiebe,,,,,,,Tuesday session,,Source: https://qip.iaqi.org/2023/event/13076/page/3897-tuesday-session.html,,,
QIP,2023,poster,Using copies to improve precision in continuous-time quantum computing,,Jemma Bennett;Adam Callison;Tom O'Leary;Mia West;Nicholas Chancellor;Viv Kendon,,,,,,,Tuesday session,,Source: https://qip.iaqi.org/2023/event/13076/page/3897-tuesday-session.html,,,
QIP,2023,poster,Adaptive surface code for quantum error correction on a defective lattice,,Adam Siegel;Armands Strikis;Thomas Flatters;Simon Benjamin,,,,,,,Tuesday session,,Source: https://qip.iaqi.org/2023/event/13076/page/3897-tuesday-session.html,,,
QIP,2023,poster,Probing spectroscopic features of quantum many-body systems on a quantum simulator,,Jinzhao Sun;Lucia Vilchez-Estevez;Vlatko Vedral;Andrew Boothroyd,,,,,,,Tuesday session,,Source: https://qip.iaqi.org/2023/event/13076/page/3897-tuesday-session.html,,,
QIP,2023,poster,Active error-corrected memory with the Sweep Rule,,Annie Ray;Raymond Laflamme;Aleksander Kubica,,,,,,,Tuesday session,,Source: https://qip.iaqi.org/2023/event/13076/page/3897-tuesday-session.html,,,
QIP,2023,poster,"Reducing the qubit requirement of Jordan-Wigner encodings of N-mode, K-fermion systems from N to log(N choose K)",,Brent Harrison;Daniel Adamiak;James Whitfield,,,,,,,Tuesday session,,Source: https://qip.iaqi.org/2023/event/13076/page/3897-tuesday-session.html,,,
QIP,2023,poster,Correcting non-independent and non-identically distributed errors with surface codes,,Konstantin Tiurev;Peter-Jan Derks;Joschka Roffe;Jens Eisert;Jan-Michael Reiner,,,,,,,Tuesday session,,Source: https://qip.iaqi.org/2023/event/13076/page/3897-tuesday-session.html,,,
QIP,2023,poster,Relative Entropy Accumulation in von Neumann algebras,,Omar Fawzi;Li Gao;Mizanur Rahaman,,,,,,,Tuesday session,,Source: https://qip.iaqi.org/2023/event/13076/page/3897-tuesday-session.html,,,
QIP,2023,poster,Evaluation of QUBO formulations of the ranking aggregation problem,,Elías Combarro;Raúl Pérez Fernández;José Ranilla;Bernard De Baets,,,,,,,Tuesday session,,Source: https://qip.iaqi.org/2023/event/13076/page/3897-tuesday-session.html,,,
QIP,2023,poster,Continuous Variable Quantum Key Distribution in Multiple-Input Multiple-Output Settings,,Shradhanjali Sahu,,,,,,,Tuesday session,,Source: https://qip.iaqi.org/2023/event/13076/page/3897-tuesday-session.html,,,
QIP,2023,poster,"Distributing Quantum Circuits over Heterogeneous, Modular Quantum Computing Architectures",,Daniel Mills;Pablo Andres-Martinez;Luciana Henaut;Ross Duncan;Kentaro Yamamoto;Tim Forrer;Mio Murao;Jun-Yi Wu,,,,,,,Tuesday session,,Source: https://qip.iaqi.org/2023/event/13076/page/3897-tuesday-session.html,,,
QIP,2023,poster,Efficient decoding schemes for the XYZ$^2$ hexagonal stabilizer code,,Basudha Srivastava;Ben Criger;Hussain Anwar;Anton Frisk Kockum;Mats Granath,,,,,,,Tuesday session,,Source: https://qip.iaqi.org/2023/event/13076/page/3897-tuesday-session.html,,,
QIP,2023,poster,SymboliQ: A Python framework for Symbolic Quantum Computation,,Victory Omole;Bob Sutor,,,,,,,Tuesday session,,Source: https://qip.iaqi.org/2023/event/13076/page/3897-tuesday-session.html,,,
QIP,2023,poster,A Shot-Aware Benchmark for Variational Quantum Eigensolvers,,Cody Fan;Adam Cobb;Susmit Jha,,,,,,,Tuesday session,,Source: https://qip.iaqi.org/2023/event/13076/page/3897-tuesday-session.html,,,
QIP,2023,poster,High-threshold fault-tolerance in measurement-based error correction with tailored fusion circuits,,Kaavya Sahay;Jahan Claes;Shruti Puri,,,,,,,Tuesday session,,Source: https://qip.iaqi.org/2023/event/13076/page/3897-tuesday-session.html,,,
QIP,2023,poster,Optimising graph codes for measurement-based loss tolerance,,Tom Bell;Stefano Paesani,,,,,,,Tuesday session,,Source: https://qip.iaqi.org/2023/event/13076/page/3897-tuesday-session.html,,,
QIP,2023,poster,The domain wall color code,,Konstantin Tiurev;Arthur Pesah;Markus Kesserlring;Joschka Roffe;Peter-Jan Derks;Jens Eisert;Jan-Michael Reiner,,,,,,,Tuesday session,,Source: https://qip.iaqi.org/2023/event/13076/page/3897-tuesday-session.html,,,
QIP,2023,poster,Floquet Code as Code Deformation,,Xiaozhen Fu;Daniel Gottesman,,,,,,,Tuesday session,,Source: https://qip.iaqi.org/2023/event/13076/page/3897-tuesday-session.html,,,
QIP,2023,poster,Optimal Decoding of 1D Low-depth Random-circuit Codes,,Jon Nelson;Michael Gullans;Gregory Bentsen,,,,,,,Tuesday session,,Source: https://qip.iaqi.org/2023/event/13076/page/3897-tuesday-session.html,,,
QIP,2023,poster,Stochastic approximate state conversion for entanglement and general quantum resource theories,,Tulja Varun Kondra;Chandan Datta;Alexander Streltsov,,,,,,,Tuesday session,,Source: https://qip.iaqi.org/2023/event/13076/page/3897-tuesday-session.html,,,
QIP,2023,poster,Using Clifford RSRG-X to investigate resonance proliferation at the transition between many-body localised phases,,Jared Jeyaretnam;Christopher J. Turner;Arijeet Pal,,,,,,,Tuesday session,,Source: https://qip.iaqi.org/2023/event/13076/page/3897-tuesday-session.html,,,
QIP,2023,poster,Observable thermalization in a one-dimensional Ising model,,Lodovico Scarpa;Fabio Anza;Vlatko Vedral,,,,,,,Tuesday session,,Source: https://qip.iaqi.org/2023/event/13076/page/3897-tuesday-session.html,,,
QIP,2023,poster,A Vapor Cavity QED system for quantum computation and communication,,Sharoon Austin;Dhruv Devulapalli;Kunal Sharma;Khoi Hoang;Feng Zhou;Kartik Srinivasan;Alexey Gorshkov,,,,,,,Tuesday session,,Source: https://qip.iaqi.org/2023/event/13076/page/3897-tuesday-session.html,,,
QIP,2023,poster,A diagrammatic approach to local physics using tensor networks and category theory,,Andreas Bauer,,,,,,,Tuesday session,,Source: https://qip.iaqi.org/2023/event/13076/page/3897-tuesday-session.html,,,
QIP,2023,poster,Solving relativistic bound-state problems in QCD with a fault-tolerant quantum computer,,Mason Rhodes;Michael Kreshchuk;Andrew Landahl,,,,,,,Tuesday session,,Source: https://qip.iaqi.org/2023/event/13076/page/3897-tuesday-session.html,,,
QIP,2023,poster,A Fast Renormalization-Group Tensor-Network Decoder for Quantum Low-Density Parity-Check Codes,,Cole Maurer;Andrew Landahl,,,,,,,Tuesday session,,Source: https://qip.iaqi.org/2023/event/13076/page/3897-tuesday-session.html,,,
QIP,2023,poster,On solving combinatorial optimisation problems using Quantum Imaginary Time Evolution (QITE),,Anirban Mukherjee;Nitin Nayak;M Girish Chandra,,,,,,,Tuesday session,,Source: https://qip.iaqi.org/2023/event/13076/page/3897-tuesday-session.html,,,
QIP,2023,poster,Robust Witnesses of Genuine Multiparticle Indistinguishability,,Shawn Geller;Aaron Young;Scott Glancy;Emanuel Knill,,,,,,,Tuesday session,,Source: https://qip.iaqi.org/2023/event/13076/page/3897-tuesday-session.html,,,
QIP,2023,poster,Renormalisation Through The Lens Of Quantum Convolutional Neural Networks,,Nathan McMahon;Petr Zapletal;Michael Hartmann,,,,,,,Tuesday session,,Source: https://qip.iaqi.org/2023/event/13076/page/3897-tuesday-session.html,,,
QIP,2023,poster,Compressive gate set tomography,,Raphael Brieger;Ingo Roth;Martin Kliesch,,,,,,,Tuesday session,,Source: https://qip.iaqi.org/2023/event/13076/page/3897-tuesday-session.html,,,
QIP,2023,poster,Towards a minimal example of quantum nonlocality without inputs and Topologically robust network nonlocality,,Sadra Boreiri;Antoine Girardin;Bora Ulu;Patryk Lipka-Bartosik;Nicolas Brunner;Pavel Sekatski,,,,,,,Tuesday session,,Source: https://qip.iaqi.org/2023/event/13076/page/3897-tuesday-session.html,,,
QIP,2023,poster,Nonlocal network coding in interference channels based on Clauser-Horne-Shimony-Holt game,,Jiyoung Yun;Ashutosh Rai;Joonwoo Bae,,,,,,,Tuesday session,,Source: https://qip.iaqi.org/2023/event/13076/page/3897-tuesday-session.html,,,
QIP,2023,poster,On the Role of Quantum Communication and Loss in Attacks on Quantum Position Verification,,Philip Verduyn Lunel;Rene Allerstorfer;Florian Speelman;Harry Buhrman,,,,,,,Tuesday session,,Source: https://qip.iaqi.org/2023/event/13076/page/3897-tuesday-session.html,,,
QIP,2023,poster,Towards Practical and Error-Robust Quantum Position Verification,,Rene Allerstorfer;Harry Buhrman;Florian Speelman;Philip Verduyn Lunel,,,,,,,Tuesday session,,Source: https://qip.iaqi.org/2023/event/13076/page/3897-tuesday-session.html,,,
QIP,2023,poster,Communication complexity of relations: an orthogonality graph inspired case study,,Sumit Rout;Some Sankar Bhattacharya;Nitica Sakharwade;Paweł Horodecki;Ravishankar Ramanathan,,,,,,,Tuesday session,,Source: https://qip.iaqi.org/2023/event/13076/page/3897-tuesday-session.html,,,
QIP,2023,poster,Entropic Inequalities on Fermionic System,,Tim Möbus;Cambyse Rouzé;Li Gao,,,,,,,Tuesday session,,Source: https://qip.iaqi.org/2023/event/13076/page/3897-tuesday-session.html,,,
QIP,2023,poster,IQP-based Verification of Quantum Computational Advantage: Stabilizer Constructions and Classical Security,,Michael Bremner;Bin Cheng;Zhengfeng Ji,,,,,,,Tuesday session,,Source: https://qip.iaqi.org/2023/event/13076/page/3897-tuesday-session.html,,,
QIP,2023,poster,Gate teleportation based quantum Fourier transform,,Taewan Kim;Yongsoo Hwang;Kyunghyun Baek;Jeongho Bang,,,,,,,Tuesday session,,Source: https://qip.iaqi.org/2023/event/13076/page/3897-tuesday-session.html,,,
QIP,2023,poster,Computational complexity of optimizing defect braiding quantum circuits by reordering qubits,,Kunihiro Wasa;Shin Nishio;Koki Suetsugu;Michael Hanks;Ashley Stephens;Yu Yokoi;Kae Nemoto,,,,,,,Tuesday session,,Source: https://qip.iaqi.org/2023/event/13076/page/3897-tuesday-session.html,,,
QIP,2023,poster,Fixed interval scheduling problem with minimal idle time with an application to music arrangement problem,,Ludmila Botelho;Özlem Salehi,,,,,,,Tuesday session,,Source: https://qip.iaqi.org/2023/event/13076/page/3897-tuesday-session.html,,,
QIP,2023,poster,Deep Spiking Quantum Neural Network for Noisy Image Classification,,Debanjan Konar;Aditya Das Sarma;Soham Bhandary;Attila Cangi,,,,,,,Tuesday session,,Source: https://qip.iaqi.org/2023/event/13076/page/3897-tuesday-session.html,,,
QIP,2023,poster,Easy-to-compute local Clifford invariants for graph states,,Frederik Hahn;Adam Burchardt,,,,,,,Tuesday session,,Source: https://qip.iaqi.org/2023/event/13076/page/3897-tuesday-session.html,,,
QIP,2023,poster,Entanglement-efficient bipartite-distributed quantum computing with entanglement-assisted packing processes,,Jun-Yi Wu;Kosuke Matsui;Timothy Forrer;Akihito Soeda;Pablo Andres-Martinez;Daniel Mills;Luciana Henaut;Mio Murao,,,,,,,Tuesday session,,Source: https://qip.iaqi.org/2023/event/13076/page/3897-tuesday-session.html,,,
QIP,2023,poster,Harnessing non-Hermitian dissipation for quantum control,,Serra Erdamar;Maryam Abbasi;Weijian Chen;Byung Ha;Jacob Muldoon;Yogesh Joglekar;Kater Murch,,,,,,,Tuesday session,,Source: https://qip.iaqi.org/2023/event/13076/page/3897-tuesday-session.html,,,
QIP,2023,poster,High-dimensional Quantum Steering in Networks,,Sophie Egelhaaf;Roope Uola,,,,,,,Tuesday session,,Source: https://qip.iaqi.org/2023/event/13076/page/3897-tuesday-session.html,,,
QIP,2023,poster,Recommender System Expedited Quantum Control Optimization,,Priya Batra,,,,,,,Tuesday session,,Source: https://qip.iaqi.org/2023/event/13076/page/3897-tuesday-session.html,,,
QIP,2023,poster,Stabilizer codes for Open Quantum Systems,,Francisco Revson Fernandes Pereira;Stefano Mancini;Giuliano Gadioli La Guardia,,,,,,,Tuesday session,,Source: https://qip.iaqi.org/2023/event/13076/page/3897-tuesday-session.html,,,
QIP,2023,poster,Particle Tracking with Noisy Intermediate-Scale Quantum Computers,,Tim Schwägerl;Cigdem Issever;Karl Jansen,,,,,,,Tuesday session,,Source: https://qip.iaqi.org/2023/event/13076/page/3897-tuesday-session.html,,,
QIP,2023,poster,Quantum error correction with dissipatively stabilized squeezed cat qubits,,Timo Hillmann;Fernando Quijandría,,,,,,,Tuesday session,,Source: https://qip.iaqi.org/2023/event/13076/page/3897-tuesday-session.html,,,
QIP,2023,poster,Speedups for near- and long-term Hamiltonian simulation via fermionic labelling,,Mitchell Chiew;Sergii Strelchuk,,,,,,,Tuesday session,,Source: https://qip.iaqi.org/2023/event/13076/page/3897-tuesday-session.html,,,
QIP,2023,poster,Hamiltonian Formulation of the Schwinger Model with Wilson Fermions,,Takis Angelides;Karl Jansen;Lena Funcke;Stefan Kühn,,,,,,,Tuesday session,,Source: https://qip.iaqi.org/2023/event/13076/page/3897-tuesday-session.html,,,
QIP,2023,poster,Quantum Algorithms for Atomistic and Continuous Models in Electrochemistry,,Alejandro Somoza;Albert Pool;Konstantin Lamp;Marina Walt;Giorgio Silvi;Michael Lubasch;Birger Horstmann,,,,,,,Tuesday session,,Source: https://qip.iaqi.org/2023/event/13076/page/3897-tuesday-session.html,,,
QIP,2023,poster,Optimization of gate-based implementation of algorithms that are based on quantum walks,,Maksims Dimitrijevs;Andris Ambainis,,,,,,,Tuesday session,,Source: https://qip.iaqi.org/2023/event/13076/page/3897-tuesday-session.html,,,
QIP,2023,poster,Design Constraints for Unruh-DeWitt Quantum Computers,,Eric Aspling;Michael Lawler;John Marohn,,,,,,,Tuesday session,,Source: https://qip.iaqi.org/2023/event/13076/page/3897-tuesday-session.html,,,
QIP,2023,poster,Variational quantum algorithms to resolve berry phases in quantum chemistry,,Emiel Koridon;Stefano Polla,,,,,,,Tuesday session,,Source: https://qip.iaqi.org/2023/event/13076/page/3897-tuesday-session.html,,,
QIP,2023,poster,Contextuality and memory cost of simulation of Majorana fermions,,Susane Calegari;Juani Bermejo-Vega;Michał Oszmaniec,,,,,,,Tuesday session,,Source: https://qip.iaqi.org/2023/event/13076/page/3897-tuesday-session.html,,,
QIP,2023,poster,Method for the visualization of multi-qubit systems pure states,,Alice Barthe;Vedran Dunjko;Jordi Tura;Michele Grossi,,,,,,,Tuesday session,,Source: https://qip.iaqi.org/2023/event/13076/page/3897-tuesday-session.html,,,
QIP,2023,poster,An elegant proof of self-testing for multipartite Bell inequalities,,Ekta Panwar;Palash Pandya;Marcin Wiesniak,,,,,,,Tuesday session,,Source: https://qip.iaqi.org/2023/event/13076/page/3897-tuesday-session.html,,,
QIP,2023,poster,A quantum algorithm for the orthogonal matching pursuit,,Armando Bellante;Stefano Vanerio;Stefano Zanero,,,,,,,Tuesday session,,Source: https://qip.iaqi.org/2023/event/13076/page/3897-tuesday-session.html,,,
QIP,2023,poster,Evaluation of training methods for Quantum Reinforcement Learning,,Georg Kruse;Andreas Rosskopf,,,,,,,Tuesday session,,Source: https://qip.iaqi.org/2023/event/13076/page/3897-tuesday-session.html,,,
QIP,2023,poster,Optimising option pricing quantum algorithms based on variational quantum simulation through rigorous error estimates,,David Dechant;Jordi Tura;Vedran Dunjko,,,,,,,Tuesday session,,Source: https://qip.iaqi.org/2023/event/13076/page/3897-tuesday-session.html,,,
QIP,2023,poster,Algebraic Bethe Circuits,,Alejandro Sopena;Max Hunter-Gordon;Diego García-Martín;Germán Sierra;Esperanza López,,,,,,,Tuesday session,,Source: https://qip.iaqi.org/2023/event/13076/page/3897-tuesday-session.html,,,
QIP,2023,poster,Information scrambling in non-KAM quantum systems with application to quantum metrology.,,Naga Dileep Varikuti;Abinash Sahu;Arul Lakshminarayan;Vaibhav Madhok,,,,,,,Tuesday session,,Source: https://qip.iaqi.org/2023/event/13076/page/3897-tuesday-session.html,,,
QIP,2023,poster,Numerical evidence for exponential speed-up of QAOA over unstructured search for approximate constrained optimization,,John Golden;Andreas Bärtschi;Stephan Eidenbenz;Daniel O'Malley,,,,,,,Tuesday session,,Source: https://qip.iaqi.org/2023/event/13076/page/3897-tuesday-session.html,,,
QIP,2023,poster,Generating Approximate Ground States of Molecules using Using Quantum Machine Learning,,Jack Ceroni;Torin Stetina;Maria Kieferova;Carlos Ortiz Marrero;Juan Miguel Arrazola;Nathan Wiebe,,,,,,,Tuesday session,,Source: https://qip.iaqi.org/2023/event/13076/page/3897-tuesday-session.html,,,
QIP,2023,poster,Quantum Data-Syndrome Subsystem Codes,,Andrew Nemec,,,,,,,Tuesday session,,Source: https://qip.iaqi.org/2023/event/13076/page/3897-tuesday-session.html,,,
QIP,2023,poster,Spatial Search on Lattices with Continuous Time Quantum Walks,,Dhruv Devulapalli;Andrew Childs,,,,,,,Tuesday session,,Source: https://qip.iaqi.org/2023/event/13076/page/3897-tuesday-session.html,,,
QIP,2023,poster,Quantum Defect Analyzer (QDA): An experimental analysis,,Meghashrita Das;Biswajit Basu;Pabitra Mitra,,,,,,,Tuesday session,,Source: https://qip.iaqi.org/2023/event/13076/page/3897-tuesday-session.html,,,
QIP,2023,poster,Correcting coherent and readout errors in the surface code,,Áron Márton;Janos Asboth,,,,,,,Tuesday session,,Source: https://qip.iaqi.org/2023/event/13076/page/3897-tuesday-session.html,,,
QIP,2023,poster,OPTRAN: Choosing an Optimal Pass Set for Quantum Transpilation,,Siddharth Dangwal;Gokul Subramanian Ravi;Frederic T. Chong,,,,,,,Tuesday session,,Source: https://qip.iaqi.org/2023/event/13076/page/3897-tuesday-session.html,,,
QIP,2023,poster,Verifying the activation of bipartite quantum correlations,,Jonathan Steinberg;H. Chau Nguyen;Matthias Kleinmann,,,,,,,Tuesday session,,Source: https://qip.iaqi.org/2023/event/13076/page/3897-tuesday-session.html,,,
QIP,2023,poster,Heuristic Cost-Efficient Readout Error Mitigation,,Ákos Budai;Zoltán Zimborás;András Pályi,,,,,,,Tuesday session,,Source: https://qip.iaqi.org/2023/event/13076/page/3897-tuesday-session.html,,,
QIP,2023,poster,Entanglement and Coherence in Bernstein-Vazirani algorithm,,Moein Naseri;Tulja Varun Kondra;Suchetana Goswami;Marco Fellous-Asiani;Alexander Streltsov,,,,,,,Tuesday session,,Source: https://qip.iaqi.org/2023/event/13076/page/3897-tuesday-session.html,,,
QIP,2023,poster,Distance-preserving flag fault-tolerant protocols for planar color codes of distance 9,,Balint Pato;Theerapat Tansuwannont;Shilin Huang;Kenneth R. Brown,,,,,,,Tuesday session,,Source: https://qip.iaqi.org/2023/event/13076/page/3897-tuesday-session.html,,,
QIP,2023,poster,Extending matchgate simulation methods to universal quantum circuits,,Avinash Mocherla,,,,,,,Tuesday session,,Source: https://qip.iaqi.org/2023/event/13076/page/3897-tuesday-session.html,,,
QIP,2023,poster,Fast quantum state reconstruction via accelerated non-convex programming,,Junhyung Lyle Kim;George Kollias;Amir Kalev;Ken X. Wei;Anastasios Kyrillidis,,,,,,,Tuesday session,,Source: https://qip.iaqi.org/2023/event/13076/page/3897-tuesday-session.html,,,
QIP,2023,poster,Minimum Entanglement Protocols for Function Estimation,,Adam Ehrenberg;Jacob Bringewatt;Alexey Gorshkov,,,,,,,Tuesday session,,Source: https://qip.iaqi.org/2023/event/13076/page/3897-tuesday-session.html,,,
QIP,2023,poster,Efficient learning and benchmarking of readout noise cross-talk models in near-term quantum devices,,Jan Tuziemski;Filip Maciejewski;Joanna Majsak;Oskar Słowik;Michał Oszmaniec,,,,,,,Tuesday session,,Source: https://qip.iaqi.org/2023/event/13076/page/3897-tuesday-session.html,,,
QIP,2023,poster,Quantum Enhanced and Verified Exascale Computing (QEVEC),,Viv Kendon,,,,,,,Tuesday session,,Source: https://qip.iaqi.org/2023/event/13076/page/3897-tuesday-session.html,,,
QIP,2023,poster,Classical Splitting of Parametrized Quantum Circuits,,Cenk Tüysüz;Giuseppe Clemente;Arianna Crippa;Tobias Hartung;Stefan Kühn;Karl Jansen,,,,,,,Tuesday session,,Source: https://qip.iaqi.org/2023/event/13076/page/3897-tuesday-session.html,,,
QIP,2023,poster,Parallelization of Sequential Quantum Channel Discrimination in the Non-Asymptotic Regime,,Bjarne Bergh;Nilanjana Datta;Robert Salzmann;Mark Wilde,,,,,,,Tuesday session,,Source: https://qip.iaqi.org/2023/event/13076/page/3897-tuesday-session.html,,,
QIP,2023,poster,Multivariate quantum signal processing may be more difficult than we thought,,Balazs Nemeth;Blanka Kover;Boglarka Kulcsar;Roland Botond Miklosi,,,,,,,Tuesday session,,Source: https://qip.iaqi.org/2023/event/13076/page/3897-tuesday-session.html,,,
QIP,2023,poster,Quantum simulation with Rydberg qutrits,,Toonyawat Angkhanawin,,,,,,,Tuesday session,,Source: https://qip.iaqi.org/2023/event/13076/page/3897-tuesday-session.html,,,
QIP,2023,poster,Improved decoding of quantum LDPC codes using neural-network enhanced belief propagation,,Bohan Lu;Arthur Pesah;Joschka Roffe;Nithin Raveendran,,,,,,,Tuesday session,,Source: https://qip.iaqi.org/2023/event/13076/page/3897-tuesday-session.html,,,
QIP,2023,poster,Quantum Algorithm for Path-Edge Sampling,,Stacey Jeffery;Shelby Kimmel;Alvaro Piedrafita,,,,,,,Tuesday session,,Source: https://qip.iaqi.org/2023/event/13076/page/3897-tuesday-session.html,,,
QIP,2023,poster,Optimizing quantum circuits with Riemannian gradient flow,,Roeland Wiersema,,,,,,,Tuesday session,,Source: https://qip.iaqi.org/2023/event/13076/page/3897-tuesday-session.html,,,
QIP,2023,poster,Adventures in Building Qudit Circuits,,Lia Yeh;John van de Wetering,,,,,,,Tuesday session,,Source: https://qip.iaqi.org/2023/event/13076/page/3897-tuesday-session.html,,,
QIP,2023,poster,"Completeness for arbitrary finite dimensions of ZXW-calculus, a unifying calculus",,Boldizsár Poór;Quanlong Wang;Razin Shaikh;Lia Yeh;Richie Yeung;Bob Coecke,,,,,,,Tuesday session,,Source: https://qip.iaqi.org/2023/event/13076/page/3897-tuesday-session.html,,,
QIP,2023,poster,Multi Party Quantum Clock Synchronization,,Manon Bart;Ryan Glasser,,,,,,,Tuesday session,,Source: https://qip.iaqi.org/2023/event/13076/page/3897-tuesday-session.html,,,
QIP,2023,poster,Symmetry Adapted Trotter Decomposition for the Simulation of Heisenberg Model on IBM Quantum Devices,,Bo Yang;Naoki Negishi,,,,,,,Tuesday session,,Source: https://qip.iaqi.org/2023/event/13076/page/3897-tuesday-session.html,,,
QIP,2023,poster,Fast-mixing results of quantum Monte Carlo methods for antiferromagnetic Heisenberg model on bipartite graphs,,Jun Takahashi;Samuel Slezak;Elizabeth Crosson,,,,,,,Tuesday session,,Source: https://qip.iaqi.org/2023/event/13076/page/3897-tuesday-session.html,,,
QIP,2023,poster,Resource-efficient Generalized Subspace Expansion,,Bo Yang;Kaoru Yamamoto;Hiroyuki Harada;Yuuki Tokunaga;Nobuyuki Yoshioka;Suguru Endo,,,,,,,Tuesday session,,Source: https://qip.iaqi.org/2023/event/13076/page/3897-tuesday-session.html,,,
QIP,2023,poster,Koopman Operator learning for Accelerating Quantum Optimization and Machine Learning,,Di Luo;Jiayu Shen;Rumen Dangovski;Marin Soljacic,,,,,,,Tuesday session,,Source: https://qip.iaqi.org/2023/event/13076/page/3897-tuesday-session.html,,,
QIP,2023,poster,Lower bounds on learning Pauli channels,,Aadil Oufkir;Omar Fawzi;Daniel Stilck Franca,,,,,,,Tuesday session,,Source: https://qip.iaqi.org/2023/event/13076/page/3897-tuesday-session.html,,,
QIP,2023,poster,Volumetric Benchmarking of Error Mitigation with Qermit,,Cristina Cirstoiu;Daniel Mills;Silas Dilkes;Seyon Sivarajah;Ross Duncan,,,,,,,Tuesday session,,Source: https://qip.iaqi.org/2023/event/13076/page/3897-tuesday-session.html,,,
QIP,2023,poster,Synthesis of and compilation with time-optimal multi-qubit gates,,Pascal Baßler;Matthias Zipper;Christopher Cedzich;Markus Heinrich;Patrick Huber;Michael Johanning;Martin Kliesch,,,,,,,Tuesday session,,Source: https://qip.iaqi.org/2023/event/13076/page/3897-tuesday-session.html,,,
QIP,2023,poster,Widening Simon-based Attacks,,Paul Frixons;María Naya-Plasencia;André Chailloux;Ritam Bhaumik,,,,,,,Tuesday session,,Source: https://qip.iaqi.org/2023/event/13076/page/3897-tuesday-session.html,,,
QIP,2023,poster,Unveiling Quantum Entanglement in Many-Body Systems from Partial Information,,Flavio Baccari;Irenee Frerot;Antonio Acin,,,,,,,Tuesday session,,Source: https://qip.iaqi.org/2023/event/13076/page/3897-tuesday-session.html,,,
QIP,2023,poster,Piquasso: A Photonic Quantum Computer Simulation Software Platform,,Zoltán Kolarovszki;Tomasz Rybotycki;Péter Rakyta;Ágoston Kaposi;Boldizsár Poór;Szabolcs Jóczik;Kareem H. El-Safty;Gregory Morse;Gábor Németh;Dániel Nagy;Zsófia Kallus;Michał Oszmaniec;Tamás Kozsik;Zoltán Zimborás,,,,,,,Tuesday session,,Source: https://qip.iaqi.org/2023/event/13076/page/3897-tuesday-session.html,,,
QIP,2023,poster,Addressable quantum gates,,Pablo Arrighi;Christopher Cedzich;Marin Costes;Ulysse Rémond;Benoît Valiron,,,,,,,Tuesday session,,Source: https://qip.iaqi.org/2023/event/13076/page/3897-tuesday-session.html,,,
